mode: set
github.com/kubeedge/kubeedge/edge/pkg/common/cloudconnection/cloud_connection.go:44.37,48.2 3 0
github.com/kubeedge/kubeedge/edge/pkg/common/cloudconnection/cloud_connection.go:51.25,55.2 3 0
github.com/kubeedge/kubeedge/edge/pkg/common/message/message.go:31.108,34.2 2 1
github.com/kubeedge/kubeedge/edge/pkg/common/message/message.go:38.91,40.30 2 1
github.com/kubeedge/kubeedge/edge/pkg/common/message/message.go:40.30,42.3 1 1
github.com/kubeedge/kubeedge/edge/pkg/common/message/message.go:42.8,42.114 1 1
github.com/kubeedge/kubeedge/edge/pkg/common/message/message.go:42.114,44.3 1 1
github.com/kubeedge/kubeedge/edge/pkg/common/message/message.go:45.2,45.125 1 1
github.com/kubeedge/kubeedge/edge/pkg/common/message/nodetask.go:31.77,35.2 2 0
github.com/kubeedge/kubeedge/edge/pkg/common/message/nodetask.go:39.82,44.2 2 0
github.com/kubeedge/kubeedge/edge/pkg/common/util/config.go:37.90,55.16 3 0
github.com/kubeedge/kubeedge/edge/pkg/common/util/config.go:55.16,57.3 1 0
github.com/kubeedge/kubeedge/edge/pkg/common/util/config.go:58.2,62.16 4 0
github.com/kubeedge/kubeedge/edge/pkg/common/util/config.go:62.16,64.3 1 0
github.com/kubeedge/kubeedge/edge/pkg/common/util/config.go:65.2,66.16 2 0
github.com/kubeedge/kubeedge/edge/pkg/common/util/config.go:66.16,68.3 1 0
github.com/kubeedge/kubeedge/edge/pkg/common/util/config.go:69.2,74.16 4 0
github.com/kubeedge/kubeedge/edge/pkg/common/util/config.go:74.16,76.3 1 0
github.com/kubeedge/kubeedge/edge/pkg/common/util/config.go:77.2,82.59 2 0
github.com/kubeedge/kubeedge/edge/pkg/common/util/config.go:86.59,89.16 2 0
github.com/kubeedge/kubeedge/edge/pkg/common/util/config.go:89.16,91.3 1 0
github.com/kubeedge/kubeedge/edge/pkg/common/util/config.go:93.2,93.15 1 0
github.com/kubeedge/kubeedge/edge/pkg/common/util/config.go:93.15,95.17 2 0
github.com/kubeedge/kubeedge/edge/pkg/common/util/config.go:95.17,97.4 1 0
github.com/kubeedge/kubeedge/edge/pkg/common/util/config.go:100.2,100.36 1 0
github.com/kubeedge/kubeedge/edge/pkg/common/util/network_unix.go:32.55,33.16 1 1
github.com/kubeedge/kubeedge/edge/pkg/common/util/network_unix.go:33.16,35.3 1 1
github.com/kubeedge/kubeedge/edge/pkg/common/util/network_unix.go:36.2,40.24 2 1
github.com/kubeedge/kubeedge/edge/pkg/devicetwin/dmicache/dmicache.go:44.30,54.2 1 1
github.com/kubeedge/kubeedge/edge/pkg/devicetwin/dmicache/dmicache.go:57.60,61.2 3 1
github.com/kubeedge/kubeedge/edge/pkg/devicetwin/dmicache/dmicache.go:64.73,69.2 4 1
github.com/kubeedge/kubeedge/edge/pkg/devicetwin/dmicache/dmicache.go:72.53,76.2 3 1
github.com/kubeedge/kubeedge/edge/pkg/devicetwin/dmicache/dmicache.go:79.76,84.2 4 1
github.com/kubeedge/kubeedge/edge/pkg/devicetwin/dmicache/dmicache.go:87.95,93.2 5 1
github.com/kubeedge/kubeedge/edge/pkg/devicetwin/dmicache/dmicache.go:96.69,101.2 4 1
github.com/kubeedge/kubeedge/edge/pkg/devicetwin/dmicache/dmicache.go:104.61,109.2 4 1
github.com/kubeedge/kubeedge/edge/pkg/devicetwin/dmicache/dmicache.go:112.118,117.13 5 1
github.com/kubeedge/kubeedge/edge/pkg/devicetwin/dmicache/dmicache.go:117.13,119.3 1 1
github.com/kubeedge/kubeedge/edge/pkg/devicetwin/dmicache/dmicache.go:121.2,125.44 3 1
github.com/kubeedge/kubeedge/edge/pkg/devicetwin/dmicache/dmicache.go:125.44,127.3 1 1
github.com/kubeedge/kubeedge/edge/pkg/devicetwin/dmicache/dmicache.go:129.2,130.16 2 1
github.com/kubeedge/kubeedge/edge/pkg/devicetwin/dmicache/dmicache.go:130.16,132.3 1 1
github.com/kubeedge/kubeedge/edge/pkg/devicetwin/dmicache/dmicache.go:134.2,134.37 1 1
github.com/kubeedge/kubeedge/edge/pkg/devicetwin/dmicache/dmicache.go:137.48,141.44 4 1
github.com/kubeedge/kubeedge/edge/pkg/devicetwin/dmicache/dmicache.go:141.44,143.3 1 1
github.com/kubeedge/kubeedge/edge/pkg/devicetwin/dmicache/dmicache.go:144.2,144.18 1 1
github.com/kubeedge/kubeedge/edge/pkg/devicetwin/dmicache/dmicache.go:148.64,153.2 4 1
github.com/kubeedge/kubeedge/edge/pkg/devicetwin/dmicache/dmicache.go:156.84,162.28 5 1
github.com/kubeedge/kubeedge/edge/pkg/devicetwin/dmicache/dmicache.go:162.28,166.54 3 1
github.com/kubeedge/kubeedge/edge/pkg/devicetwin/dmicache/dmicache.go:166.54,168.4 1 1
github.com/kubeedge/kubeedge/edge/pkg/devicetwin/dmicache/dmicache.go:169.3,169.54 1 1
github.com/kubeedge/kubeedge/edge/pkg/devicetwin/dmicache/dmicache.go:169.54,171.4 1 1
github.com/kubeedge/kubeedge/edge/pkg/devicetwin/dmicache/dmicache.go:173.3,173.51 1 1
github.com/kubeedge/kubeedge/edge/pkg/devicetwin/dmicache/dmicache.go:173.51,175.4 1 1
github.com/kubeedge/kubeedge/edge/pkg/devicetwin/dmicache/dmicache.go:176.3,176.51 1 1
github.com/kubeedge/kubeedge/edge/pkg/devicetwin/dmicache/dmicache.go:176.51,178.4 1 1
github.com/kubeedge/kubeedge/edge/pkg/devicetwin/dmicache/dmicache.go:180.3,180.42 1 1
github.com/kubeedge/kubeedge/edge/pkg/devicetwin/dmicache/dmicache.go:180.42,184.4 3 1
github.com/kubeedge/kubeedge/edge/pkg/devicetwin/dmicache/dmicache.go:187.2,187.13 1 1
github.com/kubeedge/kubeedge/edge/pkg/devicetwin/dmicache/dmicache.go:191.127,192.39 1 1
github.com/kubeedge/kubeedge/edge/pkg/devicetwin/dmicache/dmicache.go:192.39,194.3 1 1
github.com/kubeedge/kubeedge/edge/pkg/devicetwin/dmicache/dmicache.go:197.2,201.9 5 1
github.com/kubeedge/kubeedge/edge/pkg/devicetwin/dmicache/dmicache.go:201.9,203.3 1 1
github.com/kubeedge/kubeedge/edge/pkg/devicetwin/dmicache/dmicache.go:205.2,212.40 4 1
github.com/kubeedge/kubeedge/edge/pkg/devicetwin/dmicache/dmicache.go:212.40,216.101 2 1
github.com/kubeedge/kubeedge/edge/pkg/devicetwin/dmicache/dmicache.go:216.101,218.33 1 1
github.com/kubeedge/kubeedge/edge/pkg/devicetwin/dmicache/dmicache.go:218.33,222.5 3 1
github.com/kubeedge/kubeedge/edge/pkg/devicetwin/dmicache/dmicache.go:227.2,227.50 1 1
github.com/kubeedge/kubeedge/edge/pkg/devicetwin/dmicache/dmicache.go:227.50,231.94 2 1
github.com/kubeedge/kubeedge/edge/pkg/devicetwin/dmicache/dmicache.go:231.94,233.91 1 1
github.com/kubeedge/kubeedge/edge/pkg/devicetwin/dmicache/dmicache.go:233.91,235.67 1 1
github.com/kubeedge/kubeedge/edge/pkg/devicetwin/dmicache/dmicache.go:235.67,237.6 1 1
github.com/kubeedge/kubeedge/edge/pkg/devicetwin/dmicache/dmicache.go:238.5,238.123 1 1
github.com/kubeedge/kubeedge/edge/pkg/devicetwin/dmicache/dmicache.go:239.10,243.5 2 1
github.com/kubeedge/kubeedge/edge/pkg/devicetwin/dmicache/dmicache.go:250.2,254.48 3 1
github.com/kubeedge/kubeedge/edge/pkg/devicetwin/dmicache/dmicache.go:254.48,256.3 1 1
github.com/kubeedge/kubeedge/edge/pkg/devicetwin/dmicache/dmicache.go:259.2,259.73 1 1
github.com/kubeedge/kubeedge/edge/pkg/devicetwin/dmicache/dmicache.go:259.73,260.92 1 1
github.com/kubeedge/kubeedge/edge/pkg/devicetwin/dmicache/dmicache.go:260.92,262.56 1 1
github.com/kubeedge/kubeedge/edge/pkg/devicetwin/dmicache/dmicache.go:262.56,264.5 1 1
github.com/kubeedge/kubeedge/edge/pkg/devicetwin/dmicache/dmicache.go:265.4,265.92 1 1
github.com/kubeedge/kubeedge/edge/pkg/devicetwin/dmicache/dmicache.go:266.9,270.4 2 1
github.com/kubeedge/kubeedge/edge/pkg/devicetwin/dmicache/dmicache.go:273.2,273.33 1 1
github.com/kubeedge/kubeedge/edge/pkg/devicetwin/dmicache/dmicache.go:277.96,278.28 1 1
github.com/kubeedge/kubeedge/edge/pkg/devicetwin/dmicache/dmicache.go:278.28,279.33 1 1
github.com/kubeedge/kubeedge/edge/pkg/devicetwin/dmicache/dmicache.go:279.33,281.4 1 1
github.com/kubeedge/kubeedge/edge/pkg/devicetwin/dmicache/dmicache.go:283.2,283.12 1 1
github.com/kubeedge/kubeedge/edge/pkg/devicetwin/dmicache/dmicache.go:288.47,289.25 1 1
github.com/kubeedge/kubeedge/edge/pkg/devicetwin/dmicache/dmicache.go:290.30,292.26 2 1
github.com/kubeedge/kubeedge/edge/pkg/devicetwin/dmicache/dmicache.go:292.26,294.4 1 1
github.com/kubeedge/kubeedge/edge/pkg/devicetwin/dmicache/dmicache.go:295.3,295.16 1 1
github.com/kubeedge/kubeedge/edge/pkg/devicetwin/dmicache/dmicache.go:296.21,298.26 2 1
github.com/kubeedge/kubeedge/edge/pkg/devicetwin/dmicache/dmicache.go:298.26,300.4 1 1
github.com/kubeedge/kubeedge/edge/pkg/devicetwin/dmicache/dmicache.go:301.3,301.18 1 1
github.com/kubeedge/kubeedge/edge/pkg/devicetwin/dmicache/dmicache.go:302.10,303.13 1 1
github.com/kubeedge/kubeedge/edge/pkg/devicetwin/dmicache/dmicache.go:308.85,309.16 1 1
github.com/kubeedge/kubeedge/edge/pkg/devicetwin/dmicache/dmicache.go:309.16,311.3 1 1
github.com/kubeedge/kubeedge/edge/pkg/devicetwin/dmicache/dmicache.go:312.2,313.21 2 1
github.com/kubeedge/kubeedge/edge/pkg/devicetwin/dmicache/dmicache.go:313.21,315.3 1 1
github.com/kubeedge/kubeedge/edge/pkg/devicetwin/dmicache/dmicache.go:317.2,318.35 2 1
github.com/kubeedge/kubeedge/edge/pkg/devicetwin/dmicache/dmicache.go:318.35,320.3 1 1
github.com/kubeedge/kubeedge/edge/pkg/devicetwin/dmicache/dmicache.go:321.2,321.11 1 1
github.com/kubeedge/kubeedge/edge/pkg/devicetwin/devicetwin.go:25.45,31.2 1 1
github.com/kubeedge/kubeedge/edge/pkg/devicetwin/devicetwin.go:34.65,38.2 3 0
github.com/kubeedge/kubeedge/edge/pkg/devicetwin/devicetwin.go:41.37,43.2 1 1
github.com/kubeedge/kubeedge/edge/pkg/devicetwin/devicetwin.go:46.38,48.2 1 1
github.com/kubeedge/kubeedge/edge/pkg/devicetwin/devicetwin.go:51.37,53.2 1 1
github.com/kubeedge/kubeedge/edge/pkg/devicetwin/devicetwin.go:55.65,56.66 1 0
github.com/kubeedge/kubeedge/edge/pkg/devicetwin/devicetwin.go:56.66,58.3 1 0
github.com/kubeedge/kubeedge/edge/pkg/devicetwin/devicetwin.go:59.2,62.3 1 0
github.com/kubeedge/kubeedge/edge/pkg/devicetwin/devicetwin.go:66.31,70.16 4 1
github.com/kubeedge/kubeedge/edge/pkg/devicetwin/devicetwin.go:70.16,73.3 2 0
github.com/kubeedge/kubeedge/edge/pkg/devicetwin/devicetwin.go:74.2,74.20 1 1
github.com/kubeedge/kubeedge/edge/pkg/devicetwin/process.go:37.4,39.3 1 0
github.com/kubeedge/kubeedge/edge/pkg/devicetwin/process.go:43.53,53.2 5 1
github.com/kubeedge/kubeedge/edge/pkg/devicetwin/process.go:56.58,58.9 2 1
github.com/kubeedge/kubeedge/edge/pkg/devicetwin/process.go:58.9,60.3 1 1
github.com/kubeedge/kubeedge/edge/pkg/devicetwin/process.go:62.2,63.37 2 1
github.com/kubeedge/kubeedge/edge/pkg/devicetwin/process.go:63.37,66.80 3 1
github.com/kubeedge/kubeedge/edge/pkg/devicetwin/process.go:66.80,69.4 2 1
github.com/kubeedge/kubeedge/edge/pkg/devicetwin/process.go:70.3,70.13 1 1
github.com/kubeedge/kubeedge/edge/pkg/devicetwin/process.go:72.2,72.28 1 1
github.com/kubeedge/kubeedge/edge/pkg/devicetwin/process.go:72.28,74.3 1 1
github.com/kubeedge/kubeedge/edge/pkg/devicetwin/process.go:76.2,76.28 1 0
github.com/kubeedge/kubeedge/edge/pkg/devicetwin/process.go:76.28,78.3 1 0
github.com/kubeedge/kubeedge/edge/pkg/devicetwin/process.go:80.2,80.65 1 0
github.com/kubeedge/kubeedge/edge/pkg/devicetwin/process.go:80.65,83.68 2 0
github.com/kubeedge/kubeedge/edge/pkg/devicetwin/process.go:83.68,85.4 1 0
github.com/kubeedge/kubeedge/edge/pkg/devicetwin/process.go:86.8,90.3 3 0
github.com/kubeedge/kubeedge/edge/pkg/devicetwin/process.go:92.2,92.12 1 0
github.com/kubeedge/kubeedge/edge/pkg/devicetwin/process.go:95.27,108.2 12 1
github.com/kubeedge/kubeedge/edge/pkg/devicetwin/process.go:110.28,127.2 15 0
github.com/kubeedge/kubeedge/edge/pkg/devicetwin/process.go:130.53,133.21 3 1
github.com/kubeedge/kubeedge/edge/pkg/devicetwin/process.go:133.21,136.3 2 1
github.com/kubeedge/kubeedge/edge/pkg/devicetwin/process.go:137.2,137.17 1 1
github.com/kubeedge/kubeedge/edge/pkg/devicetwin/process.go:137.17,140.3 2 1
github.com/kubeedge/kubeedge/edge/pkg/devicetwin/process.go:141.2,141.30 1 1
github.com/kubeedge/kubeedge/edge/pkg/devicetwin/process.go:141.30,143.17 2 1
github.com/kubeedge/kubeedge/edge/pkg/devicetwin/process.go:143.17,144.12 1 1
github.com/kubeedge/kubeedge/edge/pkg/devicetwin/process.go:147.2,147.12 1 1
github.com/kubeedge/kubeedge/edge/pkg/devicetwin/process.go:151.80,154.12 3 1
github.com/kubeedge/kubeedge/edge/pkg/devicetwin/process.go:154.12,157.3 2 1
github.com/kubeedge/kubeedge/edge/pkg/devicetwin/process.go:159.2,163.16 4 1
github.com/kubeedge/kubeedge/edge/pkg/devicetwin/process.go:163.16,166.3 2 1
github.com/kubeedge/kubeedge/edge/pkg/devicetwin/process.go:167.2,167.23 1 1
github.com/kubeedge/kubeedge/edge/pkg/devicetwin/process.go:167.23,169.3 1 1
github.com/kubeedge/kubeedge/edge/pkg/devicetwin/process.go:170.2,173.16 3 1
github.com/kubeedge/kubeedge/edge/pkg/devicetwin/process.go:173.16,176.3 2 1
github.com/kubeedge/kubeedge/edge/pkg/devicetwin/process.go:177.2,181.16 4 1
github.com/kubeedge/kubeedge/edge/pkg/devicetwin/process.go:181.16,184.3 2 1
github.com/kubeedge/kubeedge/edge/pkg/devicetwin/process.go:185.2,197.12 4 1
github.com/kubeedge/kubeedge/edge/pkg/devicetwin/process.go:200.50,201.27 1 1
github.com/kubeedge/kubeedge/edge/pkg/devicetwin/process.go:201.27,203.3 1 1
github.com/kubeedge/kubeedge/edge/pkg/devicetwin/process.go:204.2,207.44 4 1
github.com/kubeedge/kubeedge/edge/pkg/devicetwin/process.go:207.44,211.17 4 1
github.com/kubeedge/kubeedge/edge/pkg/devicetwin/process.go:211.17,213.4 1 1
github.com/kubeedge/kubeedge/edge/pkg/devicetwin/process.go:214.3,218.28 4 1
github.com/kubeedge/kubeedge/edge/pkg/devicetwin/process.go:218.28,219.67 1 1
github.com/kubeedge/kubeedge/edge/pkg/devicetwin/process.go:219.67,221.5 1 1
github.com/kubeedge/kubeedge/edge/pkg/devicetwin/process.go:221.10,221.77 1 1
github.com/kubeedge/kubeedge/edge/pkg/devicetwin/process.go:221.77,223.5 1 1
github.com/kubeedge/kubeedge/edge/pkg/devicetwin/process.go:223.10,225.5 1 1
github.com/kubeedge/kubeedge/edge/pkg/devicetwin/process.go:226.9,230.56 4 1
github.com/kubeedge/kubeedge/edge/pkg/devicetwin/process.go:230.56,232.5 1 1
github.com/kubeedge/kubeedge/edge/pkg/devicetwin/process.go:233.4,237.57 5 1
github.com/kubeedge/kubeedge/edge/pkg/devicetwin/process.go:237.57,239.5 1 1
github.com/kubeedge/kubeedge/edge/pkg/devicetwin/process.go:239.10,241.5 1 0
github.com/kubeedge/kubeedge/edge/pkg/devicetwin/process.go:243.3,247.14 5 1
github.com/kubeedge/kubeedge/edge/pkg/devicetwin/process.go:248.8,248.114 1 1
github.com/kubeedge/kubeedge/edge/pkg/devicetwin/process.go:248.114,249.37 1 1
github.com/kubeedge/kubeedge/edge/pkg/devicetwin/process.go:250.15,251.73 1 0
github.com/kubeedge/kubeedge/edge/pkg/devicetwin/process.go:252.11,254.18 2 1
github.com/kubeedge/kubeedge/edge/pkg/devicetwin/process.go:254.18,256.5 1 0
github.com/kubeedge/kubeedge/edge/pkg/devicetwin/process.go:257.4,257.33 1 1
github.com/kubeedge/kubeedge/edge/pkg/devicetwin/process.go:259.3,259.73 1 1
github.com/kubeedge/kubeedge/edge/pkg/devicetwin/process.go:259.73,262.4 2 1
github.com/kubeedge/kubeedge/edge/pkg/devicetwin/process.go:262.9,262.73 1 1
github.com/kubeedge/kubeedge/edge/pkg/devicetwin/process.go:262.73,265.4 2 1
github.com/kubeedge/kubeedge/edge/pkg/devicetwin/process.go:265.9,265.81 1 1
github.com/kubeedge/kubeedge/edge/pkg/devicetwin/process.go:265.81,270.4 4 1
github.com/kubeedge/kubeedge/edge/pkg/devicetwin/process.go:270.9,270.71 1 1
github.com/kubeedge/kubeedge/edge/pkg/devicetwin/process.go:270.71,272.75 2 1
github.com/kubeedge/kubeedge/edge/pkg/devicetwin/process.go:272.75,275.5 2 1
github.com/kubeedge/kubeedge/edge/pkg/devicetwin/process.go:276.4,276.15 1 1
github.com/kubeedge/kubeedge/edge/pkg/devicetwin/process.go:278.3,278.15 1 1
github.com/kubeedge/kubeedge/edge/pkg/devicetwin/process.go:279.8,279.55 1 1
github.com/kubeedge/kubeedge/edge/pkg/devicetwin/process.go:279.55,280.75 1 1
github.com/kubeedge/kubeedge/edge/pkg/devicetwin/process.go:280.75,283.4 2 1
github.com/kubeedge/kubeedge/edge/pkg/devicetwin/process.go:284.3,284.15 1 1
github.com/kubeedge/kubeedge/edge/pkg/devicetwin/process.go:285.8,285.102 1 0
github.com/kubeedge/kubeedge/edge/pkg/devicetwin/process.go:285.102,286.37 1 0
github.com/kubeedge/kubeedge/edge/pkg/devicetwin/process.go:287.15,288.73 1 0
github.com/kubeedge/kubeedge/edge/pkg/devicetwin/process.go:289.11,291.18 2 0
github.com/kubeedge/kubeedge/edge/pkg/devicetwin/process.go:291.18,293.5 1 0
github.com/kubeedge/kubeedge/edge/pkg/devicetwin/process.go:294.4,294.33 1 0
github.com/kubeedge/kubeedge/edge/pkg/devicetwin/process.go:296.3,297.14 2 0
github.com/kubeedge/kubeedge/edge/pkg/devicetwin/process.go:299.2,299.14 1 0
github.com/kubeedge/kubeedge/edge/pkg/devicetwin/process.go:302.39,304.32 2 1
github.com/kubeedge/kubeedge/edge/pkg/devicetwin/process.go:304.32,307.3 2 1
github.com/kubeedge/kubeedge/edge/pkg/devicetwin/process.go:308.2,308.12 1 1
github.com/kubeedge/kubeedge/edge/pkg/devicetwin/process.go:308.12,309.7 1 1
github.com/kubeedge/kubeedge/edge/pkg/devicetwin/process.go:309.7,310.11 1 1
github.com/kubeedge/kubeedge/edge/pkg/devicetwin/process.go:311.33,313.11 2 0
github.com/kubeedge/kubeedge/edge/pkg/devicetwin/process.go:314.12,314.12 0 1
github.com/kubeedge/kubeedge/edge/pkg/devicetwin/process.go:316.4,316.60 1 1
github.com/kubeedge/kubeedge/edge/pkg/devicetwin/process.go:316.60,319.19 3 0
github.com/kubeedge/kubeedge/edge/pkg/devicetwin/process.go:319.19,321.6 1 0
github.com/kubeedge/kubeedge/edge/pkg/devicetwin/process.go:326.2,326.6 1 1
github.com/kubeedge/kubeedge/edge/pkg/devicetwin/process.go:326.6,327.10 1 1
github.com/kubeedge/kubeedge/edge/pkg/devicetwin/process.go:328.56,330.38 1 0
github.com/kubeedge/kubeedge/edge/pkg/devicetwin/process.go:330.38,332.11 2 0
github.com/kubeedge/kubeedge/edge/pkg/devicetwin/process.go:332.11,334.35 2 0
github.com/kubeedge/kubeedge/edge/pkg/devicetwin/process.go:334.35,337.7 2 0
github.com/kubeedge/kubeedge/edge/pkg/devicetwin/process.go:340.4,340.43 1 0
github.com/kubeedge/kubeedge/edge/pkg/devicetwin/process.go:340.43,342.5 1 0
github.com/kubeedge/kubeedge/edge/pkg/devicetwin/process.go:343.32,344.43 1 0
github.com/kubeedge/kubeedge/edge/pkg/devicetwin/process.go:344.43,346.5 1 0
github.com/kubeedge/kubeedge/edge/pkg/devicetwin/process.go:347.4,348.10 2 0
github.com/kubeedge/kubeedge/edge/pkg/devicetwin/dtcommon/util.go:22.58,23.19 1 1
github.com/kubeedge/kubeedge/edge/pkg/devicetwin/dtcommon/util.go:24.10,26.13 2 1
github.com/kubeedge/kubeedge/edge/pkg/devicetwin/dtcommon/util.go:27.32,28.13 1 1
github.com/kubeedge/kubeedge/edge/pkg/devicetwin/dtcommon/util.go:29.56,31.17 2 1
github.com/kubeedge/kubeedge/edge/pkg/devicetwin/dtcommon/util.go:31.17,33.4 1 1
github.com/kubeedge/kubeedge/edge/pkg/devicetwin/dtcommon/util.go:34.3,34.13 1 1
github.com/kubeedge/kubeedge/edge/pkg/devicetwin/dtcommon/util.go:35.31,37.17 2 1
github.com/kubeedge/kubeedge/edge/pkg/devicetwin/dtcommon/util.go:37.17,39.4 1 1
github.com/kubeedge/kubeedge/edge/pkg/devicetwin/dtcommon/util.go:40.3,40.13 1 1
github.com/kubeedge/kubeedge/edge/pkg/devicetwin/dtcommon/util.go:41.33,42.82 1 1
github.com/kubeedge/kubeedge/edge/pkg/devicetwin/dtcommon/util.go:42.82,44.4 1 1
github.com/kubeedge/kubeedge/edge/pkg/devicetwin/dtcommon/util.go:45.3,45.13 1 1
github.com/kubeedge/kubeedge/edge/pkg/devicetwin/dtcommon/util.go:46.19,47.13 1 1
github.com/kubeedge/kubeedge/edge/pkg/devicetwin/dtcommon/util.go:48.10,49.53 1 1
github.com/kubeedge/kubeedge/edge/pkg/devicetwin/dtcommon/util.go:54.39,58.2 3 1
github.com/kubeedge/kubeedge/edge/pkg/devicetwin/dtcommon/util.go:61.43,65.2 3 1
github.com/kubeedge/kubeedge/edge/pkg/devicetwin/dtcommon/util.go:67.64,68.19 1 1
github.com/kubeedge/kubeedge/edge/pkg/devicetwin/dtcommon/util.go:68.19,70.3 1 1
github.com/kubeedge/kubeedge/edge/pkg/devicetwin/dtcommon/util.go:72.2,73.16 2 1
github.com/kubeedge/kubeedge/edge/pkg/devicetwin/dtcommon/util.go:73.16,76.3 2 1
github.com/kubeedge/kubeedge/edge/pkg/devicetwin/dtcommon/util.go:77.2,79.16 3 1
github.com/kubeedge/kubeedge/edge/pkg/devicetwin/dtcommon/util.go:79.16,82.3 2 0
github.com/kubeedge/kubeedge/edge/pkg/devicetwin/dtcommon/util.go:83.2,83.91 1 1
github.com/kubeedge/kubeedge/edge/pkg/devicetwin/dtcommon/util.go:83.91,85.58 2 1
github.com/kubeedge/kubeedge/edge/pkg/devicetwin/dtcommon/util.go:85.58,87.18 2 1
github.com/kubeedge/kubeedge/edge/pkg/devicetwin/dtcommon/util.go:87.18,89.5 1 1
github.com/kubeedge/kubeedge/edge/pkg/devicetwin/dtcommon/util.go:90.4,90.31 1 0
github.com/kubeedge/kubeedge/edge/pkg/devicetwin/dtcommon/util.go:92.3,92.59 1 0
github.com/kubeedge/kubeedge/edge/pkg/devicetwin/dtcommon/util.go:95.2,96.40 2 1
github.com/kubeedge/kubeedge/edge/pkg/devicetwin/dtcommon/util.go:96.40,98.17 2 1
github.com/kubeedge/kubeedge/edge/pkg/devicetwin/dtcommon/util.go:98.17,100.4 1 1
github.com/kubeedge/kubeedge/edge/pkg/devicetwin/dtcommon/util.go:101.3,101.64 1 1
github.com/kubeedge/kubeedge/edge/pkg/devicetwin/dtcommon/util.go:104.2,106.39 3 1
github.com/kubeedge/kubeedge/edge/pkg/devicetwin/dtcommon/util.go:106.39,108.3 1 0
github.com/kubeedge/kubeedge/edge/pkg/devicetwin/dtcommon/util.go:109.2,114.36 2 1
github.com/kubeedge/kubeedge/edge/pkg/devicetwin/dtcommon/util.go:114.36,115.31 1 1
github.com/kubeedge/kubeedge/edge/pkg/devicetwin/dtcommon/util.go:115.31,117.4 1 0
github.com/kubeedge/kubeedge/edge/pkg/devicetwin/dtcommon/util.go:118.3,119.74 2 1
github.com/kubeedge/kubeedge/edge/pkg/devicetwin/dtcommon/util.go:121.2,121.25 1 1
github.com/kubeedge/kubeedge/edge/pkg/devicetwin/dtcommon/util.go:123.86,124.17 1 1
github.com/kubeedge/kubeedge/edge/pkg/devicetwin/dtcommon/util.go:124.17,126.3 1 1
github.com/kubeedge/kubeedge/edge/pkg/devicetwin/dtcommon/util.go:128.2,130.16 3 1
github.com/kubeedge/kubeedge/edge/pkg/devicetwin/dtcommon/util.go:130.16,132.3 1 1
github.com/kubeedge/kubeedge/edge/pkg/devicetwin/dtcommon/util.go:134.2,136.77 2 1
github.com/kubeedge/kubeedge/edge/pkg/devicetwin/dtcommon/util.go:136.77,138.51 2 1
github.com/kubeedge/kubeedge/edge/pkg/devicetwin/dtcommon/util.go:138.51,140.18 2 1
github.com/kubeedge/kubeedge/edge/pkg/devicetwin/dtcommon/util.go:140.18,142.5 1 1
github.com/kubeedge/kubeedge/edge/pkg/devicetwin/dtcommon/util.go:143.4,143.31 1 1
github.com/kubeedge/kubeedge/edge/pkg/devicetwin/dtcommon/util.go:145.3,145.48 1 1
github.com/kubeedge/kubeedge/edge/pkg/devicetwin/dtcommon/util.go:148.2,148.119 1 1
github.com/kubeedge/kubeedge/edge/pkg/devicetwin/dtcommon/util.go:148.119,150.59 2 0
github.com/kubeedge/kubeedge/edge/pkg/devicetwin/dtcommon/util.go:150.59,152.18 2 0
github.com/kubeedge/kubeedge/edge/pkg/devicetwin/dtcommon/util.go:152.18,154.5 1 0
github.com/kubeedge/kubeedge/edge/pkg/devicetwin/dtcommon/util.go:155.4,155.41 1 0
github.com/kubeedge/kubeedge/edge/pkg/devicetwin/dtcommon/util.go:157.3,157.29 1 0
github.com/kubeedge/kubeedge/edge/pkg/devicetwin/dtcommon/util.go:157.29,159.4 1 0
github.com/kubeedge/kubeedge/edge/pkg/devicetwin/dtcommon/util.go:160.3,160.46 1 0
github.com/kubeedge/kubeedge/edge/pkg/devicetwin/dtcommon/util.go:160.46,162.4 1 0
github.com/kubeedge/kubeedge/edge/pkg/devicetwin/dtcommon/util.go:163.3,163.66 1 0
github.com/kubeedge/kubeedge/edge/pkg/devicetwin/dtcommon/util.go:166.2,166.18 1 1
github.com/kubeedge/kubeedge/edge/pkg/devicetwin/dtcommon/util.go:168.78,170.16 2 1
github.com/kubeedge/kubeedge/edge/pkg/devicetwin/dtcommon/util.go:170.16,173.3 2 0
github.com/kubeedge/kubeedge/edge/pkg/devicetwin/dtcommon/util.go:174.2,176.16 3 1
github.com/kubeedge/kubeedge/edge/pkg/devicetwin/dtcommon/util.go:176.16,179.3 2 0
github.com/kubeedge/kubeedge/edge/pkg/devicetwin/dtcommon/util.go:180.2,182.30 3 1
github.com/kubeedge/kubeedge/edge/pkg/devicetwin/dtcommon/util.go:184.51,185.23 1 1
github.com/kubeedge/kubeedge/edge/pkg/devicetwin/dtcommon/util.go:186.14,189.17 3 1
github.com/kubeedge/kubeedge/edge/pkg/devicetwin/dtcommon/util.go:189.17,192.4 2 0
github.com/kubeedge/kubeedge/edge/pkg/devicetwin/dtcommon/util.go:193.3,193.21 1 1
github.com/kubeedge/kubeedge/edge/pkg/devicetwin/dtcommon/util.go:194.12,197.17 3 1
github.com/kubeedge/kubeedge/edge/pkg/devicetwin/dtcommon/util.go:197.17,200.4 2 0
github.com/kubeedge/kubeedge/edge/pkg/devicetwin/dtcommon/util.go:201.3,201.21 1 1
github.com/kubeedge/kubeedge/edge/pkg/devicetwin/dtcommon/util.go:202.13,205.17 3 1
github.com/kubeedge/kubeedge/edge/pkg/devicetwin/dtcommon/util.go:205.17,208.4 2 0
github.com/kubeedge/kubeedge/edge/pkg/devicetwin/dtcommon/util.go:209.3,209.21 1 1
github.com/kubeedge/kubeedge/edge/pkg/devicetwin/dtcommon/util.go:210.13,213.17 3 1
github.com/kubeedge/kubeedge/edge/pkg/devicetwin/dtcommon/util.go:213.17,216.4 2 0
github.com/kubeedge/kubeedge/edge/pkg/devicetwin/dtcommon/util.go:217.3,217.21 1 1
github.com/kubeedge/kubeedge/edge/pkg/devicetwin/dtcommon/util.go:218.13,221.17 3 1
github.com/kubeedge/kubeedge/edge/pkg/devicetwin/dtcommon/util.go:221.17,224.4 2 0
github.com/kubeedge/kubeedge/edge/pkg/devicetwin/dtcommon/util.go:225.3,225.21 1 1
github.com/kubeedge/kubeedge/edge/pkg/devicetwin/dtcommon/util.go:226.11,229.17 3 1
github.com/kubeedge/kubeedge/edge/pkg/devicetwin/dtcommon/util.go:229.17,232.4 2 0
github.com/kubeedge/kubeedge/edge/pkg/devicetwin/dtcommon/util.go:233.3,233.21 1 1
github.com/kubeedge/kubeedge/edge/pkg/devicetwin/dtcommon/util.go:234.15,237.17 3 1
github.com/kubeedge/kubeedge/edge/pkg/devicetwin/dtcommon/util.go:237.17,240.4 2 0
github.com/kubeedge/kubeedge/edge/pkg/devicetwin/dtcommon/util.go:241.3,241.23 1 1
github.com/kubeedge/kubeedge/edge/pkg/devicetwin/dtcommon/util.go:242.15,245.17 3 1
github.com/kubeedge/kubeedge/edge/pkg/devicetwin/dtcommon/util.go:245.17,248.4 2 0
github.com/kubeedge/kubeedge/edge/pkg/devicetwin/dtcommon/util.go:249.3,249.23 1 1
github.com/kubeedge/kubeedge/edge/pkg/devicetwin/dtcommon/util.go:250.12,253.17 3 1
github.com/kubeedge/kubeedge/edge/pkg/devicetwin/dtcommon/util.go:253.17,256.4 2 0
github.com/kubeedge/kubeedge/edge/pkg/devicetwin/dtcommon/util.go:257.3,257.22 1 1
github.com/kubeedge/kubeedge/edge/pkg/devicetwin/dtcommon/util.go:258.10,259.85 1 1
github.com/kubeedge/kubeedge/edge/pkg/devicetwin/dmiclient/client.go:51.13,56.2 1 1
github.com/kubeedge/kubeedge/edge/pkg/devicetwin/dmiclient/client.go:58.38,59.65 1 1
github.com/kubeedge/kubeedge/edge/pkg/devicetwin/dmiclient/client.go:59.65,61.3 1 1
github.com/kubeedge/kubeedge/edge/pkg/devicetwin/dmiclient/client.go:63.2,64.16 2 1
github.com/kubeedge/kubeedge/edge/pkg/devicetwin/dmiclient/client.go:64.16,67.3 2 0
github.com/kubeedge/kubeedge/edge/pkg/devicetwin/dmiclient/client.go:69.2,77.12 7 1
github.com/kubeedge/kubeedge/edge/pkg/devicetwin/dmiclient/client.go:80.30,81.20 1 1
github.com/kubeedge/kubeedge/edge/pkg/devicetwin/dmiclient/client.go:81.20,83.3 1 1
github.com/kubeedge/kubeedge/edge/pkg/devicetwin/dmiclient/client.go:84.2,84.26 1 1
github.com/kubeedge/kubeedge/edge/pkg/devicetwin/dmiclient/client.go:84.26,86.3 1 1
github.com/kubeedge/kubeedge/edge/pkg/devicetwin/dmiclient/client.go:87.2,87.17 1 1
github.com/kubeedge/kubeedge/edge/pkg/devicetwin/dmiclient/client.go:90.89,92.16 2 1
github.com/kubeedge/kubeedge/edge/pkg/devicetwin/dmiclient/client.go:92.16,94.3 1 0
github.com/kubeedge/kubeedge/edge/pkg/devicetwin/dmiclient/client.go:96.2,98.8 1 1
github.com/kubeedge/kubeedge/edge/pkg/devicetwin/dmiclient/client.go:101.87,106.2 1 1
github.com/kubeedge/kubeedge/edge/pkg/devicetwin/dmiclient/client.go:108.87,110.16 2 1
github.com/kubeedge/kubeedge/edge/pkg/devicetwin/dmiclient/client.go:110.16,112.3 1 0
github.com/kubeedge/kubeedge/edge/pkg/devicetwin/dmiclient/client.go:114.2,116.8 1 1
github.com/kubeedge/kubeedge/edge/pkg/devicetwin/dmiclient/client.go:119.101,121.16 2 1
github.com/kubeedge/kubeedge/edge/pkg/devicetwin/dmiclient/client.go:121.16,123.3 1 0
github.com/kubeedge/kubeedge/edge/pkg/devicetwin/dmiclient/client.go:125.2,127.8 1 1
github.com/kubeedge/kubeedge/edge/pkg/devicetwin/dmiclient/client.go:130.101,132.16 2 1
github.com/kubeedge/kubeedge/edge/pkg/devicetwin/dmiclient/client.go:132.16,134.3 1 0
github.com/kubeedge/kubeedge/edge/pkg/devicetwin/dmiclient/client.go:136.2,138.8 1 1
github.com/kubeedge/kubeedge/edge/pkg/devicetwin/dmiclient/client.go:141.107,146.2 1 1
github.com/kubeedge/kubeedge/edge/pkg/devicetwin/dmiclient/client.go:148.84,152.9 4 1
github.com/kubeedge/kubeedge/edge/pkg/devicetwin/dmiclient/client.go:152.9,154.3 1 1
github.com/kubeedge/kubeedge/edge/pkg/devicetwin/dmiclient/client.go:155.2,155.16 1 1
github.com/kubeedge/kubeedge/edge/pkg/devicetwin/dmiclient/client.go:163.90,165.16 2 1
github.com/kubeedge/kubeedge/edge/pkg/devicetwin/dmiclient/client.go:165.16,171.3 5 1
github.com/kubeedge/kubeedge/edge/pkg/devicetwin/dmiclient/client.go:173.2,177.16 2 1
github.com/kubeedge/kubeedge/edge/pkg/devicetwin/dmiclient/client.go:177.16,180.17 3 1
github.com/kubeedge/kubeedge/edge/pkg/devicetwin/dmiclient/client.go:180.17,182.4 1 0
github.com/kubeedge/kubeedge/edge/pkg/devicetwin/dmiclient/client.go:184.2,187.8 4 1
github.com/kubeedge/kubeedge/edge/pkg/devicetwin/dmiclient/client.go:187.8,189.3 1 0
github.com/kubeedge/kubeedge/edge/pkg/devicetwin/dmiclient/client.go:190.2,192.12 3 1
github.com/kubeedge/kubeedge/edge/pkg/devicetwin/dmiclient/client.go:195.78,197.16 2 1
github.com/kubeedge/kubeedge/edge/pkg/devicetwin/dmiclient/client.go:197.16,199.3 1 1
github.com/kubeedge/kubeedge/edge/pkg/devicetwin/dmiclient/client.go:201.2,202.16 2 1
github.com/kubeedge/kubeedge/edge/pkg/devicetwin/dmiclient/client.go:202.16,204.3 1 0
github.com/kubeedge/kubeedge/edge/pkg/devicetwin/dmiclient/client.go:205.2,205.16 1 1
github.com/kubeedge/kubeedge/edge/pkg/devicetwin/dmiclient/client.go:208.69,212.16 3 1
github.com/kubeedge/kubeedge/edge/pkg/devicetwin/dmiclient/client.go:212.16,214.3 1 1
github.com/kubeedge/kubeedge/edge/pkg/devicetwin/dmiclient/client.go:216.2,219.16 3 1
github.com/kubeedge/kubeedge/edge/pkg/devicetwin/dmiclient/client.go:219.16,221.3 1 0
github.com/kubeedge/kubeedge/edge/pkg/devicetwin/dmiclient/client.go:222.2,223.16 2 1
github.com/kubeedge/kubeedge/edge/pkg/devicetwin/dmiclient/client.go:223.16,225.3 1 1
github.com/kubeedge/kubeedge/edge/pkg/devicetwin/dmiclient/client.go:226.2,226.12 1 1
github.com/kubeedge/kubeedge/edge/pkg/devicetwin/dmiclient/client.go:229.67,233.16 3 1
github.com/kubeedge/kubeedge/edge/pkg/devicetwin/dmiclient/client.go:233.16,235.3 1 1
github.com/kubeedge/kubeedge/edge/pkg/devicetwin/dmiclient/client.go:237.2,240.16 3 1
github.com/kubeedge/kubeedge/edge/pkg/devicetwin/dmiclient/client.go:240.16,242.3 1 0
github.com/kubeedge/kubeedge/edge/pkg/devicetwin/dmiclient/client.go:243.2,244.16 2 1
github.com/kubeedge/kubeedge/edge/pkg/devicetwin/dmiclient/client.go:244.16,246.3 1 1
github.com/kubeedge/kubeedge/edge/pkg/devicetwin/dmiclient/client.go:247.2,247.12 1 1
github.com/kubeedge/kubeedge/edge/pkg/devicetwin/dmiclient/client.go:250.67,254.16 3 1
github.com/kubeedge/kubeedge/edge/pkg/devicetwin/dmiclient/client.go:254.16,256.3 1 1
github.com/kubeedge/kubeedge/edge/pkg/devicetwin/dmiclient/client.go:258.2,261.16 3 1
github.com/kubeedge/kubeedge/edge/pkg/devicetwin/dmiclient/client.go:261.16,263.3 1 0
github.com/kubeedge/kubeedge/edge/pkg/devicetwin/dmiclient/client.go:264.2,265.16 2 1
github.com/kubeedge/kubeedge/edge/pkg/devicetwin/dmiclient/client.go:265.16,267.3 1 1
github.com/kubeedge/kubeedge/edge/pkg/devicetwin/dmiclient/client.go:268.2,268.12 1 1
github.com/kubeedge/kubeedge/edge/pkg/devicetwin/dmiclient/client.go:271.76,274.16 3 1
github.com/kubeedge/kubeedge/edge/pkg/devicetwin/dmiclient/client.go:274.16,276.3 1 1
github.com/kubeedge/kubeedge/edge/pkg/devicetwin/dmiclient/client.go:278.2,281.16 3 1
github.com/kubeedge/kubeedge/edge/pkg/devicetwin/dmiclient/client.go:281.16,283.3 1 0
github.com/kubeedge/kubeedge/edge/pkg/devicetwin/dmiclient/client.go:284.2,285.16 2 1
github.com/kubeedge/kubeedge/edge/pkg/devicetwin/dmiclient/client.go:285.16,287.3 1 1
github.com/kubeedge/kubeedge/edge/pkg/devicetwin/dmiclient/client.go:288.2,288.12 1 1
github.com/kubeedge/kubeedge/edge/pkg/devicetwin/dmiclient/client.go:291.76,294.16 3 1
github.com/kubeedge/kubeedge/edge/pkg/devicetwin/dmiclient/client.go:294.16,296.3 1 1
github.com/kubeedge/kubeedge/edge/pkg/devicetwin/dmiclient/client.go:298.2,301.16 3 1
github.com/kubeedge/kubeedge/edge/pkg/devicetwin/dmiclient/client.go:301.16,303.3 1 0
github.com/kubeedge/kubeedge/edge/pkg/devicetwin/dmiclient/client.go:304.2,305.16 2 1
github.com/kubeedge/kubeedge/edge/pkg/devicetwin/dmiclient/client.go:305.16,307.3 1 1
github.com/kubeedge/kubeedge/edge/pkg/devicetwin/dmiclient/client.go:308.2,308.12 1 1
github.com/kubeedge/kubeedge/edge/pkg/devicetwin/dmiclient/client.go:311.76,314.16 3 1
github.com/kubeedge/kubeedge/edge/pkg/devicetwin/dmiclient/client.go:314.16,316.3 1 1
github.com/kubeedge/kubeedge/edge/pkg/devicetwin/dmiclient/client.go:318.2,321.16 3 1
github.com/kubeedge/kubeedge/edge/pkg/devicetwin/dmiclient/client.go:321.16,323.3 1 0
github.com/kubeedge/kubeedge/edge/pkg/devicetwin/dmiclient/client.go:324.2,325.16 2 1
github.com/kubeedge/kubeedge/edge/pkg/devicetwin/dmiclient/client.go:325.16,327.3 1 1
github.com/kubeedge/kubeedge/edge/pkg/devicetwin/dmiclient/client.go:328.2,328.12 1 1
github.com/kubeedge/kubeedge/edge/pkg/devicetwin/dtcontext/dtcontext.go:36.42,49.2 1 0
github.com/kubeedge/kubeedge/edge/pkg/devicetwin/dtcontext/dtcontext.go:52.73,53.46 1 1
github.com/kubeedge/kubeedge/edge/pkg/devicetwin/dtcontext/dtcontext.go:53.46,56.3 2 1
github.com/kubeedge/kubeedge/edge/pkg/devicetwin/dtcontext/dtcontext.go:57.2,57.52 1 1
github.com/kubeedge/kubeedge/edge/pkg/devicetwin/dtcontext/dtcontext.go:61.76,62.52 1 1
github.com/kubeedge/kubeedge/edge/pkg/devicetwin/dtcontext/dtcontext.go:62.52,65.3 2 1
github.com/kubeedge/kubeedge/edge/pkg/devicetwin/dtcontext/dtcontext.go:65.8,65.59 1 1
github.com/kubeedge/kubeedge/edge/pkg/devicetwin/dtcontext/dtcontext.go:65.59,68.3 2 1
github.com/kubeedge/kubeedge/edge/pkg/devicetwin/dtcontext/dtcontext.go:69.2,69.12 1 1
github.com/kubeedge/kubeedge/edge/pkg/devicetwin/dtcontext/dtcontext.go:73.69,75.17 2 1
github.com/kubeedge/kubeedge/edge/pkg/devicetwin/dtcontext/dtcontext.go:75.17,78.3 2 1
github.com/kubeedge/kubeedge/edge/pkg/devicetwin/dtcontext/dtcontext.go:79.2,80.13 2 1
github.com/kubeedge/kubeedge/edge/pkg/devicetwin/dtcontext/dtcontext.go:80.13,82.3 1 1
github.com/kubeedge/kubeedge/edge/pkg/devicetwin/dtcontext/dtcontext.go:83.2,83.19 1 1
github.com/kubeedge/kubeedge/edge/pkg/devicetwin/dtcontext/dtcontext.go:87.50,89.8 2 1
github.com/kubeedge/kubeedge/edge/pkg/devicetwin/dtcontext/dtcontext.go:89.8,93.3 3 1
github.com/kubeedge/kubeedge/edge/pkg/devicetwin/dtcontext/dtcontext.go:94.2,94.14 1 1
github.com/kubeedge/kubeedge/edge/pkg/devicetwin/dtcontext/dtcontext.go:98.52,100.8 2 1
github.com/kubeedge/kubeedge/edge/pkg/devicetwin/dtcontext/dtcontext.go:100.8,104.3 3 1
github.com/kubeedge/kubeedge/edge/pkg/devicetwin/dtcontext/dtcontext.go:105.2,105.14 1 1
github.com/kubeedge/kubeedge/edge/pkg/devicetwin/dtcontext/dtcontext.go:109.33,111.2 1 0
github.com/kubeedge/kubeedge/edge/pkg/devicetwin/dtcontext/dtcontext.go:114.35,116.2 1 0
github.com/kubeedge/kubeedge/edge/pkg/devicetwin/dtcontext/dtcontext.go:119.59,122.2 2 1
github.com/kubeedge/kubeedge/edge/pkg/devicetwin/dtcontext/dtcontext.go:125.73,127.8 2 1
github.com/kubeedge/kubeedge/edge/pkg/devicetwin/dtcontext/dtcontext.go:127.8,128.55 1 1
github.com/kubeedge/kubeedge/edge/pkg/devicetwin/dtcontext/dtcontext.go:128.55,130.4 1 1
github.com/kubeedge/kubeedge/edge/pkg/devicetwin/dtcontext/dtcontext.go:131.3,131.20 1 1
github.com/kubeedge/kubeedge/edge/pkg/devicetwin/dtcontext/dtcontext.go:133.2,133.19 1 1
github.com/kubeedge/kubeedge/edge/pkg/devicetwin/dtcontext/dtcontext.go:137.101,144.2 2 1
github.com/kubeedge/kubeedge/edge/pkg/devicetwin/dtcontext/dtcontext.go:147.143,152.2 4 1
github.com/kubeedge/kubeedge/edge/pkg/devicetwin/dttype/types.go:49.51,51.2 1 1
github.com/kubeedge/kubeedge/edge/pkg/devicetwin/dttype/types.go:54.37,59.2 2 1
github.com/kubeedge/kubeedge/edge/pkg/devicetwin/dttype/types.go:89.71,90.35 1 1
github.com/kubeedge/kubeedge/edge/pkg/devicetwin/dttype/types.go:90.35,91.39 1 1
github.com/kubeedge/kubeedge/edge/pkg/devicetwin/dttype/types.go:91.39,92.48 1 1
github.com/kubeedge/kubeedge/edge/pkg/devicetwin/dttype/types.go:92.48,93.89 1 1
github.com/kubeedge/kubeedge/edge/pkg/devicetwin/dttype/types.go:93.89,95.6 1 1
github.com/kubeedge/kubeedge/edge/pkg/devicetwin/dttype/types.go:96.5,97.28 2 1
github.com/kubeedge/kubeedge/edge/pkg/devicetwin/dttype/types.go:101.2,101.38 1 1
github.com/kubeedge/kubeedge/edge/pkg/devicetwin/dttype/types.go:101.38,102.42 1 1
github.com/kubeedge/kubeedge/edge/pkg/devicetwin/dttype/types.go:102.42,103.51 1 1
github.com/kubeedge/kubeedge/edge/pkg/devicetwin/dttype/types.go:103.51,104.89 1 1
github.com/kubeedge/kubeedge/edge/pkg/devicetwin/dttype/types.go:104.89,106.6 1 1
github.com/kubeedge/kubeedge/edge/pkg/devicetwin/dttype/types.go:107.5,108.28 2 1
github.com/kubeedge/kubeedge/edge/pkg/devicetwin/dttype/types.go:112.2,113.24 2 1
github.com/kubeedge/kubeedge/edge/pkg/devicetwin/dttype/types.go:156.45,158.2 1 1
github.com/kubeedge/kubeedge/edge/pkg/devicetwin/dttype/types.go:161.44,163.2 1 1
github.com/kubeedge/kubeedge/edge/pkg/devicetwin/dttype/types.go:166.66,168.2 1 1
github.com/kubeedge/kubeedge/edge/pkg/devicetwin/dttype/types.go:171.57,174.16 3 1
github.com/kubeedge/kubeedge/edge/pkg/devicetwin/dttype/types.go:174.16,176.3 1 1
github.com/kubeedge/kubeedge/edge/pkg/devicetwin/dttype/types.go:177.2,179.16 3 1
github.com/kubeedge/kubeedge/edge/pkg/devicetwin/dttype/types.go:179.16,181.3 1 0
github.com/kubeedge/kubeedge/edge/pkg/devicetwin/dttype/types.go:182.2,182.28 1 1
github.com/kubeedge/kubeedge/edge/pkg/devicetwin/dttype/types.go:186.56,189.16 3 1
github.com/kubeedge/kubeedge/edge/pkg/devicetwin/dttype/types.go:189.16,191.3 1 1
github.com/kubeedge/kubeedge/edge/pkg/devicetwin/dttype/types.go:192.2,194.16 3 1
github.com/kubeedge/kubeedge/edge/pkg/devicetwin/dttype/types.go:194.16,196.3 1 0
github.com/kubeedge/kubeedge/edge/pkg/devicetwin/dttype/types.go:197.2,197.28 1 1
github.com/kubeedge/kubeedge/edge/pkg/devicetwin/dttype/types.go:201.67,204.16 3 1
github.com/kubeedge/kubeedge/edge/pkg/devicetwin/dttype/types.go:204.16,206.3 1 1
github.com/kubeedge/kubeedge/edge/pkg/devicetwin/dttype/types.go:207.2,209.17 3 1
github.com/kubeedge/kubeedge/edge/pkg/devicetwin/dttype/types.go:209.17,211.3 1 1
github.com/kubeedge/kubeedge/edge/pkg/devicetwin/dttype/types.go:212.2,212.59 1 1
github.com/kubeedge/kubeedge/edge/pkg/devicetwin/dttype/types.go:222.68,225.16 3 1
github.com/kubeedge/kubeedge/edge/pkg/devicetwin/dttype/types.go:225.16,227.3 1 1
github.com/kubeedge/kubeedge/edge/pkg/devicetwin/dttype/types.go:228.2,228.27 1 1
github.com/kubeedge/kubeedge/edge/pkg/devicetwin/dttype/types.go:250.79,253.16 3 1
github.com/kubeedge/kubeedge/edge/pkg/devicetwin/dttype/types.go:253.16,255.3 1 1
github.com/kubeedge/kubeedge/edge/pkg/devicetwin/dttype/types.go:256.2,256.31 1 1
github.com/kubeedge/kubeedge/edge/pkg/devicetwin/dttype/types.go:260.75,263.16 3 1
github.com/kubeedge/kubeedge/edge/pkg/devicetwin/dttype/types.go:263.16,265.3 1 1
github.com/kubeedge/kubeedge/edge/pkg/devicetwin/dttype/types.go:266.2,266.34 1 1
github.com/kubeedge/kubeedge/edge/pkg/devicetwin/dttype/types.go:266.34,268.3 1 1
github.com/kubeedge/kubeedge/edge/pkg/devicetwin/dttype/types.go:269.2,269.48 1 1
github.com/kubeedge/kubeedge/edge/pkg/devicetwin/dttype/types.go:269.48,271.13 2 1
github.com/kubeedge/kubeedge/edge/pkg/devicetwin/dttype/types.go:271.13,273.4 1 1
github.com/kubeedge/kubeedge/edge/pkg/devicetwin/dttype/types.go:274.3,274.19 1 1
github.com/kubeedge/kubeedge/edge/pkg/devicetwin/dttype/types.go:274.19,275.29 1 1
github.com/kubeedge/kubeedge/edge/pkg/devicetwin/dttype/types.go:275.29,276.36 1 1
github.com/kubeedge/kubeedge/edge/pkg/devicetwin/dttype/types.go:276.36,277.37 1 1
github.com/kubeedge/kubeedge/edge/pkg/devicetwin/dttype/types.go:277.37,279.17 2 1
github.com/kubeedge/kubeedge/edge/pkg/devicetwin/dttype/types.go:279.17,281.8 1 1
github.com/kubeedge/kubeedge/edge/pkg/devicetwin/dttype/types.go:285.4,285.27 1 1
github.com/kubeedge/kubeedge/edge/pkg/devicetwin/dttype/types.go:285.27,286.34 1 1
github.com/kubeedge/kubeedge/edge/pkg/devicetwin/dttype/types.go:286.34,287.35 1 1
github.com/kubeedge/kubeedge/edge/pkg/devicetwin/dttype/types.go:287.35,289.17 2 1
github.com/kubeedge/kubeedge/edge/pkg/devicetwin/dttype/types.go:289.17,291.8 1 1
github.com/kubeedge/kubeedge/edge/pkg/devicetwin/dttype/types.go:297.2,297.31 1 1
github.com/kubeedge/kubeedge/edge/pkg/devicetwin/dttype/types_helper.go:15.75,18.16 3 1
github.com/kubeedge/kubeedge/edge/pkg/devicetwin/dttype/types_helper.go:18.16,20.3 1 1
github.com/kubeedge/kubeedge/edge/pkg/devicetwin/dttype/types_helper.go:21.2,21.31 1 1
github.com/kubeedge/kubeedge/edge/pkg/devicetwin/dttype/types_helper.go:25.75,28.16 3 1
github.com/kubeedge/kubeedge/edge/pkg/devicetwin/dttype/types_helper.go:28.16,30.3 1 1
github.com/kubeedge/kubeedge/edge/pkg/devicetwin/dttype/types_helper.go:31.2,31.31 1 1
github.com/kubeedge/kubeedge/edge/pkg/devicetwin/dttype/types_helper.go:35.65,38.16 3 1
github.com/kubeedge/kubeedge/edge/pkg/devicetwin/dttype/types_helper.go:38.16,40.3 1 1
github.com/kubeedge/kubeedge/edge/pkg/devicetwin/dttype/types_helper.go:41.2,41.18 1 1
github.com/kubeedge/kubeedge/edge/pkg/devicetwin/dttype/types_helper.go:45.79,47.35 2 1
github.com/kubeedge/kubeedge/edge/pkg/devicetwin/dttype/types_helper.go:47.35,53.3 2 1
github.com/kubeedge/kubeedge/edge/pkg/devicetwin/dttype/types_helper.go:54.2,54.17 1 1
github.com/kubeedge/kubeedge/edge/pkg/devicetwin/dttype/types_helper.go:58.79,60.35 2 1
github.com/kubeedge/kubeedge/edge/pkg/devicetwin/dttype/types_helper.go:60.35,73.21 9 1
github.com/kubeedge/kubeedge/edge/pkg/devicetwin/dttype/types_helper.go:73.21,75.31 2 1
github.com/kubeedge/kubeedge/edge/pkg/devicetwin/dttype/types_helper.go:75.31,76.84 1 1
github.com/kubeedge/kubeedge/edge/pkg/devicetwin/dttype/types_helper.go:76.84,79.6 1 0
github.com/kubeedge/kubeedge/edge/pkg/devicetwin/dttype/types_helper.go:80.5,80.43 1 1
github.com/kubeedge/kubeedge/edge/pkg/devicetwin/dttype/types_helper.go:82.4,82.36 1 1
github.com/kubeedge/kubeedge/edge/pkg/devicetwin/dttype/types_helper.go:84.3,84.19 1 1
github.com/kubeedge/kubeedge/edge/pkg/devicetwin/dttype/types_helper.go:84.19,86.29 2 1
github.com/kubeedge/kubeedge/edge/pkg/devicetwin/dttype/types_helper.go:86.29,87.80 1 1
github.com/kubeedge/kubeedge/edge/pkg/devicetwin/dttype/types_helper.go:87.80,90.6 1 0
github.com/kubeedge/kubeedge/edge/pkg/devicetwin/dttype/types_helper.go:91.5,91.39 1 1
github.com/kubeedge/kubeedge/edge/pkg/devicetwin/dttype/types_helper.go:93.4,93.32 1 1
github.com/kubeedge/kubeedge/edge/pkg/devicetwin/dttype/types_helper.go:96.3,96.33 1 1
github.com/kubeedge/kubeedge/edge/pkg/devicetwin/dttype/types_helper.go:96.33,97.89 1 1
github.com/kubeedge/kubeedge/edge/pkg/devicetwin/dttype/types_helper.go:97.89,100.5 1 0
github.com/kubeedge/kubeedge/edge/pkg/devicetwin/dttype/types_helper.go:101.4,101.46 1 1
github.com/kubeedge/kubeedge/edge/pkg/devicetwin/dttype/types_helper.go:103.3,103.31 1 1
github.com/kubeedge/kubeedge/edge/pkg/devicetwin/dttype/types_helper.go:103.31,104.85 1 1
github.com/kubeedge/kubeedge/edge/pkg/devicetwin/dttype/types_helper.go:104.85,107.5 1 0
github.com/kubeedge/kubeedge/edge/pkg/devicetwin/dttype/types_helper.go:108.4,108.42 1 1
github.com/kubeedge/kubeedge/edge/pkg/devicetwin/dttype/types_helper.go:110.3,110.32 1 1
github.com/kubeedge/kubeedge/edge/pkg/devicetwin/dttype/types_helper.go:112.2,112.17 1 1
github.com/kubeedge/kubeedge/edge/pkg/devicetwin/dttype/types_helper.go:116.75,118.29 2 1
github.com/kubeedge/kubeedge/edge/pkg/devicetwin/dttype/types_helper.go:118.29,120.3 1 1
github.com/kubeedge/kubeedge/edge/pkg/devicetwin/dttype/types_helper.go:121.2,122.29 2 1
github.com/kubeedge/kubeedge/edge/pkg/devicetwin/dttype/types_helper.go:122.29,124.3 1 1
github.com/kubeedge/kubeedge/edge/pkg/devicetwin/dttype/types_helper.go:125.2,128.22 1 1
github.com/kubeedge/kubeedge/edge/pkg/devicetwin/dttype/types_helper.go:132.60,135.57 3 1
github.com/kubeedge/kubeedge/edge/pkg/devicetwin/dttype/types_helper.go:135.57,138.3 1 0
github.com/kubeedge/kubeedge/edge/pkg/devicetwin/dttype/types_helper.go:139.2,139.15 1 1
github.com/kubeedge/kubeedge/edge/pkg/devicetwin/dttype/types_helper.go:139.15,142.3 2 1
github.com/kubeedge/kubeedge/edge/pkg/devicetwin/dttype/types_helper.go:143.2,143.15 1 1
github.com/kubeedge/kubeedge/edge/pkg/devicetwin/dttype/types_helper.go:147.44,150.57 3 1
github.com/kubeedge/kubeedge/edge/pkg/devicetwin/dttype/types_helper.go:150.57,153.3 1 0
github.com/kubeedge/kubeedge/edge/pkg/devicetwin/dttype/types_helper.go:154.2,154.15 1 1
github.com/kubeedge/kubeedge/edge/pkg/devicetwin/dttype/types_helper.go:158.75,160.29 2 1
github.com/kubeedge/kubeedge/edge/pkg/devicetwin/dttype/types_helper.go:160.29,162.3 1 1
github.com/kubeedge/kubeedge/edge/pkg/devicetwin/dttype/types_helper.go:163.2,164.29 2 1
github.com/kubeedge/kubeedge/edge/pkg/devicetwin/dttype/types_helper.go:164.29,166.3 1 1
github.com/kubeedge/kubeedge/edge/pkg/devicetwin/dttype/types_helper.go:167.2,170.22 1 1
github.com/kubeedge/kubeedge/edge/pkg/devicetwin/dttype/types_helper.go:180.87,188.16 3 1
github.com/kubeedge/kubeedge/edge/pkg/devicetwin/dttype/types_helper.go:188.16,190.3 1 0
github.com/kubeedge/kubeedge/edge/pkg/devicetwin/dttype/types_helper.go:191.2,191.21 1 1
github.com/kubeedge/kubeedge/edge/pkg/devicetwin/dttype/types_helper.go:201.96,204.16 3 1
github.com/kubeedge/kubeedge/edge/pkg/devicetwin/dttype/types_helper.go:204.16,206.3 1 0
github.com/kubeedge/kubeedge/edge/pkg/devicetwin/dttype/types_helper.go:207.2,207.21 1 1
github.com/kubeedge/kubeedge/edge/pkg/devicetwin/dttype/types_helper.go:217.91,219.28 2 1
github.com/kubeedge/kubeedge/edge/pkg/devicetwin/dttype/types_helper.go:219.28,227.3 1 1
github.com/kubeedge/kubeedge/edge/pkg/devicetwin/dttype/types_helper.go:228.2,229.16 2 1
github.com/kubeedge/kubeedge/edge/pkg/devicetwin/dttype/types_helper.go:229.16,231.3 1 0
github.com/kubeedge/kubeedge/edge/pkg/devicetwin/dttype/types_helper.go:232.2,232.21 1 1
github.com/kubeedge/kubeedge/edge/pkg/devicetwin/dttype/types_helper.go:242.110,244.19 2 1
github.com/kubeedge/kubeedge/edge/pkg/devicetwin/dttype/types_helper.go:244.19,245.27 1 1
github.com/kubeedge/kubeedge/edge/pkg/devicetwin/dttype/types_helper.go:245.27,246.16 1 1
github.com/kubeedge/kubeedge/edge/pkg/devicetwin/dttype/types_helper.go:246.16,248.13 2 1
github.com/kubeedge/kubeedge/edge/pkg/devicetwin/dttype/types_helper.go:250.4,250.88 1 1
github.com/kubeedge/kubeedge/edge/pkg/devicetwin/dttype/types_helper.go:250.88,251.13 1 1
github.com/kubeedge/kubeedge/edge/pkg/devicetwin/dttype/types_helper.go:253.4,257.21 4 1
github.com/kubeedge/kubeedge/edge/pkg/devicetwin/dttype/types_helper.go:259.8,261.3 1 1
github.com/kubeedge/kubeedge/edge/pkg/devicetwin/dttype/types_helper.go:263.2,264.16 2 1
github.com/kubeedge/kubeedge/edge/pkg/devicetwin/dttype/types_helper.go:264.16,266.3 1 0
github.com/kubeedge/kubeedge/edge/pkg/devicetwin/dttype/types_helper.go:267.2,267.21 1 1
github.com/kubeedge/kubeedge/edge/pkg/devicetwin/dttype/types_helper.go:271.55,277.16 3 1
github.com/kubeedge/kubeedge/edge/pkg/devicetwin/dttype/types_helper.go:277.16,279.3 1 0
github.com/kubeedge/kubeedge/edge/pkg/devicetwin/dttype/types_helper.go:280.2,280.25 1 1
github.com/kubeedge/kubeedge/edge/pkg/devicetwin/dttype/types_helper.go:291.67,294.16 3 1
github.com/kubeedge/kubeedge/edge/pkg/devicetwin/dttype/types_helper.go:294.16,296.3 1 0
github.com/kubeedge/kubeedge/edge/pkg/devicetwin/dttype/types_helper.go:297.2,297.18 1 1
github.com/kubeedge/kubeedge/edge/pkg/devicetwin/dttype/types_helper.go:308.94,311.26 3 1
github.com/kubeedge/kubeedge/edge/pkg/devicetwin/dttype/types_helper.go:311.26,312.87 1 1
github.com/kubeedge/kubeedge/edge/pkg/devicetwin/dttype/types_helper.go:312.87,313.12 1 1
github.com/kubeedge/kubeedge/edge/pkg/devicetwin/dttype/types_helper.go:315.3,316.51 2 1
github.com/kubeedge/kubeedge/edge/pkg/devicetwin/dttype/types_helper.go:316.51,318.4 1 1
github.com/kubeedge/kubeedge/edge/pkg/devicetwin/dttype/types_helper.go:319.3,319.26 1 1
github.com/kubeedge/kubeedge/edge/pkg/devicetwin/dttype/types_helper.go:319.26,320.12 1 1
github.com/kubeedge/kubeedge/edge/pkg/devicetwin/dttype/types_helper.go:323.3,323.47 1 1
github.com/kubeedge/kubeedge/edge/pkg/devicetwin/dttype/types_helper.go:323.47,325.4 1 1
github.com/kubeedge/kubeedge/edge/pkg/devicetwin/dttype/types_helper.go:326.3,326.35 1 1
github.com/kubeedge/kubeedge/edge/pkg/devicetwin/dttype/types_helper.go:326.35,328.4 1 1
github.com/kubeedge/kubeedge/edge/pkg/devicetwin/dttype/types_helper.go:329.3,334.20 4 1
github.com/kubeedge/kubeedge/edge/pkg/devicetwin/dttype/types_helper.go:336.2,337.16 2 1
github.com/kubeedge/kubeedge/edge/pkg/devicetwin/dttype/types_helper.go:337.16,339.3 1 0
github.com/kubeedge/kubeedge/edge/pkg/devicetwin/dttype/types_helper.go:340.2,340.20 1 1
github.com/kubeedge/kubeedge/edge/pkg/devicetwin/dttype/types_helper.go:340.20,342.3 1 1
github.com/kubeedge/kubeedge/edge/pkg/devicetwin/dttype/types_helper.go:343.2,343.23 1 1
github.com/kubeedge/kubeedge/edge/pkg/devicetwin/dttype/types_helper.go:347.97,349.16 2 1
github.com/kubeedge/kubeedge/edge/pkg/devicetwin/dttype/types_helper.go:349.16,351.3 1 0
github.com/kubeedge/kubeedge/edge/pkg/devicetwin/dttype/types_helper.go:352.2,352.22 1 1
github.com/kubeedge/kubeedge/edge/pkg/devicetwin/dtmodule/dtmodule.go:19.141,26.17 2 1
github.com/kubeedge/kubeedge/edge/pkg/devicetwin/dtmodule/dtmodule.go:27.26,31.4 1 1
github.com/kubeedge/kubeedge/edge/pkg/devicetwin/dtmodule/dtmodule.go:32.27,36.4 1 1
github.com/kubeedge/kubeedge/edge/pkg/devicetwin/dtmodule/dtmodule.go:37.29,41.4 1 1
github.com/kubeedge/kubeedge/edge/pkg/devicetwin/dtmodule/dtmodule.go:42.27,46.4 1 1
github.com/kubeedge/kubeedge/edge/pkg/devicetwin/dtmodule/dtmodule.go:47.26,58.4 1 1
github.com/kubeedge/kubeedge/edge/pkg/devicetwin/dtmodule/dtmodule.go:63.28,64.15 1 1
github.com/kubeedge/kubeedge/edge/pkg/devicetwin/dtmodule/dtmodule.go:64.15,65.35 1 1
github.com/kubeedge/kubeedge/edge/pkg/devicetwin/dtmodule/dtmodule.go:65.35,67.4 1 1
github.com/kubeedge/kubeedge/edge/pkg/devicetwin/dtmodule/dtmodule.go:69.2,69.19 1 1
github.com/kubeedge/kubeedge/edge/pkg/devicetwin/config/config.go:17.70,18.17 1 0
github.com/kubeedge/kubeedge/edge/pkg/devicetwin/config/config.go:18.17,23.3 1 0
github.com/kubeedge/kubeedge/edge/pkg/devicetwin/config/config.go:26.23,28.2 1 0
github.com/kubeedge/kubeedge/edge/pkg/devicetwin/dmiserver/event_type.go:38.27,40.2 1 0
github.com/kubeedge/kubeedge/edge/pkg/devicetwin/dmiserver/server.go:66.39,67.24 1 0
github.com/kubeedge/kubeedge/edge/pkg/devicetwin/dmiserver/server.go:67.24,69.3 1 0
github.com/kubeedge/kubeedge/edge/pkg/devicetwin/dmiserver/server.go:71.2,71.30 1 0
github.com/kubeedge/kubeedge/edge/pkg/devicetwin/dmiserver/server.go:71.30,74.3 2 0
github.com/kubeedge/kubeedge/edge/pkg/devicetwin/dmiserver/server.go:76.2,78.16 3 0
github.com/kubeedge/kubeedge/edge/pkg/devicetwin/dmiserver/server.go:78.16,81.3 2 0
github.com/kubeedge/kubeedge/edge/pkg/devicetwin/dmiserver/server.go:83.2,85.18 2 0
github.com/kubeedge/kubeedge/edge/pkg/devicetwin/dmiserver/server.go:85.18,87.3 1 0
github.com/kubeedge/kubeedge/edge/pkg/devicetwin/dmiserver/server.go:89.2,93.37 4 0
github.com/kubeedge/kubeedge/edge/pkg/devicetwin/dmiserver/server.go:93.37,95.17 2 0
github.com/kubeedge/kubeedge/edge/pkg/devicetwin/dmiserver/server.go:95.17,97.12 2 0
github.com/kubeedge/kubeedge/edge/pkg/devicetwin/dmiserver/server.go:99.3,100.17 2 0
github.com/kubeedge/kubeedge/edge/pkg/devicetwin/dmiserver/server.go:100.17,102.12 2 0
github.com/kubeedge/kubeedge/edge/pkg/devicetwin/dmiserver/server.go:105.3,105.59 1 0
github.com/kubeedge/kubeedge/edge/pkg/devicetwin/dmiserver/server.go:105.59,106.12 1 0
github.com/kubeedge/kubeedge/edge/pkg/devicetwin/dmiserver/server.go:109.3,110.17 2 0
github.com/kubeedge/kubeedge/edge/pkg/devicetwin/dmiserver/server.go:110.17,112.12 2 0
github.com/kubeedge/kubeedge/edge/pkg/devicetwin/dmiserver/server.go:114.3,115.17 2 0
github.com/kubeedge/kubeedge/edge/pkg/devicetwin/dmiserver/server.go:115.17,117.12 2 0
github.com/kubeedge/kubeedge/edge/pkg/devicetwin/dmiserver/server.go:120.3,121.53 2 0
github.com/kubeedge/kubeedge/edge/pkg/devicetwin/dmiserver/server.go:124.2,125.16 2 0
github.com/kubeedge/kubeedge/edge/pkg/devicetwin/dmiserver/server.go:125.16,128.3 2 0
github.com/kubeedge/kubeedge/edge/pkg/devicetwin/dmiserver/server.go:130.2,133.8 1 0
github.com/kubeedge/kubeedge/edge/pkg/devicetwin/dmiserver/server.go:137.43,138.24 1 0
github.com/kubeedge/kubeedge/edge/pkg/devicetwin/dmiserver/server.go:138.24,140.3 1 0
github.com/kubeedge/kubeedge/edge/pkg/devicetwin/dmiserver/server.go:142.2,142.77 1 0
github.com/kubeedge/kubeedge/edge/pkg/devicetwin/dmiserver/server.go:142.77,143.48 1 0
github.com/kubeedge/kubeedge/edge/pkg/devicetwin/dmiserver/server.go:143.48,145.18 2 0
github.com/kubeedge/kubeedge/edge/pkg/devicetwin/dmiserver/server.go:145.18,148.5 2 0
github.com/kubeedge/kubeedge/edge/pkg/devicetwin/dmiserver/server.go:149.4,149.29 1 0
github.com/kubeedge/kubeedge/edge/pkg/devicetwin/dmiserver/server.go:151.8,153.3 1 0
github.com/kubeedge/kubeedge/edge/pkg/devicetwin/dmiserver/server.go:155.2,155.46 1 0
github.com/kubeedge/kubeedge/edge/pkg/devicetwin/dmiserver/server.go:159.43,160.24 1 0
github.com/kubeedge/kubeedge/edge/pkg/devicetwin/dmiserver/server.go:160.24,162.3 1 0
github.com/kubeedge/kubeedge/edge/pkg/devicetwin/dmiserver/server.go:164.2,164.56 1 0
github.com/kubeedge/kubeedge/edge/pkg/devicetwin/dmiserver/server.go:164.56,166.17 2 0
github.com/kubeedge/kubeedge/edge/pkg/devicetwin/dmiserver/server.go:166.17,169.4 2 0
github.com/kubeedge/kubeedge/edge/pkg/devicetwin/dmiserver/server.go:170.3,170.29 1 0
github.com/kubeedge/kubeedge/edge/pkg/devicetwin/dmiserver/server.go:171.8,173.3 1 0
github.com/kubeedge/kubeedge/edge/pkg/devicetwin/dmiserver/server.go:175.2,175.46 1 0
github.com/kubeedge/kubeedge/edge/pkg/devicetwin/dmiserver/server.go:178.73,188.2 6 0
github.com/kubeedge/kubeedge/edge/pkg/devicetwin/dmiserver/server.go:190.74,200.2 6 0
github.com/kubeedge/kubeedge/edge/pkg/devicetwin/dmiserver/server.go:203.61,214.2 8 0
github.com/kubeedge/kubeedge/edge/pkg/devicetwin/dmiserver/server.go:217.81,223.2 5 0
github.com/kubeedge/kubeedge/edge/pkg/devicetwin/dmiserver/server.go:225.53,228.44 2 0
github.com/kubeedge/kubeedge/edge/pkg/devicetwin/dmiserver/server.go:228.44,230.3 1 0
github.com/kubeedge/kubeedge/edge/pkg/devicetwin/dmiserver/server.go:232.2,232.22 1 0
github.com/kubeedge/kubeedge/edge/pkg/devicetwin/dmiserver/server.go:232.22,234.3 1 0
github.com/kubeedge/kubeedge/edge/pkg/devicetwin/dmiserver/server.go:236.2,237.16 2 0
github.com/kubeedge/kubeedge/edge/pkg/devicetwin/dmiserver/server.go:237.16,239.3 1 0
github.com/kubeedge/kubeedge/edge/pkg/devicetwin/dmiserver/server.go:240.2,241.16 2 0
github.com/kubeedge/kubeedge/edge/pkg/devicetwin/dmiserver/server.go:241.16,243.3 1 0
github.com/kubeedge/kubeedge/edge/pkg/devicetwin/dmiserver/server.go:245.2,254.37 5 0
github.com/kubeedge/kubeedge/edge/pkg/devicetwin/dmiserver/server.go:254.37,256.3 1 0
github.com/kubeedge/kubeedge/edge/pkg/devicetwin/dmiserver/server.go:257.2,257.12 1 0
github.com/kubeedge/kubeedge/edge/pkg/devicetwin/dmiserver/server.go:260.46,262.16 2 0
github.com/kubeedge/kubeedge/edge/pkg/devicetwin/dmiserver/server.go:262.16,265.3 2 0
github.com/kubeedge/kubeedge/edge/pkg/devicetwin/dmiserver/server.go:266.2,273.16 4 0
github.com/kubeedge/kubeedge/edge/pkg/devicetwin/dmiserver/server.go:273.16,276.3 2 0
github.com/kubeedge/kubeedge/edge/pkg/devicetwin/dmiserver/server.go:277.2,278.12 2 0
github.com/kubeedge/kubeedge/edge/pkg/devicetwin/testutil/devicetest.go:27.56,39.16 3 0
github.com/kubeedge/kubeedge/edge/pkg/devicetwin/testutil/devicetest.go:39.16,42.3 2 0
github.com/kubeedge/kubeedge/edge/pkg/devicetwin/testutil/devicetest.go:44.2,44.16 1 0
github.com/kubeedge/kubeedge/edge/pkg/edged/edged.go:103.34,106.16 3 0
github.com/kubeedge/kubeedge/edge/pkg/edged/edged.go:106.16,109.3 2 0
github.com/kubeedge/kubeedge/edge/pkg/edged/edged.go:110.2,110.22 1 0
github.com/kubeedge/kubeedge/edge/pkg/edged/edged.go:113.31,115.2 1 0
github.com/kubeedge/kubeedge/edge/pkg/edged/edged.go:117.32,119.2 1 0
github.com/kubeedge/kubeedge/edge/pkg/edged/edged.go:122.31,124.2 1 0
github.com/kubeedge/kubeedge/edge/pkg/edged/edged.go:126.59,127.70 1 0
github.com/kubeedge/kubeedge/edge/pkg/edged/edged.go:127.70,129.3 1 0
github.com/kubeedge/kubeedge/edge/pkg/edged/edged.go:130.2,133.3 1 0
github.com/kubeedge/kubeedge/edge/pkg/edged/edged.go:136.25,140.12 3 0
github.com/kubeedge/kubeedge/edge/pkg/edged/edged.go:140.12,142.32 2 0
github.com/kubeedge/kubeedge/edge/pkg/edged/edged.go:142.32,146.4 3 0
github.com/kubeedge/kubeedge/edge/pkg/edged/edged.go:147.3,147.16 1 0
github.com/kubeedge/kubeedge/edge/pkg/edged/edged.go:147.16,147.44 1 0
github.com/kubeedge/kubeedge/edge/pkg/edged/edged.go:149.3,150.17 2 0
github.com/kubeedge/kubeedge/edge/pkg/edged/edged.go:150.17,151.72 1 0
github.com/kubeedge/kubeedge/edge/pkg/edged/edged.go:151.72,153.5 1 0
github.com/kubeedge/kubeedge/edge/pkg/edged/edged.go:154.4,154.25 1 0
github.com/kubeedge/kubeedge/edge/pkg/edged/edged.go:158.2,163.9 4 0
github.com/kubeedge/kubeedge/edge/pkg/edged/edged.go:164.31,166.9 2 0
github.com/kubeedge/kubeedge/edge/pkg/edged/edged.go:167.31,169.9 2 0
github.com/kubeedge/kubeedge/edge/pkg/edged/edged.go:170.26,171.30 1 0
github.com/kubeedge/kubeedge/edge/pkg/edged/edged.go:174.2,174.36 1 0
github.com/kubeedge/kubeedge/edge/pkg/edged/edged.go:177.37,183.16 4 0
github.com/kubeedge/kubeedge/edge/pkg/edged/edged.go:183.16,186.3 2 0
github.com/kubeedge/kubeedge/edge/pkg/edged/edged.go:188.2,189.31 2 0
github.com/kubeedge/kubeedge/edge/pkg/edged/edged.go:189.31,190.55 1 0
github.com/kubeedge/kubeedge/edge/pkg/edged/edged.go:190.55,191.12 1 0
github.com/kubeedge/kubeedge/edge/pkg/edged/edged.go:194.3,194.61 1 0
github.com/kubeedge/kubeedge/edge/pkg/edged/edged.go:194.61,196.4 1 0
github.com/kubeedge/kubeedge/edge/pkg/edged/edged.go:199.2,199.24 1 0
github.com/kubeedge/kubeedge/edge/pkg/edged/edged.go:199.24,202.3 2 0
github.com/kubeedge/kubeedge/edge/pkg/edged/edged.go:204.2,204.30 1 0
github.com/kubeedge/kubeedge/edge/pkg/edged/edged.go:204.30,207.17 3 0
github.com/kubeedge/kubeedge/edge/pkg/edged/edged.go:207.17,209.4 1 0
github.com/kubeedge/kubeedge/edge/pkg/edged/edged.go:214.72,217.13 3 0
github.com/kubeedge/kubeedge/edge/pkg/edged/edged.go:217.13,223.3 1 0
github.com/kubeedge/kubeedge/edge/pkg/edged/edged.go:226.2,229.16 4 0
github.com/kubeedge/kubeedge/edge/pkg/edged/edged.go:229.16,232.3 2 0
github.com/kubeedge/kubeedge/edge/pkg/edged/edged.go:233.2,236.101 2 0
github.com/kubeedge/kubeedge/edge/pkg/edged/edged.go:236.101,238.3 1 0
github.com/kubeedge/kubeedge/edge/pkg/edged/edged.go:241.2,247.39 2 0
github.com/kubeedge/kubeedge/edge/pkg/edged/edged.go:247.39,248.79 1 0
github.com/kubeedge/kubeedge/edge/pkg/edged/edged.go:248.79,250.4 1 0
github.com/kubeedge/kubeedge/edge/pkg/edged/edged.go:251.8,253.3 1 0
github.com/kubeedge/kubeedge/edge/pkg/edged/edged.go:256.2,260.16 3 0
github.com/kubeedge/kubeedge/edge/pkg/edged/edged.go:260.16,263.3 2 0
github.com/kubeedge/kubeedge/edge/pkg/edged/edged.go:264.2,280.16 4 0
github.com/kubeedge/kubeedge/edge/pkg/edged/edged.go:283.51,291.6 4 0
github.com/kubeedge/kubeedge/edge/pkg/edged/edged.go:291.6,292.10 1 0
github.com/kubeedge/kubeedge/edge/pkg/edged/edged.go:293.32,295.10 2 0
github.com/kubeedge/kubeedge/edge/pkg/edged/edged.go:296.11,296.11 0 0
github.com/kubeedge/kubeedge/edge/pkg/edged/edged.go:298.3,299.17 2 0
github.com/kubeedge/kubeedge/edge/pkg/edged/edged.go:299.17,301.12 2 0
github.com/kubeedge/kubeedge/edge/pkg/edged/edged.go:304.3,306.17 3 0
github.com/kubeedge/kubeedge/edge/pkg/edged/edged.go:306.17,308.12 2 0
github.com/kubeedge/kubeedge/edge/pkg/edged/edged.go:311.3,312.17 2 0
github.com/kubeedge/kubeedge/edge/pkg/edged/edged.go:312.17,314.12 2 0
github.com/kubeedge/kubeedge/edge/pkg/edged/edged.go:317.3,317.18 1 0
github.com/kubeedge/kubeedge/edge/pkg/edged/edged.go:318.30,319.107 1 0
github.com/kubeedge/kubeedge/edge/pkg/edged/edged.go:319.107,321.19 2 0
github.com/kubeedge/kubeedge/edge/pkg/edged/edged.go:321.19,323.14 2 0
github.com/kubeedge/kubeedge/edge/pkg/edged/edged.go:325.5,325.33 1 0
github.com/kubeedge/kubeedge/edge/pkg/edged/edged.go:326.10,326.117 1 0
github.com/kubeedge/kubeedge/edge/pkg/edged/edged.go:326.117,328.19 2 0
github.com/kubeedge/kubeedge/edge/pkg/edged/edged.go:328.19,330.14 2 0
github.com/kubeedge/kubeedge/edge/pkg/edged/edged.go:332.5,332.33 1 0
github.com/kubeedge/kubeedge/edge/pkg/edged/edged.go:333.10,333.49 1 0
github.com/kubeedge/kubeedge/edge/pkg/edged/edged.go:333.49,335.57 2 0
github.com/kubeedge/kubeedge/edge/pkg/edged/edged.go:335.57,337.37 2 0
github.com/kubeedge/kubeedge/edge/pkg/edged/edged.go:337.37,339.7 1 0
github.com/kubeedge/kubeedge/edge/pkg/edged/edged.go:340.6,340.35 1 0
github.com/kubeedge/kubeedge/edge/pkg/edged/edged.go:341.11,343.6 1 0
github.com/kubeedge/kubeedge/edge/pkg/edged/edged.go:344.5,344.13 1 0
github.com/kubeedge/kubeedge/edge/pkg/edged/edged.go:345.10,347.19 2 0
github.com/kubeedge/kubeedge/edge/pkg/edged/edged.go:347.19,349.14 2 0
github.com/kubeedge/kubeedge/edge/pkg/edged/edged.go:352.40,355.18 3 0
github.com/kubeedge/kubeedge/edge/pkg/edged/edged.go:355.18,357.5 1 0
github.com/kubeedge/kubeedge/edge/pkg/edged/edged.go:357.10,360.5 2 0
github.com/kubeedge/kubeedge/edge/pkg/edged/edged.go:361.11,363.12 2 0
github.com/kubeedge/kubeedge/edge/pkg/edged/edged.go:369.62,374.36 4 0
github.com/kubeedge/kubeedge/edge/pkg/edged/edged.go:374.36,376.3 1 0
github.com/kubeedge/kubeedge/edge/pkg/edged/edged.go:376.8,378.3 1 0
github.com/kubeedge/kubeedge/edge/pkg/edged/edged.go:381.98,384.16 3 0
github.com/kubeedge/kubeedge/edge/pkg/edged/edged.go:384.16,386.3 1 0
github.com/kubeedge/kubeedge/edge/pkg/edged/edged.go:394.2,394.78 1 0
github.com/kubeedge/kubeedge/edge/pkg/edged/edged.go:394.78,399.3 3 0
github.com/kubeedge/kubeedge/edge/pkg/edged/edged.go:401.2,404.43 3 0
github.com/kubeedge/kubeedge/edge/pkg/edged/edged.go:404.43,406.13 2 0
github.com/kubeedge/kubeedge/edge/pkg/edged/edged.go:407.30,409.31 2 0
github.com/kubeedge/kubeedge/edge/pkg/edged/edged.go:410.30,414.18 3 0
github.com/kubeedge/kubeedge/edge/pkg/edged/edged.go:414.18,416.5 1 0
github.com/kubeedge/kubeedge/edge/pkg/edged/edged.go:417.4,417.12 1 0
github.com/kubeedge/kubeedge/edge/pkg/edged/edged.go:417.12,419.5 1 0
github.com/kubeedge/kubeedge/edge/pkg/edged/edged.go:421.4,421.31 1 0
github.com/kubeedge/kubeedge/edge/pkg/edged/edged.go:422.30,424.31 2 0
github.com/kubeedge/kubeedge/edge/pkg/edged/edged.go:426.3,427.26 2 0
github.com/kubeedge/kubeedge/edge/pkg/edged/edged.go:430.2,430.12 1 0
github.com/kubeedge/kubeedge/edge/pkg/edged/edged.go:433.56,434.34 1 0
github.com/kubeedge/kubeedge/edge/pkg/edged/edged.go:434.34,436.3 1 0
github.com/kubeedge/kubeedge/edge/pkg/edged/edged.go:438.2,438.49 1 0
github.com/kubeedge/kubeedge/edge/pkg/edged/edged.go:438.49,440.3 1 0
github.com/kubeedge/kubeedge/edge/pkg/edged/edged.go:442.2,442.39 1 0
github.com/kubeedge/kubeedge/edge/pkg/edged/edged.go:442.39,444.3 1 0
github.com/kubeedge/kubeedge/edge/pkg/edged/edged.go:446.2,458.48 6 0
github.com/kubeedge/kubeedge/edge/pkg/edged/edged.go:461.63,483.16 3 0
github.com/kubeedge/kubeedge/edge/pkg/edged/edged.go:483.16,486.3 2 0
github.com/kubeedge/kubeedge/edge/pkg/edged/edged.go:488.2,499.12 6 0
github.com/kubeedge/kubeedge/edge/pkg/edged/edged.go:502.106,505.16 3 0
github.com/kubeedge/kubeedge/edge/pkg/edged/edged.go:505.16,507.3 1 0
github.com/kubeedge/kubeedge/edge/pkg/edged/edged.go:509.2,510.29 2 0
github.com/kubeedge/kubeedge/edge/pkg/edged/edged.go:510.29,513.17 3 0
github.com/kubeedge/kubeedge/edge/pkg/edged/edged.go:513.17,515.4 1 0
github.com/kubeedge/kubeedge/edge/pkg/edged/edged.go:517.3,517.44 1 0
github.com/kubeedge/kubeedge/edge/pkg/edged/edged.go:517.44,518.88 1 0
github.com/kubeedge/kubeedge/edge/pkg/edged/edged.go:518.88,521.13 3 0
github.com/kubeedge/kubeedge/edge/pkg/edged/edged.go:524.4,524.29 1 0
github.com/kubeedge/kubeedge/edge/pkg/edged/edged.go:528.2,531.12 3 0
github.com/kubeedge/kubeedge/edge/pkg/edged/edged.go:534.109,537.59 3 0
github.com/kubeedge/kubeedge/edge/pkg/edged/edged.go:537.59,539.3 1 0
github.com/kubeedge/kubeedge/edge/pkg/edged/edged.go:541.2,541.31 1 0
github.com/kubeedge/kubeedge/edge/pkg/edged/edged.go:541.31,542.44 1 0
github.com/kubeedge/kubeedge/edge/pkg/edged/edged.go:542.44,544.4 1 0
github.com/kubeedge/kubeedge/edge/pkg/edged/edged.go:546.2,549.12 3 0
github.com/kubeedge/kubeedge/edge/pkg/edged/edged.go:552.78,553.12 1 0
github.com/kubeedge/kubeedge/edge/pkg/edged/edged.go:554.46,555.33 1 0
github.com/kubeedge/kubeedge/edge/pkg/edged/edged.go:556.46,557.33 1 0
github.com/kubeedge/kubeedge/edge/pkg/edged/edged.go:558.57,559.44 1 0
github.com/kubeedge/kubeedge/edge/pkg/edged/edged.go:560.59,561.46 1 0
github.com/kubeedge/kubeedge/edge/pkg/edged/edged.go:563.2,563.17 1 0
github.com/kubeedge/kubeedge/edge/pkg/edged/edged.go:566.67,569.16 3 0
github.com/kubeedge/kubeedge/edge/pkg/edged/edged.go:569.16,572.3 2 0
github.com/kubeedge/kubeedge/edge/pkg/edged/edged.go:574.2,577.16 4 0
github.com/kubeedge/kubeedge/edge/pkg/edged/edged.go:577.16,580.3 2 0
github.com/kubeedge/kubeedge/edge/pkg/edged/edged.go:581.2,582.17 2 0
github.com/kubeedge/kubeedge/edge/pkg/edged/edged.go:585.67,588.16 3 0
github.com/kubeedge/kubeedge/edge/pkg/edged/edged.go:588.16,591.3 2 0
github.com/kubeedge/kubeedge/edge/pkg/edged/edged.go:592.2,595.16 4 0
github.com/kubeedge/kubeedge/edge/pkg/edged/edged.go:595.16,598.3 2 0
github.com/kubeedge/kubeedge/edge/pkg/edged/edged.go:599.2,600.17 2 0
github.com/kubeedge/kubeedge/edge/pkg/edged/edged.go:603.78,606.16 3 0
github.com/kubeedge/kubeedge/edge/pkg/edged/edged.go:606.16,609.3 2 0
github.com/kubeedge/kubeedge/edge/pkg/edged/edged.go:610.2,613.16 4 0
github.com/kubeedge/kubeedge/edge/pkg/edged/edged.go:613.16,616.3 2 0
github.com/kubeedge/kubeedge/edge/pkg/edged/edged.go:617.2,618.17 2 0
github.com/kubeedge/kubeedge/edge/pkg/edged/edged.go:621.80,624.16 3 0
github.com/kubeedge/kubeedge/edge/pkg/edged/edged.go:624.16,627.3 2 0
github.com/kubeedge/kubeedge/edge/pkg/edged/edged.go:628.2,631.16 4 0
github.com/kubeedge/kubeedge/edge/pkg/edged/edged.go:631.16,634.3 2 0
github.com/kubeedge/kubeedge/edge/pkg/edged/edged.go:635.2,636.17 2 0
github.com/kubeedge/kubeedge/edge/pkg/edged/edged.go:639.61,641.2 1 0
github.com/kubeedge/kubeedge/edge/pkg/edged/edged.go:643.69,645.6 2 0
github.com/kubeedge/kubeedge/edge/pkg/edged/edged.go:645.6,647.17 2 0
github.com/kubeedge/kubeedge/edge/pkg/edged/edged.go:647.17,650.12 3 0
github.com/kubeedge/kubeedge/edge/pkg/edged/edged.go:653.3,655.17 3 0
github.com/kubeedge/kubeedge/edge/pkg/edged/edged.go:655.17,657.4 1 0
github.com/kubeedge/kubeedge/edge/pkg/edged/edged.go:659.3,659.34 1 0
github.com/kubeedge/kubeedge/edge/pkg/edged/edged.go:659.34,661.4 1 0
github.com/kubeedge/kubeedge/edge/pkg/edged/edged.go:661.9,663.9 2 0
github.com/kubeedge/kubeedge/edge/pkg/edged/edged.go:665.3,665.36 1 0
github.com/kubeedge/kubeedge/edge/pkg/edged/config/config.go:27.39,28.17 1 0
github.com/kubeedge/kubeedge/edge/pkg/edged/config/config.go:28.17,32.3 1 0
github.com/kubeedge/kubeedge/edge/pkg/edged/config/config.go:35.177,42.104 7 0
github.com/kubeedge/kubeedge/edge/pkg/edged/config/config.go:42.104,44.3 1 0
github.com/kubeedge/kubeedge/edge/pkg/edged/config/config.go:45.2,46.102 2 0
github.com/kubeedge/kubeedge/edge/pkg/edged/config/config.go:46.102,48.3 1 0
github.com/kubeedge/kubeedge/edge/pkg/edged/config/config.go:49.2,50.118 2 0
github.com/kubeedge/kubeedge/edge/pkg/edged/config/config.go:50.118,52.3 1 0
github.com/kubeedge/kubeedge/edge/pkg/edged/config/config.go:53.2,54.96 2 0
github.com/kubeedge/kubeedge/edge/pkg/edged/config/config.go:54.96,56.3 1 0
github.com/kubeedge/kubeedge/edge/pkg/edged/config/config.go:57.2,65.128 9 0
github.com/kubeedge/kubeedge/edge/pkg/edged/config/config.go:65.128,67.3 1 0
github.com/kubeedge/kubeedge/edge/pkg/edged/config/config.go:68.2,68.126 1 0
github.com/kubeedge/kubeedge/edge/pkg/edged/config/config.go:68.126,70.3 1 0
github.com/kubeedge/kubeedge/edge/pkg/edged/config/config.go:71.2,75.98 5 0
github.com/kubeedge/kubeedge/edge/pkg/edged/config/config.go:75.98,77.3 1 0
github.com/kubeedge/kubeedge/edge/pkg/edged/config/config.go:78.2,92.98 15 0
github.com/kubeedge/kubeedge/edge/pkg/edged/config/config.go:92.98,94.3 1 0
github.com/kubeedge/kubeedge/edge/pkg/edged/config/config.go:95.2,95.104 1 0
github.com/kubeedge/kubeedge/edge/pkg/edged/config/config.go:95.104,97.3 1 0
github.com/kubeedge/kubeedge/edge/pkg/edged/config/config.go:98.2,98.94 1 0
github.com/kubeedge/kubeedge/edge/pkg/edged/config/config.go:98.94,100.3 1 0
github.com/kubeedge/kubeedge/edge/pkg/edged/config/config.go:101.2,101.120 1 0
github.com/kubeedge/kubeedge/edge/pkg/edged/config/config.go:101.120,103.3 1 0
github.com/kubeedge/kubeedge/edge/pkg/edged/config/config.go:104.2,104.112 1 0
github.com/kubeedge/kubeedge/edge/pkg/edged/config/config.go:104.112,106.3 1 0
github.com/kubeedge/kubeedge/edge/pkg/edged/config/config.go:107.2,109.110 3 0
github.com/kubeedge/kubeedge/edge/pkg/edged/config/config.go:109.110,111.3 1 0
github.com/kubeedge/kubeedge/edge/pkg/edged/config/config.go:112.2,120.128 9 0
github.com/kubeedge/kubeedge/edge/pkg/edged/config/config.go:120.128,122.3 1 0
github.com/kubeedge/kubeedge/edge/pkg/edged/config/config.go:123.2,124.116 2 0
github.com/kubeedge/kubeedge/edge/pkg/edged/config/config.go:124.116,126.3 1 0
github.com/kubeedge/kubeedge/edge/pkg/edged/config/config.go:127.2,127.116 1 0
github.com/kubeedge/kubeedge/edge/pkg/edged/config/config.go:127.116,129.3 1 0
github.com/kubeedge/kubeedge/edge/pkg/edged/config/config.go:130.2,130.104 1 0
github.com/kubeedge/kubeedge/edge/pkg/edged/config/config.go:130.104,132.3 1 0
github.com/kubeedge/kubeedge/edge/pkg/edged/config/config.go:133.2,134.92 2 0
github.com/kubeedge/kubeedge/edge/pkg/edged/config/config.go:134.92,136.3 1 0
github.com/kubeedge/kubeedge/edge/pkg/edged/config/config.go:137.2,139.114 3 0
github.com/kubeedge/kubeedge/edge/pkg/edged/config/config.go:139.114,141.3 1 0
github.com/kubeedge/kubeedge/edge/pkg/edged/config/config.go:142.2,142.118 1 0
github.com/kubeedge/kubeedge/edge/pkg/edged/config/config.go:142.118,144.3 1 0
github.com/kubeedge/kubeedge/edge/pkg/edged/config/config.go:145.2,145.140 1 0
github.com/kubeedge/kubeedge/edge/pkg/edged/config/config.go:145.140,147.3 1 0
github.com/kubeedge/kubeedge/edge/pkg/edged/config/config.go:148.2,160.116 13 0
github.com/kubeedge/kubeedge/edge/pkg/edged/config/config.go:160.116,162.3 1 0
github.com/kubeedge/kubeedge/edge/pkg/edged/config/config.go:163.2,163.112 1 0
github.com/kubeedge/kubeedge/edge/pkg/edged/config/config.go:163.112,165.3 1 0
github.com/kubeedge/kubeedge/edge/pkg/edged/config/config.go:166.2,170.116 5 0
github.com/kubeedge/kubeedge/edge/pkg/edged/config/config.go:170.116,172.3 1 0
github.com/kubeedge/kubeedge/edge/pkg/edged/config/config.go:173.2,173.118 1 0
github.com/kubeedge/kubeedge/edge/pkg/edged/config/config.go:173.118,175.3 1 0
github.com/kubeedge/kubeedge/edge/pkg/edged/config/config.go:176.2,176.100 1 0
github.com/kubeedge/kubeedge/edge/pkg/edged/config/config.go:176.100,178.3 1 0
github.com/kubeedge/kubeedge/edge/pkg/edged/config/config.go:179.2,181.96 3 0
github.com/kubeedge/kubeedge/edge/pkg/edged/config/config.go:181.96,183.3 1 0
github.com/kubeedge/kubeedge/edge/pkg/edged/config/config.go:184.2,184.130 1 0
github.com/kubeedge/kubeedge/edge/pkg/edged/config/config.go:184.130,186.3 1 0
github.com/kubeedge/kubeedge/edge/pkg/edged/config/config.go:187.2,189.96 3 0
github.com/kubeedge/kubeedge/edge/pkg/edged/config/config.go:189.96,191.3 1 0
github.com/kubeedge/kubeedge/edge/pkg/edged/config/config.go:192.2,192.12 1 0
github.com/kubeedge/kubeedge/edge/pkg/edged/config/config.go:195.116,213.2 15 0
github.com/kubeedge/kubeedge/edge/pkg/edged/kubeclientbridge/clientset_bridge.go:43.78,45.2 1 1
github.com/kubeedge/kubeedge/edge/pkg/edged/kubeclientbridge/clientset_bridge.go:54.53,56.2 1 1
github.com/kubeedge/kubeedge/edge/pkg/edged/kubeclientbridge/clientset_bridge.go:59.62,61.2 1 1
github.com/kubeedge/kubeedge/edge/pkg/edged/kubeclientbridge/clientset_bridge.go:63.77,65.2 1 1
github.com/kubeedge/kubeedge/edge/pkg/edged/kubeclientbridge/typed/storage/v1/storage_client_bridge.go:38.83,40.2 1 1
github.com/kubeedge/kubeedge/edge/pkg/edged/kubeclientbridge/typed/storage/v1/volumeattachment_bridge.go:43.146,45.2 1 1
github.com/kubeedge/kubeedge/edge/pkg/edged/kubeclientbridge/typed/coordination/v1/coordination_client_bridge.go:39.92,42.2 2 0
github.com/kubeedge/kubeedge/edge/pkg/edged/kubeclientbridge/typed/coordination/v1/lease_bridge.go:43.144,45.2 1 0
github.com/kubeedge/kubeedge/edge/pkg/edged/kubeclientbridge/typed/coordination/v1/lease_bridge.go:47.144,49.2 1 0
github.com/kubeedge/kubeedge/edge/pkg/edged/kubeclientbridge/typed/coordination/v1/lease_bridge.go:51.122,53.2 1 0
github.com/kubeedge/kubeedge/edge/pkg/edged/kubeclientbridge/typed/core/v1/configmap_bridge.go:44.122,46.2 1 0
github.com/kubeedge/kubeedge/edge/pkg/edged/kubeclientbridge/typed/core/v1/core_client_bridge.go:39.53,41.2 1 0
github.com/kubeedge/kubeedge/edge/pkg/edged/kubeclientbridge/typed/core/v1/core_client_bridge.go:43.77,45.2 1 0
github.com/kubeedge/kubeedge/edge/pkg/edged/kubeclientbridge/typed/core/v1/core_client_bridge.go:47.103,49.2 1 0
github.com/kubeedge/kubeedge/edge/pkg/edged/kubeclientbridge/typed/core/v1/core_client_bridge.go:51.79,53.2 1 0
github.com/kubeedge/kubeedge/edge/pkg/edged/kubeclientbridge/typed/core/v1/core_client_bridge.go:55.73,57.2 1 0
github.com/kubeedge/kubeedge/edge/pkg/edged/kubeclientbridge/typed/core/v1/core_client_bridge.go:59.89,61.2 1 0
github.com/kubeedge/kubeedge/edge/pkg/edged/kubeclientbridge/typed/core/v1/core_client_bridge.go:63.67,65.2 1 0
github.com/kubeedge/kubeedge/edge/pkg/edged/kubeclientbridge/typed/core/v1/core_client_bridge.go:67.71,69.2 1 0
github.com/kubeedge/kubeedge/edge/pkg/edged/kubeclientbridge/typed/core/v1/event_bridge.go:40.121,42.2 1 0
github.com/kubeedge/kubeedge/edge/pkg/edged/kubeclientbridge/typed/core/v1/event_bridge.go:44.121,46.2 1 0
github.com/kubeedge/kubeedge/edge/pkg/edged/kubeclientbridge/typed/core/v1/event_bridge.go:48.179,50.2 1 0
github.com/kubeedge/kubeedge/edge/pkg/edged/kubeclientbridge/typed/core/v1/event_bridge.go:52.96,54.2 1 0
github.com/kubeedge/kubeedge/edge/pkg/edged/kubeclientbridge/typed/core/v1/event_bridge.go:56.107,58.2 1 0
github.com/kubeedge/kubeedge/edge/pkg/edged/kubeclientbridge/typed/core/v1/event_bridge.go:60.151,62.2 1 0
github.com/kubeedge/kubeedge/edge/pkg/edged/kubeclientbridge/typed/core/v1/event_bridge.go:64.93,66.2 1 0
github.com/kubeedge/kubeedge/edge/pkg/edged/kubeclientbridge/typed/core/v1/event_bridge.go:68.93,70.2 1 0
github.com/kubeedge/kubeedge/edge/pkg/edged/kubeclientbridge/typed/core/v1/event_bridge.go:72.105,74.2 1 0
github.com/kubeedge/kubeedge/edge/pkg/edged/kubeclientbridge/typed/core/v1/node_bridge.go:45.114,47.2 1 0
github.com/kubeedge/kubeedge/edge/pkg/edged/kubeclientbridge/typed/core/v1/node_bridge.go:50.113,52.2 1 0
github.com/kubeedge/kubeedge/edge/pkg/edged/kubeclientbridge/typed/core/v1/node_bridge.go:55.125,57.16 2 0
github.com/kubeedge/kubeedge/edge/pkg/edged/kubeclientbridge/typed/core/v1/node_bridge.go:57.16,59.3 1 0
github.com/kubeedge/kubeedge/edge/pkg/edged/kubeclientbridge/typed/core/v1/node_bridge.go:60.2,60.18 1 0
github.com/kubeedge/kubeedge/edge/pkg/edged/kubeclientbridge/typed/core/v1/node_bridge.go:64.172,66.2 1 0
github.com/kubeedge/kubeedge/edge/pkg/edged/kubeclientbridge/typed/core/v1/persistentvolume_bridge.go:43.143,45.2 1 0
github.com/kubeedge/kubeedge/edge/pkg/edged/kubeclientbridge/typed/core/v1/persistentvolumeclaim_bridge.go:44.153,46.2 1 0
github.com/kubeedge/kubeedge/edge/pkg/edged/kubeclientbridge/typed/core/v1/pod_bridge.go:39.111,41.2 1 0
github.com/kubeedge/kubeedge/edge/pkg/edged/kubeclientbridge/typed/core/v1/pod_bridge.go:43.160,45.2 1 0
github.com/kubeedge/kubeedge/edge/pkg/edged/kubeclientbridge/typed/core/v1/pod_bridge.go:47.94,49.2 1 0
github.com/kubeedge/kubeedge/edge/pkg/edged/kubeclientbridge/typed/core/v1/pod_bridge.go:51.121,53.2 1 0
github.com/kubeedge/kubeedge/edge/pkg/edged/kubeclientbridge/typed/core/v1/secret_bridge.go:44.116,46.2 1 0
github.com/kubeedge/kubeedge/edge/pkg/edged/kubeclientbridge/typed/core/v1/serviceaccount_bridge.go:46.211,48.2 1 0
github.com/kubeedge/kubeedge/edge/pkg/edged/kubeclientbridge/typed/core/v1/serviceaccount_bridge.go:50.104,53.2 2 0
github.com/kubeedge/kubeedge/edge/pkg/edged/kubeclientbridge/typed/core/v1/serviceaccount_bridge.go:55.133,57.2 1 0
github.com/kubeedge/kubeedge/edge/pkg/edgehub/certificate/certmanager.go:37.65,39.2 1 0
github.com/kubeedge/kubeedge/edge/pkg/edgehub/certificate/certmanager.go:61.76,74.2 1 0
github.com/kubeedge/kubeedge/edge/pkg/edgehub/certificate/certmanager.go:77.32,78.43 1 0
github.com/kubeedge/kubeedge/edge/pkg/edgehub/certificate/certmanager.go:78.43,81.40 3 0
github.com/kubeedge/kubeedge/edge/pkg/edgehub/certificate/certmanager.go:81.40,82.69 1 0
github.com/kubeedge/kubeedge/edge/pkg/edgehub/certificate/certmanager.go:85.3,85.33 1 0
github.com/kubeedge/kubeedge/edge/pkg/edgehub/certificate/certmanager.go:87.2,87.27 1 0
github.com/kubeedge/kubeedge/edge/pkg/edgehub/certificate/certmanager.go:87.27,89.3 1 0
github.com/kubeedge/kubeedge/edge/pkg/edgehub/certificate/certmanager.go:93.63,95.16 2 1
github.com/kubeedge/kubeedge/edge/pkg/edgehub/certificate/certmanager.go:95.16,97.3 1 0
github.com/kubeedge/kubeedge/edge/pkg/edgehub/certificate/certmanager.go:98.2,99.16 2 1
github.com/kubeedge/kubeedge/edge/pkg/edgehub/certificate/certmanager.go:99.16,101.3 1 0
github.com/kubeedge/kubeedge/edge/pkg/edgehub/certificate/certmanager.go:102.2,102.89 1 1
github.com/kubeedge/kubeedge/edge/pkg/edgehub/certificate/certmanager.go:102.89,104.3 1 1
github.com/kubeedge/kubeedge/edge/pkg/edgehub/certificate/certmanager.go:105.2,106.19 2 1
github.com/kubeedge/kubeedge/edge/pkg/edgehub/certificate/certmanager.go:110.43,112.16 2 0
github.com/kubeedge/kubeedge/edge/pkg/edgehub/certificate/certmanager.go:112.16,114.3 1 0
github.com/kubeedge/kubeedge/edge/pkg/edgehub/certificate/certmanager.go:117.2,118.16 2 0
github.com/kubeedge/kubeedge/edge/pkg/edgehub/certificate/certmanager.go:118.16,120.3 1 0
github.com/kubeedge/kubeedge/edge/pkg/edgehub/certificate/certmanager.go:123.2,124.16 2 0
github.com/kubeedge/kubeedge/edge/pkg/edgehub/certificate/certmanager.go:124.16,126.3 1 0
github.com/kubeedge/kubeedge/edge/pkg/edgehub/certificate/certmanager.go:127.2,128.16 2 0
github.com/kubeedge/kubeedge/edge/pkg/edgehub/certificate/certmanager.go:128.16,130.3 1 0
github.com/kubeedge/kubeedge/edge/pkg/edgehub/certificate/certmanager.go:132.2,133.55 1 0
github.com/kubeedge/kubeedge/edge/pkg/edgehub/certificate/certmanager.go:133.55,135.3 1 0
github.com/kubeedge/kubeedge/edge/pkg/edgehub/certificate/certmanager.go:136.2,137.54 1 0
github.com/kubeedge/kubeedge/edge/pkg/edgehub/certificate/certmanager.go:137.54,139.3 1 0
github.com/kubeedge/kubeedge/edge/pkg/edgehub/certificate/certmanager.go:140.2,140.12 1 0
github.com/kubeedge/kubeedge/edge/pkg/edgehub/certificate/certmanager.go:144.33,146.25 2 0
github.com/kubeedge/kubeedge/edge/pkg/edgehub/certificate/certmanager.go:146.25,148.17 2 0
github.com/kubeedge/kubeedge/edge/pkg/edgehub/certificate/certmanager.go:148.17,150.4 1 0
github.com/kubeedge/kubeedge/edge/pkg/edgehub/certificate/certmanager.go:151.3,151.65 1 0
github.com/kubeedge/kubeedge/edge/pkg/edgehub/certificate/certmanager.go:151.65,158.4 4 0
github.com/kubeedge/kubeedge/edge/pkg/edgehub/certificate/certmanager.go:160.3,166.73 2 0
github.com/kubeedge/kubeedge/edge/pkg/edgehub/certificate/certmanager.go:166.73,168.75 2 0
github.com/kubeedge/kubeedge/edge/pkg/edgehub/certificate/certmanager.go:168.75,171.5 1 0
github.com/kubeedge/kubeedge/edge/pkg/edgehub/certificate/certmanager.go:177.66,179.16 2 0
github.com/kubeedge/kubeedge/edge/pkg/edgehub/certificate/certmanager.go:179.16,181.3 1 0
github.com/kubeedge/kubeedge/edge/pkg/edgehub/certificate/certmanager.go:182.2,187.22 5 0
github.com/kubeedge/kubeedge/edge/pkg/edgehub/certificate/certmanager.go:191.51,195.16 3 0
github.com/kubeedge/kubeedge/edge/pkg/edgehub/certificate/certmanager.go:195.16,198.3 2 0
github.com/kubeedge/kubeedge/edge/pkg/edgehub/certificate/certmanager.go:199.2,200.16 2 0
github.com/kubeedge/kubeedge/edge/pkg/edgehub/certificate/certmanager.go:200.16,203.3 2 0
github.com/kubeedge/kubeedge/edge/pkg/edgehub/certificate/certmanager.go:204.2,205.16 2 0
github.com/kubeedge/kubeedge/edge/pkg/edgehub/certificate/certmanager.go:205.16,208.3 2 0
github.com/kubeedge/kubeedge/edge/pkg/edgehub/certificate/certmanager.go:209.2,210.55 1 0
github.com/kubeedge/kubeedge/edge/pkg/edgehub/certificate/certmanager.go:210.55,213.3 2 0
github.com/kubeedge/kubeedge/edge/pkg/edgehub/certificate/certmanager.go:214.2,215.54 1 0
github.com/kubeedge/kubeedge/edge/pkg/edgehub/certificate/certmanager.go:215.54,218.3 2 0
github.com/kubeedge/kubeedge/edge/pkg/edgehub/certificate/certmanager.go:220.2,224.18 3 0
github.com/kubeedge/kubeedge/edge/pkg/edgehub/certificate/certmanager.go:228.48,230.2 1 0
github.com/kubeedge/kubeedge/edge/pkg/edgehub/certificate/certmanager.go:233.44,236.16 3 1
github.com/kubeedge/kubeedge/edge/pkg/edgehub/certificate/certmanager.go:236.16,238.3 1 0
github.com/kubeedge/kubeedge/edge/pkg/edgehub/certificate/certmanager.go:239.2,240.16 2 1
github.com/kubeedge/kubeedge/edge/pkg/edgehub/certificate/certmanager.go:240.16,242.3 1 0
github.com/kubeedge/kubeedge/edge/pkg/edgehub/certificate/certmanager.go:243.2,245.16 3 1
github.com/kubeedge/kubeedge/edge/pkg/edgehub/certificate/certmanager.go:245.16,247.3 1 0
github.com/kubeedge/kubeedge/edge/pkg/edgehub/certificate/certmanager.go:249.2,249.20 1 1
github.com/kubeedge/kubeedge/edge/pkg/edgehub/certificate/certmanager.go:254.27,257.16 3 1
github.com/kubeedge/kubeedge/edge/pkg/edgehub/certificate/certmanager.go:257.16,259.3 1 0
github.com/kubeedge/kubeedge/edge/pkg/edgehub/certificate/certmanager.go:260.2,267.16 2 1
github.com/kubeedge/kubeedge/edge/pkg/edgehub/certificate/certmanager.go:267.16,269.3 1 0
github.com/kubeedge/kubeedge/edge/pkg/edgehub/certificate/certmanager.go:271.2,272.16 2 1
github.com/kubeedge/kubeedge/edge/pkg/edgehub/certificate/certmanager.go:272.16,274.3 1 0
github.com/kubeedge/kubeedge/edge/pkg/edgehub/certificate/certmanager.go:276.2,277.16 2 1
github.com/kubeedge/kubeedge/edge/pkg/edgehub/certificate/certmanager.go:277.16,279.3 1 0
github.com/kubeedge/kubeedge/edge/pkg/edgehub/certificate/certmanager.go:281.2,282.16 2 1
github.com/kubeedge/kubeedge/edge/pkg/edgehub/certificate/certmanager.go:282.16,284.3 1 0
github.com/kubeedge/kubeedge/edge/pkg/edgehub/certificate/certmanager.go:285.2,288.16 3 1
github.com/kubeedge/kubeedge/edge/pkg/edgehub/certificate/certmanager.go:288.16,290.3 1 0
github.com/kubeedge/kubeedge/edge/pkg/edgehub/certificate/certmanager.go:291.2,291.40 1 1
github.com/kubeedge/kubeedge/edge/pkg/edgehub/certificate/certmanager.go:291.40,293.3 1 1
github.com/kubeedge/kubeedge/edge/pkg/edgehub/certificate/certmanager.go:294.2,294.32 1 1
github.com/kubeedge/kubeedge/edge/pkg/edgehub/certificate/http/http.go:32.35,44.2 3 1
github.com/kubeedge/kubeedge/edge/pkg/edgehub/certificate/http/http.go:47.69,50.16 3 1
github.com/kubeedge/kubeedge/edge/pkg/edgehub/certificate/http/http.go:50.16,53.3 2 1
github.com/kubeedge/kubeedge/edge/pkg/edgehub/certificate/http/http.go:54.2,65.20 3 1
github.com/kubeedge/kubeedge/edge/pkg/edgehub/certificate/http/http.go:69.91,71.47 2 1
github.com/kubeedge/kubeedge/edge/pkg/edgehub/certificate/http/http.go:71.47,73.3 1 1
github.com/kubeedge/kubeedge/edge/pkg/edgehub/certificate/http/http.go:74.2,82.20 3 1
github.com/kubeedge/kubeedge/edge/pkg/edgehub/certificate/http/http.go:86.82,88.16 2 1
github.com/kubeedge/kubeedge/edge/pkg/edgehub/certificate/http/http.go:88.16,90.3 1 1
github.com/kubeedge/kubeedge/edge/pkg/edgehub/certificate/http/http.go:91.2,91.18 1 0
github.com/kubeedge/kubeedge/edge/pkg/edgehub/certificate/http/http.go:95.119,97.16 2 1
github.com/kubeedge/kubeedge/edge/pkg/edgehub/certificate/http/http.go:97.16,99.3 1 1
github.com/kubeedge/kubeedge/edge/pkg/edgehub/certificate/http/http.go:100.2,100.17 1 1
github.com/kubeedge/kubeedge/edge/pkg/edgehub/certificate/http/http.go:100.17,103.3 2 1
github.com/kubeedge/kubeedge/edge/pkg/edgehub/certificate/http/http.go:104.2,104.20 1 1
github.com/kubeedge/kubeedge/edge/pkg/edgehub/certificate/http/http.go:104.20,106.3 1 1
github.com/kubeedge/kubeedge/edge/pkg/edgehub/certificate/http/http.go:107.2,107.17 1 1
github.com/kubeedge/kubeedge/edge/pkg/edgehub/clients/quicclient/quicclient.go:39.50,41.2 1 1
github.com/kubeedge/kubeedge/edge/pkg/edgehub/clients/quicclient/quicclient.go:44.37,47.16 3 1
github.com/kubeedge/kubeedge/edge/pkg/edgehub/clients/quicclient/quicclient.go:47.16,50.3 2 1
github.com/kubeedge/kubeedge/edge/pkg/edgehub/clients/quicclient/quicclient.go:51.2,52.16 2 1
github.com/kubeedge/kubeedge/edge/pkg/edgehub/clients/quicclient/quicclient.go:52.16,55.3 2 0
github.com/kubeedge/kubeedge/edge/pkg/edgehub/clients/quicclient/quicclient.go:56.2,76.16 10 1
github.com/kubeedge/kubeedge/edge/pkg/edgehub/clients/quicclient/quicclient.go:76.16,79.3 2 0
github.com/kubeedge/kubeedge/edge/pkg/edgehub/clients/quicclient/quicclient.go:80.2,83.12 3 1
github.com/kubeedge/kubeedge/edge/pkg/edgehub/clients/quicclient/quicclient.go:87.33,89.2 1 0
github.com/kubeedge/kubeedge/edge/pkg/edgehub/clients/quicclient/quicclient.go:92.58,93.23 1 1
github.com/kubeedge/kubeedge/edge/pkg/edgehub/clients/quicclient/quicclient.go:93.23,95.3 1 0
github.com/kubeedge/kubeedge/edge/pkg/edgehub/clients/quicclient/quicclient.go:96.2,96.47 1 1
github.com/kubeedge/kubeedge/edge/pkg/edgehub/clients/quicclient/quicclient.go:100.57,104.2 3 1
github.com/kubeedge/kubeedge/edge/pkg/edgehub/clients/quicclient/quicclient.go:107.50,109.2 1 0
github.com/kubeedge/kubeedge/edge/pkg/edgehub/clients/factory.go:13.35,15.9 2 0
github.com/kubeedge/kubeedge/edge/pkg/edgehub/clients/factory.go:16.31,27.58 2 0
github.com/kubeedge/kubeedge/edge/pkg/edgehub/clients/factory.go:28.26,40.52 2 0
github.com/kubeedge/kubeedge/edge/pkg/edgehub/clients/factory.go:43.2,43.64 1 0
github.com/kubeedge/kubeedge/edge/pkg/edgehub/certificate/http/fake/http.go:9.52,13.2 1 0
github.com/kubeedge/kubeedge/edge/pkg/edgehub/certificate/http/fake/http.go:15.37,17.2 1 0
github.com/kubeedge/kubeedge/edge/pkg/edgehub/config/config.go:19.59,20.17 1 1
github.com/kubeedge/kubeedge/edge/pkg/edgehub/config/config.go:20.17,26.3 1 1
github.com/kubeedge/kubeedge/edge/pkg/edgehub/messagehandler/handler.go:40.61,42.2 1 0
github.com/kubeedge/kubeedge/edge/pkg/edgehub/messagehandler/handler.go:44.87,46.2 1 0
github.com/kubeedge/kubeedge/edge/pkg/edgehub/messagehandler/handler.go:51.25,58.2 1 0
github.com/kubeedge/kubeedge/edge/pkg/edgehub/messagehandler/handler.go:61.74,62.34 1 0
github.com/kubeedge/kubeedge/edge/pkg/edgehub/messagehandler/handler.go:62.34,65.30 2 0
github.com/kubeedge/kubeedge/edge/pkg/edgehub/messagehandler/handler.go:65.30,67.59 2 0
github.com/kubeedge/kubeedge/edge/pkg/edgehub/messagehandler/handler.go:67.59,69.5 1 0
github.com/kubeedge/kubeedge/edge/pkg/edgehub/messagehandler/handler.go:70.4,70.14 1 0
github.com/kubeedge/kubeedge/edge/pkg/edgehub/messagehandler/handler.go:73.2,73.120 1 0
github.com/kubeedge/kubeedge/edge/pkg/edgehub/messagehandler/handler_bus.go:31.44,34.45 1 0
github.com/kubeedge/kubeedge/edge/pkg/edgehub/messagehandler/handler_bus.go:34.45,36.4 1 0
github.com/kubeedge/kubeedge/edge/pkg/edgehub/messagehandler/handler_bus.go:38.75,39.31 1 0
github.com/kubeedge/kubeedge/edge/pkg/edgehub/messagehandler/handler_bus.go:39.31,42.5 2 0
github.com/kubeedge/kubeedge/edge/pkg/edgehub/messagehandler/handler_bus.go:43.4,43.27 1 0
github.com/kubeedge/kubeedge/edge/pkg/edgehub/messagehandler/handler_bus.go:44.27,45.58 1 0
github.com/kubeedge/kubeedge/edge/pkg/edgehub/messagehandler/handler_bus.go:46.29,47.60 1 0
github.com/kubeedge/kubeedge/edge/pkg/edgehub/messagehandler/handler_bus.go:48.12,49.88 1 0
github.com/kubeedge/kubeedge/edge/pkg/edgehub/messagehandler/handler_bus.go:51.4,51.14 1 0
github.com/kubeedge/kubeedge/edge/pkg/edgehub/messagehandler/handler_meta.go:29.45,32.45 1 0
github.com/kubeedge/kubeedge/edge/pkg/edgehub/messagehandler/handler_meta.go:32.45,36.4 2 0
github.com/kubeedge/kubeedge/edge/pkg/edgehub/messagehandler/handler_meta.go:39.75,40.31 1 0
github.com/kubeedge/kubeedge/edge/pkg/edgehub/messagehandler/handler_meta.go:40.31,42.5 1 0
github.com/kubeedge/kubeedge/edge/pkg/edgehub/messagehandler/handler_meta.go:42.10,44.5 1 0
github.com/kubeedge/kubeedge/edge/pkg/edgehub/messagehandler/handler_meta.go:45.4,45.14 1 0
github.com/kubeedge/kubeedge/edge/pkg/edgehub/messagehandler/handler_task.go:29.45,32.45 1 0
github.com/kubeedge/kubeedge/edge/pkg/edgehub/messagehandler/handler_task.go:32.45,34.4 1 0
github.com/kubeedge/kubeedge/edge/pkg/edgehub/messagehandler/handler_task.go:36.75,39.4 2 0
github.com/kubeedge/kubeedge/edge/pkg/edgehub/messagehandler/handler_twin.go:28.45,31.45 1 0
github.com/kubeedge/kubeedge/edge/pkg/edgehub/messagehandler/handler_twin.go:31.45,33.4 1 0
github.com/kubeedge/kubeedge/edge/pkg/edgehub/messagehandler/handler_twin.go:35.79,38.4 2 0
github.com/kubeedge/kubeedge/edge/pkg/edgestream/edgestream.go:48.78,54.2 1 0
github.com/kubeedge/kubeedge/edge/pkg/edgestream/edgestream.go:57.72,60.2 2 0
github.com/kubeedge/kubeedge/edge/pkg/edgestream/edgestream.go:62.36,64.2 1 0
github.com/kubeedge/kubeedge/edge/pkg/edgestream/edgestream.go:66.37,68.2 1 0
github.com/kubeedge/kubeedge/edge/pkg/edgestream/edgestream.go:70.36,72.2 1 0
github.com/kubeedge/kubeedge/edge/pkg/edgestream/edgestream.go:74.64,75.66 1 0
github.com/kubeedge/kubeedge/edge/pkg/edgestream/edgestream.go:75.66,77.3 1 0
github.com/kubeedge/kubeedge/edge/pkg/edgestream/edgestream.go:78.2,81.3 1 0
github.com/kubeedge/kubeedge/edge/pkg/edgestream/edgestream.go:84.30,91.57 2 0
github.com/kubeedge/kubeedge/edge/pkg/edgestream/edgestream.go:91.57,93.3 1 0
github.com/kubeedge/kubeedge/edge/pkg/edgestream/edgestream.go:95.2,96.16 2 0
github.com/kubeedge/kubeedge/edge/pkg/edgestream/edgestream.go:96.16,98.3 1 0
github.com/kubeedge/kubeedge/edge/pkg/edgestream/edgestream.go:99.2,107.6 4 0
github.com/kubeedge/kubeedge/edge/pkg/edgestream/edgestream.go:107.6,108.10 1 0
github.com/kubeedge/kubeedge/edge/pkg/edgestream/edgestream.go:109.32,110.10 1 0
github.com/kubeedge/kubeedge/edge/pkg/edgestream/edgestream.go:111.19,113.18 2 0
github.com/kubeedge/kubeedge/edge/pkg/edgestream/edgestream.go:113.18,115.5 1 0
github.com/kubeedge/kubeedge/edge/pkg/edgestream/edgestream.go:120.81,126.20 3 0
github.com/kubeedge/kubeedge/edge/pkg/edgestream/edgestream.go:126.20,128.17 2 0
github.com/kubeedge/kubeedge/edge/pkg/edgestream/edgestream.go:128.17,130.4 1 0
github.com/kubeedge/kubeedge/edge/pkg/edgestream/edgestream.go:131.3,132.14 2 0
github.com/kubeedge/kubeedge/edge/pkg/edgestream/edgestream.go:133.8,135.3 1 0
github.com/kubeedge/kubeedge/edge/pkg/edgestream/edgestream.go:137.2,146.16 6 0
github.com/kubeedge/kubeedge/edge/pkg/edgestream/edgestream.go:146.16,149.3 2 0
github.com/kubeedge/kubeedge/edge/pkg/edgestream/edgestream.go:150.2,151.24 2 0
github.com/kubeedge/kubeedge/edge/pkg/edgestream/tunnel.go:41.57,48.2 1 0
github.com/kubeedge/kubeedge/edge/pkg/edgestream/tunnel.go:50.70,55.55 2 0
github.com/kubeedge/kubeedge/edge/pkg/edgestream/tunnel.go:55.55,58.3 2 0
github.com/kubeedge/kubeedge/edge/pkg/edgestream/tunnel.go:60.2,61.31 2 0
github.com/kubeedge/kubeedge/edge/pkg/edgestream/tunnel.go:64.79,69.56 2 0
github.com/kubeedge/kubeedge/edge/pkg/edgestream/tunnel.go:69.56,72.3 2 0
github.com/kubeedge/kubeedge/edge/pkg/edgestream/tunnel.go:74.2,76.32 3 0
github.com/kubeedge/kubeedge/edge/pkg/edgestream/tunnel.go:79.81,84.58 2 0
github.com/kubeedge/kubeedge/edge/pkg/edgestream/tunnel.go:84.58,87.3 2 0
github.com/kubeedge/kubeedge/edge/pkg/edgestream/tunnel.go:89.2,91.34 3 0
github.com/kubeedge/kubeedge/edge/pkg/edgestream/tunnel.go:94.73,99.59 2 0
github.com/kubeedge/kubeedge/edge/pkg/edgestream/tunnel.go:99.59,102.3 2 0
github.com/kubeedge/kubeedge/edge/pkg/edgestream/tunnel.go:104.2,105.35 2 0
github.com/kubeedge/kubeedge/edge/pkg/edgestream/tunnel.go:108.60,109.23 1 0
github.com/kubeedge/kubeedge/edge/pkg/edgestream/tunnel.go:110.37,111.50 1 0
github.com/kubeedge/kubeedge/edge/pkg/edgestream/tunnel.go:111.50,113.4 1 0
github.com/kubeedge/kubeedge/edge/pkg/edgestream/tunnel.go:114.37,115.59 1 0
github.com/kubeedge/kubeedge/edge/pkg/edgestream/tunnel.go:115.59,117.4 1 0
github.com/kubeedge/kubeedge/edge/pkg/edgestream/tunnel.go:118.39,119.53 1 0
github.com/kubeedge/kubeedge/edge/pkg/edgestream/tunnel.go:119.53,121.4 1 0
github.com/kubeedge/kubeedge/edge/pkg/edgestream/tunnel.go:122.39,123.61 1 0
github.com/kubeedge/kubeedge/edge/pkg/edgestream/tunnel.go:123.61,125.4 1 0
github.com/kubeedge/kubeedge/edge/pkg/edgestream/tunnel.go:126.10,127.61 1 0
github.com/kubeedge/kubeedge/edge/pkg/edgestream/tunnel.go:130.2,131.102 2 0
github.com/kubeedge/kubeedge/edge/pkg/edgestream/tunnel.go:134.33,137.15 3 0
github.com/kubeedge/kubeedge/edge/pkg/edgestream/tunnel.go:137.15,139.3 1 0
github.com/kubeedge/kubeedge/edge/pkg/edgestream/tunnel.go:140.2,140.17 1 0
github.com/kubeedge/kubeedge/edge/pkg/edgestream/tunnel.go:143.67,144.54 1 0
github.com/kubeedge/kubeedge/edge/pkg/edgestream/tunnel.go:144.54,146.3 1 0
github.com/kubeedge/kubeedge/edge/pkg/edgestream/tunnel.go:149.56,153.6 3 0
github.com/kubeedge/kubeedge/edge/pkg/edgestream/tunnel.go:153.6,154.10 1 0
github.com/kubeedge/kubeedge/edge/pkg/edgestream/tunnel.go:155.21,156.10 1 0
github.com/kubeedge/kubeedge/edge/pkg/edgestream/tunnel.go:157.14,159.18 2 0
github.com/kubeedge/kubeedge/edge/pkg/edgestream/tunnel.go:159.18,162.5 2 0
github.com/kubeedge/kubeedge/edge/pkg/edgestream/tunnel.go:167.39,169.15 2 0
github.com/kubeedge/kubeedge/edge/pkg/edgestream/tunnel.go:169.15,173.3 3 0
github.com/kubeedge/kubeedge/edge/pkg/edgestream/tunnel.go:175.2,177.6 2 0
github.com/kubeedge/kubeedge/edge/pkg/edgestream/tunnel.go:177.6,179.17 2 0
github.com/kubeedge/kubeedge/edge/pkg/edgestream/tunnel.go:179.17,182.4 2 0
github.com/kubeedge/kubeedge/edge/pkg/edgestream/tunnel.go:184.3,185.17 2 0
github.com/kubeedge/kubeedge/edge/pkg/edgestream/tunnel.go:185.17,188.4 2 0
github.com/kubeedge/kubeedge/edge/pkg/edgestream/tunnel.go:190.3,190.57 1 0
github.com/kubeedge/kubeedge/edge/pkg/edgestream/tunnel.go:190.57,192.4 1 0
github.com/kubeedge/kubeedge/edge/pkg/edgestream/tunnel.go:194.3,194.107 1 0
github.com/kubeedge/kubeedge/edge/pkg/edgestream/tunnel.go:194.107,196.4 1 0
github.com/kubeedge/kubeedge/edge/pkg/edgestream/tunnel.go:197.3,197.33 1 0
github.com/kubeedge/kubeedge/edge/pkg/edgestream/tunnel.go:201.83,205.2 3 0
github.com/kubeedge/kubeedge/edge/pkg/edgestream/tunnel.go:207.86,212.2 4 0
github.com/kubeedge/kubeedge/edge/pkg/edgestream/tunnel.go:214.58,218.9 4 0
github.com/kubeedge/kubeedge/edge/pkg/edgestream/tunnel.go:218.9,220.3 1 0
github.com/kubeedge/kubeedge/edge/pkg/edgestream/tunnel.go:221.2,223.25 3 0
github.com/kubeedge/kubeedge/edge/pkg/eventbus/common/util/common.go:24.73,25.25 1 1
github.com/kubeedge/kubeedge/edge/pkg/eventbus/common/util/common.go:25.25,27.10 2 1
github.com/kubeedge/kubeedge/edge/pkg/eventbus/common/util/common.go:27.10,30.4 2 1
github.com/kubeedge/kubeedge/edge/pkg/eventbus/common/util/common.go:32.2,32.12 1 1
github.com/kubeedge/kubeedge/edge/pkg/eventbus/common/util/common.go:36.55,37.42 1 1
github.com/kubeedge/kubeedge/edge/pkg/eventbus/common/util/common.go:37.42,39.3 1 1
github.com/kubeedge/kubeedge/edge/pkg/eventbus/common/util/common.go:40.2,40.18 1 0
github.com/kubeedge/kubeedge/edge/pkg/eventbus/common/util/common.go:44.34,47.2 2 1
github.com/kubeedge/kubeedge/edge/pkg/eventbus/common/util/common.go:50.85,52.20 2 1
github.com/kubeedge/kubeedge/edge/pkg/eventbus/common/util/common.go:52.20,54.21 2 1
github.com/kubeedge/kubeedge/edge/pkg/eventbus/common/util/common.go:54.21,56.4 1 1
github.com/kubeedge/kubeedge/edge/pkg/eventbus/common/util/common.go:59.2,61.35 3 1
github.com/kubeedge/kubeedge/edge/pkg/eventbus/common/util/common.go:61.35,63.17 2 0
github.com/kubeedge/kubeedge/edge/pkg/eventbus/common/util/common.go:63.17,66.4 2 0
github.com/kubeedge/kubeedge/edge/pkg/eventbus/common/util/common.go:68.3,69.17 2 0
github.com/kubeedge/kubeedge/edge/pkg/eventbus/common/util/common.go:69.17,72.4 2 0
github.com/kubeedge/kubeedge/edge/pkg/eventbus/common/util/common.go:74.3,75.49 2 0
github.com/kubeedge/kubeedge/edge/pkg/eventbus/common/util/common.go:75.49,78.4 2 0
github.com/kubeedge/kubeedge/edge/pkg/eventbus/common/util/common.go:80.3,84.4 1 0
github.com/kubeedge/kubeedge/edge/pkg/eventbus/common/util/common.go:85.8,87.3 1 1
github.com/kubeedge/kubeedge/edge/pkg/eventbus/common/util/common.go:88.2,91.13 3 1
github.com/kubeedge/kubeedge/edge/pkg/eventbus/common/util/common.go:95.55,96.6 1 1
github.com/kubeedge/kubeedge/edge/pkg/eventbus/common/util/common.go:96.6,100.46 4 1
github.com/kubeedge/kubeedge/edge/pkg/eventbus/common/util/common.go:100.46,102.4 1 1
github.com/kubeedge/kubeedge/edge/pkg/eventbus/common/util/common.go:102.9,104.4 1 0
github.com/kubeedge/kubeedge/edge/pkg/eventbus/common/util/common.go:105.3,105.33 1 1
github.com/kubeedge/kubeedge/edge/pkg/eventbus/config/config.go:17.66,18.17 1 0
github.com/kubeedge/kubeedge/edge/pkg/eventbus/config/config.go:18.17,23.3 1 0
github.com/kubeedge/kubeedge/edge/pkg/eventbus/eventbus.go:32.41,37.2 1 0
github.com/kubeedge/kubeedge/edge/pkg/eventbus/eventbus.go:40.61,43.2 2 0
github.com/kubeedge/kubeedge/edge/pkg/eventbus/eventbus.go:45.32,47.2 1 0
github.com/kubeedge/kubeedge/edge/pkg/eventbus/eventbus.go:49.33,51.2 1 0
github.com/kubeedge/kubeedge/edge/pkg/eventbus/eventbus.go:54.35,56.2 1 0
github.com/kubeedge/kubeedge/edge/pkg/eventbus/eventbus.go:58.63,59.66 1 0
github.com/kubeedge/kubeedge/edge/pkg/eventbus/eventbus.go:59.66,61.3 1 0
github.com/kubeedge/kubeedge/edge/pkg/eventbus/eventbus.go:62.2,65.3 1 0
github.com/kubeedge/kubeedge/edge/pkg/eventbus/eventbus.go:68.29,71.58 2 0
github.com/kubeedge/kubeedge/edge/pkg/eventbus/eventbus.go:71.58,83.3 5 0
github.com/kubeedge/kubeedge/edge/pkg/eventbus/eventbus.go:85.2,85.58 1 0
github.com/kubeedge/kubeedge/edge/pkg/eventbus/eventbus.go:85.58,94.17 4 0
github.com/kubeedge/kubeedge/edge/pkg/eventbus/eventbus.go:94.17,97.4 2 0
github.com/kubeedge/kubeedge/edge/pkg/eventbus/eventbus.go:98.3,98.99 1 0
github.com/kubeedge/kubeedge/edge/pkg/eventbus/eventbus.go:101.2,101.24 1 0
github.com/kubeedge/kubeedge/edge/pkg/eventbus/eventbus.go:104.44,106.67 2 0
github.com/kubeedge/kubeedge/edge/pkg/eventbus/eventbus.go:106.67,108.3 1 0
github.com/kubeedge/kubeedge/edge/pkg/eventbus/eventbus.go:108.8,110.3 1 0
github.com/kubeedge/kubeedge/edge/pkg/eventbus/eventbus.go:113.41,114.6 1 0
github.com/kubeedge/kubeedge/edge/pkg/eventbus/eventbus.go:114.6,115.10 1 0
github.com/kubeedge/kubeedge/edge/pkg/eventbus/eventbus.go:116.32,118.10 2 0
github.com/kubeedge/kubeedge/edge/pkg/eventbus/eventbus.go:119.11,119.11 0 0
github.com/kubeedge/kubeedge/edge/pkg/eventbus/eventbus.go:121.3,122.17 2 0
github.com/kubeedge/kubeedge/edge/pkg/eventbus/eventbus.go:122.17,124.12 2 0
github.com/kubeedge/kubeedge/edge/pkg/eventbus/eventbus.go:126.3,128.20 3 0
github.com/kubeedge/kubeedge/edge/pkg/eventbus/eventbus.go:129.38,131.62 2 0
github.com/kubeedge/kubeedge/edge/pkg/eventbus/eventbus.go:132.40,134.64 2 0
github.com/kubeedge/kubeedge/edge/pkg/eventbus/eventbus.go:135.36,137.11 2 0
github.com/kubeedge/kubeedge/edge/pkg/eventbus/eventbus.go:137.11,139.13 2 0
github.com/kubeedge/kubeedge/edge/pkg/eventbus/eventbus.go:141.4,142.11 2 0
github.com/kubeedge/kubeedge/edge/pkg/eventbus/eventbus.go:142.11,144.13 2 0
github.com/kubeedge/kubeedge/edge/pkg/eventbus/eventbus.go:146.4,147.11 2 0
github.com/kubeedge/kubeedge/edge/pkg/eventbus/eventbus.go:147.11,149.13 2 0
github.com/kubeedge/kubeedge/edge/pkg/eventbus/eventbus.go:151.4,152.18 2 0
github.com/kubeedge/kubeedge/edge/pkg/eventbus/eventbus.go:152.18,154.13 2 0
github.com/kubeedge/kubeedge/edge/pkg/eventbus/eventbus.go:156.4,156.30 1 0
github.com/kubeedge/kubeedge/edge/pkg/eventbus/eventbus.go:157.36,161.11 3 0
github.com/kubeedge/kubeedge/edge/pkg/eventbus/eventbus.go:161.11,163.12 2 0
github.com/kubeedge/kubeedge/edge/pkg/eventbus/eventbus.go:163.12,165.14 2 0
github.com/kubeedge/kubeedge/edge/pkg/eventbus/eventbus.go:167.5,167.30 1 0
github.com/kubeedge/kubeedge/edge/pkg/eventbus/eventbus.go:169.4,169.30 1 0
github.com/kubeedge/kubeedge/edge/pkg/eventbus/eventbus.go:170.38,171.31 1 0
github.com/kubeedge/kubeedge/edge/pkg/eventbus/eventbus.go:171.31,173.13 2 0
github.com/kubeedge/kubeedge/edge/pkg/eventbus/eventbus.go:175.4,177.30 3 0
github.com/kubeedge/kubeedge/edge/pkg/eventbus/eventbus.go:178.11,179.37 1 0
github.com/kubeedge/kubeedge/edge/pkg/eventbus/eventbus.go:184.59,185.58 1 0
github.com/kubeedge/kubeedge/edge/pkg/eventbus/eventbus.go:185.58,188.3 1 0
github.com/kubeedge/kubeedge/edge/pkg/eventbus/eventbus.go:190.2,190.58 1 0
github.com/kubeedge/kubeedge/edge/pkg/eventbus/eventbus.go:190.58,193.3 1 0
github.com/kubeedge/kubeedge/edge/pkg/eventbus/eventbus.go:196.45,197.58 1 0
github.com/kubeedge/kubeedge/edge/pkg/eventbus/eventbus.go:197.58,200.3 1 0
github.com/kubeedge/kubeedge/edge/pkg/eventbus/eventbus.go:202.2,202.58 1 0
github.com/kubeedge/kubeedge/edge/pkg/eventbus/eventbus.go:202.58,205.51 2 0
github.com/kubeedge/kubeedge/edge/pkg/eventbus/eventbus.go:205.51,208.4 2 0
github.com/kubeedge/kubeedge/edge/pkg/eventbus/eventbus.go:211.2,212.16 2 0
github.com/kubeedge/kubeedge/edge/pkg/eventbus/eventbus.go:212.16,214.3 1 0
github.com/kubeedge/kubeedge/edge/pkg/eventbus/eventbus.go:217.47,218.58 1 0
github.com/kubeedge/kubeedge/edge/pkg/eventbus/eventbus.go:218.58,220.3 1 0
github.com/kubeedge/kubeedge/edge/pkg/eventbus/eventbus.go:222.2,222.58 1 0
github.com/kubeedge/kubeedge/edge/pkg/eventbus/eventbus.go:222.58,224.51 2 0
github.com/kubeedge/kubeedge/edge/pkg/eventbus/eventbus.go:224.51,227.4 2 0
github.com/kubeedge/kubeedge/edge/pkg/eventbus/eventbus.go:230.2,231.16 2 0
github.com/kubeedge/kubeedge/edge/pkg/eventbus/eventbus.go:231.16,233.3 1 0
github.com/kubeedge/kubeedge/edge/pkg/edgestream/config/config.go:32.49,33.17 1 0
github.com/kubeedge/kubeedge/edge/pkg/edgestream/config/config.go:33.17,37.3 1 0
github.com/kubeedge/kubeedge/edge/pkg/eventbus/mqtt/client.go:57.4,59.3 1 0
github.com/kubeedge/kubeedge/edge/pkg/eventbus/mqtt/client.go:81.52,84.2 2 1
github.com/kubeedge/kubeedge/edge/pkg/eventbus/mqtt/client.go:86.52,89.2 2 1
github.com/kubeedge/kubeedge/edge/pkg/eventbus/mqtt/client.go:91.39,92.30 1 1
github.com/kubeedge/kubeedge/edge/pkg/eventbus/mqtt/client.go:92.30,94.51 2 1
github.com/kubeedge/kubeedge/edge/pkg/eventbus/mqtt/client.go:94.51,97.4 2 0
github.com/kubeedge/kubeedge/edge/pkg/eventbus/mqtt/client.go:98.3,98.54 1 1
github.com/kubeedge/kubeedge/edge/pkg/eventbus/mqtt/client.go:100.2,101.16 2 1
github.com/kubeedge/kubeedge/edge/pkg/eventbus/mqtt/client.go:101.16,104.3 2 1
github.com/kubeedge/kubeedge/edge/pkg/eventbus/mqtt/client.go:105.2,105.23 1 1
github.com/kubeedge/kubeedge/edge/pkg/eventbus/mqtt/client.go:105.23,108.3 2 1
github.com/kubeedge/kubeedge/edge/pkg/eventbus/mqtt/client.go:109.2,109.28 1 1
github.com/kubeedge/kubeedge/edge/pkg/eventbus/mqtt/client.go:109.28,111.51 2 1
github.com/kubeedge/kubeedge/edge/pkg/eventbus/mqtt/client.go:111.51,114.4 2 0
github.com/kubeedge/kubeedge/edge/pkg/eventbus/mqtt/client.go:115.3,115.54 1 1
github.com/kubeedge/kubeedge/edge/pkg/eventbus/mqtt/client.go:120.60,124.2 2 1
github.com/kubeedge/kubeedge/edge/pkg/eventbus/mqtt/client.go:127.35,130.16 3 1
github.com/kubeedge/kubeedge/edge/pkg/eventbus/mqtt/client.go:130.16,132.3 1 1
github.com/kubeedge/kubeedge/edge/pkg/eventbus/mqtt/client.go:134.2,134.26 1 1
github.com/kubeedge/kubeedge/edge/pkg/eventbus/mqtt/client.go:134.26,136.3 1 1
github.com/kubeedge/kubeedge/edge/pkg/eventbus/mqtt/client.go:137.2,143.36 7 1
github.com/kubeedge/kubeedge/edge/pkg/eventbus/mqtt/client.go:147.35,150.16 3 1
github.com/kubeedge/kubeedge/edge/pkg/eventbus/mqtt/client.go:150.16,152.3 1 1
github.com/kubeedge/kubeedge/edge/pkg/eventbus/mqtt/client.go:154.2,154.26 1 1
github.com/kubeedge/kubeedge/edge/pkg/eventbus/mqtt/client.go:154.26,156.3 1 1
github.com/kubeedge/kubeedge/edge/pkg/eventbus/mqtt/client.go:157.2,162.36 6 1
github.com/kubeedge/kubeedge/edge/pkg/eventbus/mqtt/filter.go:40.41,42.2 1 1
github.com/kubeedge/kubeedge/edge/pkg/eventbus/mqtt/filter.go:45.78,50.35 5 1
github.com/kubeedge/kubeedge/edge/pkg/eventbus/mqtt/filter.go:50.35,52.3 1 0
github.com/kubeedge/kubeedge/edge/pkg/eventbus/mqtt/filter.go:53.2,54.31 2 1
github.com/kubeedge/kubeedge/edge/pkg/eventbus/mqtt/filter.go:54.31,55.18 1 1
github.com/kubeedge/kubeedge/edge/pkg/eventbus/mqtt/filter.go:55.18,56.12 1 0
github.com/kubeedge/kubeedge/edge/pkg/eventbus/mqtt/filter.go:58.3,58.36 1 1
github.com/kubeedge/kubeedge/edge/pkg/eventbus/mqtt/filter.go:58.36,61.19 3 0
github.com/kubeedge/kubeedge/edge/pkg/eventbus/mqtt/filter.go:61.19,64.25 3 0
github.com/kubeedge/kubeedge/edge/pkg/eventbus/mqtt/filter.go:64.25,66.6 1 0
github.com/kubeedge/kubeedge/edge/pkg/eventbus/mqtt/filter.go:66.11,68.6 1 0
github.com/kubeedge/kubeedge/edge/pkg/eventbus/mqtt/filter.go:69.10,72.5 2 0
github.com/kubeedge/kubeedge/edge/pkg/eventbus/mqtt/filter.go:73.4,74.14 2 0
github.com/kubeedge/kubeedge/edge/pkg/eventbus/mqtt/filter.go:75.9,77.4 1 1
github.com/kubeedge/kubeedge/edge/pkg/eventbus/mqtt/filter.go:78.3,78.26 1 1
github.com/kubeedge/kubeedge/edge/pkg/eventbus/mqtt/filter.go:81.2,83.16 3 1
github.com/kubeedge/kubeedge/edge/pkg/eventbus/mqtt/filter.go:83.16,86.3 2 0
github.com/kubeedge/kubeedge/edge/pkg/eventbus/mqtt/filter.go:88.2,92.3 1 1
github.com/kubeedge/kubeedge/edge/pkg/eventbus/mqtt/filter.go:98.34,100.2 1 1
github.com/kubeedge/kubeedge/edge/pkg/eventbus/mqtt/filter.go:103.50,106.20 3 1
github.com/kubeedge/kubeedge/edge/pkg/eventbus/mqtt/filter.go:106.20,109.3 2 0
github.com/kubeedge/kubeedge/edge/pkg/eventbus/mqtt/filter.go:111.2,114.3 1 1
github.com/kubeedge/kubeedge/edge/pkg/eventbus/mqtt/filter.go:118.100,123.2 1 1
github.com/kubeedge/kubeedge/edge/pkg/eventbus/mqtt/filter.go:126.57,128.2 1 1
github.com/kubeedge/kubeedge/edge/pkg/eventbus/mqtt/filter.go:132.110,136.2 3 1
github.com/kubeedge/kubeedge/edge/pkg/eventbus/mqtt/filter.go:138.63,139.37 1 1
github.com/kubeedge/kubeedge/edge/pkg/eventbus/mqtt/filter.go:139.37,141.15 2 1
github.com/kubeedge/kubeedge/edge/pkg/eventbus/mqtt/filter.go:141.15,142.12 1 1
github.com/kubeedge/kubeedge/edge/pkg/eventbus/mqtt/filter.go:144.3,145.9 2 1
github.com/kubeedge/kubeedge/edge/pkg/eventbus/mqtt/filter.go:147.2,147.35 1 0
github.com/kubeedge/kubeedge/edge/pkg/eventbus/mqtt/filter.go:154.27,158.2 3 1
github.com/kubeedge/kubeedge/edge/pkg/eventbus/mqtt/handler.go:16.53,24.2 5 1
github.com/kubeedge/kubeedge/edge/pkg/eventbus/mqtt/handler.go:27.54,33.2 4 1
github.com/kubeedge/kubeedge/edge/pkg/eventbus/mqtt/server.go:58.71,66.2 1 0
github.com/kubeedge/kubeedge/edge/pkg/eventbus/mqtt/server.go:69.30,73.16 3 0
github.com/kubeedge/kubeedge/edge/pkg/eventbus/mqtt/server.go:73.16,76.3 2 0
github.com/kubeedge/kubeedge/edge/pkg/eventbus/mqtt/server.go:78.2,81.124 3 0
github.com/kubeedge/kubeedge/edge/pkg/eventbus/mqtt/server.go:81.124,82.39 1 0
github.com/kubeedge/kubeedge/edge/pkg/eventbus/mqtt/server.go:82.39,83.40 1 0
github.com/kubeedge/kubeedge/edge/pkg/eventbus/mqtt/server.go:83.40,85.5 1 0
github.com/kubeedge/kubeedge/edge/pkg/eventbus/mqtt/server.go:89.2,92.12 3 0
github.com/kubeedge/kubeedge/edge/pkg/eventbus/mqtt/server.go:96.51,99.2 2 0
github.com/kubeedge/kubeedge/edge/pkg/eventbus/mqtt/server.go:102.39,103.30 1 0
github.com/kubeedge/kubeedge/edge/pkg/eventbus/mqtt/server.go:103.30,106.3 2 0
github.com/kubeedge/kubeedge/edge/pkg/eventbus/mqtt/server.go:107.2,108.16 2 0
github.com/kubeedge/kubeedge/edge/pkg/eventbus/mqtt/server.go:108.16,111.3 2 0
github.com/kubeedge/kubeedge/edge/pkg/eventbus/mqtt/server.go:112.2,112.23 1 0
github.com/kubeedge/kubeedge/edge/pkg/eventbus/mqtt/server.go:112.23,115.3 2 0
github.com/kubeedge/kubeedge/edge/pkg/eventbus/mqtt/server.go:116.2,116.28 1 0
github.com/kubeedge/kubeedge/edge/pkg/eventbus/mqtt/server.go:116.28,119.3 2 0
github.com/kubeedge/kubeedge/edge/pkg/eventbus/mqtt/server.go:123.41,125.2 1 0
github.com/kubeedge/kubeedge/edge/pkg/eventbus/mqtt/server.go:128.44,130.2 1 0
github.com/kubeedge/kubeedge/edge/pkg/eventbus/mqtt/server.go:133.56,142.60 3 0
github.com/kubeedge/kubeedge/edge/pkg/eventbus/mqtt/server.go:142.60,145.3 1 0
github.com/kubeedge/kubeedge/edge/pkg/devicetwin/dtmanager/communicate.go:26.13,28.2 1 1
github.com/kubeedge/kubeedge/edge/pkg/devicetwin/dtmanager/communicate.go:37.30,38.6 1 1
github.com/kubeedge/kubeedge/edge/pkg/devicetwin/dtmanager/communicate.go:38.6,39.10 1 1
github.com/kubeedge/kubeedge/edge/pkg/devicetwin/dtmanager/communicate.go:40.37,42.11 2 1
github.com/kubeedge/kubeedge/edge/pkg/devicetwin/dtmanager/communicate.go:42.11,44.5 1 0
github.com/kubeedge/kubeedge/edge/pkg/devicetwin/dtmanager/communicate.go:45.4,45.66 1 1
github.com/kubeedge/kubeedge/edge/pkg/devicetwin/dtmanager/communicate.go:45.66,46.57 1 1
github.com/kubeedge/kubeedge/edge/pkg/devicetwin/dtmanager/communicate.go:46.57,48.20 2 1
github.com/kubeedge/kubeedge/edge/pkg/devicetwin/dtmanager/communicate.go:48.20,50.7 1 0
github.com/kubeedge/kubeedge/edge/pkg/devicetwin/dtmanager/communicate.go:51.11,53.6 1 1
github.com/kubeedge/kubeedge/edge/pkg/devicetwin/dtmanager/communicate.go:56.54,57.34 1 0
github.com/kubeedge/kubeedge/edge/pkg/devicetwin/dtmanager/communicate.go:58.36,59.11 1 0
github.com/kubeedge/kubeedge/edge/pkg/devicetwin/dtmanager/communicate.go:59.11,61.5 1 0
github.com/kubeedge/kubeedge/edge/pkg/devicetwin/dtmanager/communicate.go:62.4,62.63 1 0
github.com/kubeedge/kubeedge/edge/pkg/devicetwin/dtmanager/communicate.go:62.63,64.5 1 0
github.com/kubeedge/kubeedge/edge/pkg/devicetwin/dtmanager/communicate.go:69.27,75.2 5 1
github.com/kubeedge/kubeedge/edge/pkg/devicetwin/dtmanager/communicate.go:77.78,79.9 2 1
github.com/kubeedge/kubeedge/edge/pkg/devicetwin/dtmanager/communicate.go:79.9,81.3 1 0
github.com/kubeedge/kubeedge/edge/pkg/devicetwin/dtmanager/communicate.go:83.2,84.12 2 1
github.com/kubeedge/kubeedge/edge/pkg/devicetwin/dtmanager/communicate.go:86.85,87.64 1 1
github.com/kubeedge/kubeedge/edge/pkg/devicetwin/dtmanager/communicate.go:87.64,90.3 2 1
github.com/kubeedge/kubeedge/edge/pkg/devicetwin/dtmanager/communicate.go:91.2,92.9 2 1
github.com/kubeedge/kubeedge/edge/pkg/devicetwin/dtmanager/communicate.go:92.9,94.3 1 1
github.com/kubeedge/kubeedge/edge/pkg/devicetwin/dtmanager/communicate.go:95.2,98.12 4 1
github.com/kubeedge/kubeedge/edge/pkg/devicetwin/dtmanager/communicate.go:100.83,103.9 3 1
github.com/kubeedge/kubeedge/edge/pkg/devicetwin/dtmanager/communicate.go:103.9,105.3 1 1
github.com/kubeedge/kubeedge/edge/pkg/devicetwin/dtmanager/communicate.go:106.2,107.65 2 1
github.com/kubeedge/kubeedge/edge/pkg/devicetwin/dtmanager/communicate.go:107.65,108.65 1 1
github.com/kubeedge/kubeedge/edge/pkg/devicetwin/dtmanager/communicate.go:108.65,110.18 2 1
github.com/kubeedge/kubeedge/edge/pkg/devicetwin/dtmanager/communicate.go:110.18,113.5 2 0
github.com/kubeedge/kubeedge/edge/pkg/devicetwin/dtmanager/communicate.go:115.3,115.37 1 1
github.com/kubeedge/kubeedge/edge/pkg/devicetwin/dtmanager/communicate.go:116.8,116.75 1 1
github.com/kubeedge/kubeedge/edge/pkg/devicetwin/dtmanager/communicate.go:116.75,118.3 1 1
github.com/kubeedge/kubeedge/edge/pkg/devicetwin/dtmanager/communicate.go:119.2,119.12 1 1
github.com/kubeedge/kubeedge/edge/pkg/devicetwin/dtmanager/communicate.go:121.81,125.8 3 1
github.com/kubeedge/kubeedge/edge/pkg/devicetwin/dtmanager/communicate.go:125.8,129.3 3 1
github.com/kubeedge/kubeedge/edge/pkg/devicetwin/dtmanager/communicate.go:129.8,131.3 1 1
github.com/kubeedge/kubeedge/edge/pkg/devicetwin/dtmanager/communicate.go:132.2,132.12 1 1
github.com/kubeedge/kubeedge/edge/pkg/devicetwin/dtmanager/communicate.go:135.56,143.23 3 1
github.com/kubeedge/kubeedge/edge/pkg/devicetwin/dtmanager/communicate.go:143.23,146.3 2 0
github.com/kubeedge/kubeedge/edge/pkg/devicetwin/dtmanager/communicate.go:148.2,153.12 6 1
github.com/kubeedge/kubeedge/edge/pkg/devicetwin/dtmanager/communicate.go:156.65,158.73 2 1
github.com/kubeedge/kubeedge/edge/pkg/devicetwin/dtmanager/communicate.go:158.73,161.10 3 1
github.com/kubeedge/kubeedge/edge/pkg/devicetwin/dtmanager/communicate.go:161.10,164.4 2 0
github.com/kubeedge/kubeedge/edge/pkg/devicetwin/dtmanager/communicate.go:165.3,166.55 2 1
github.com/kubeedge/kubeedge/edge/pkg/devicetwin/dtmanager/communicate.go:166.55,167.71 1 1
github.com/kubeedge/kubeedge/edge/pkg/devicetwin/dtmanager/communicate.go:167.71,169.5 1 0
github.com/kubeedge/kubeedge/edge/pkg/devicetwin/dtmanager/communicate.go:170.9,172.4 1 1
github.com/kubeedge/kubeedge/edge/pkg/devicetwin/dtmanager/communicate.go:173.3,173.14 1 1
github.com/kubeedge/kubeedge/edge/pkg/devicetwin/dtmanager/device.go:30.4,32.3 1 0
github.com/kubeedge/kubeedge/edge/pkg/devicetwin/dtmanager/device.go:42.32,44.6 2 1
github.com/kubeedge/kubeedge/edge/pkg/devicetwin/dtmanager/device.go:44.6,45.10 1 1
github.com/kubeedge/kubeedge/edge/pkg/devicetwin/dtmanager/device.go:46.37,47.11 1 1
github.com/kubeedge/kubeedge/edge/pkg/devicetwin/dtmanager/device.go:47.11,49.5 1 0
github.com/kubeedge/kubeedge/edge/pkg/devicetwin/dtmanager/device.go:50.4,50.66 1 1
github.com/kubeedge/kubeedge/edge/pkg/devicetwin/dtmanager/device.go:50.66,51.63 1 1
github.com/kubeedge/kubeedge/edge/pkg/devicetwin/dtmanager/device.go:51.63,53.20 2 1
github.com/kubeedge/kubeedge/edge/pkg/devicetwin/dtmanager/device.go:53.20,55.7 1 1
github.com/kubeedge/kubeedge/edge/pkg/devicetwin/dtmanager/device.go:56.11,58.6 1 1
github.com/kubeedge/kubeedge/edge/pkg/devicetwin/dtmanager/device.go:60.36,61.11 1 0
github.com/kubeedge/kubeedge/edge/pkg/devicetwin/dtmanager/device.go:61.11,63.5 1 0
github.com/kubeedge/kubeedge/edge/pkg/devicetwin/dtmanager/device.go:64.4,64.63 1 0
github.com/kubeedge/kubeedge/edge/pkg/devicetwin/dtmanager/device.go:64.63,66.5 1 0
github.com/kubeedge/kubeedge/edge/pkg/devicetwin/dtmanager/device.go:71.33,75.2 3 1
github.com/kubeedge/kubeedge/edge/pkg/devicetwin/dtmanager/device.go:77.98,79.9 2 1
github.com/kubeedge/kubeedge/edge/pkg/devicetwin/dtmanager/device.go:79.9,81.3 1 1
github.com/kubeedge/kubeedge/edge/pkg/devicetwin/dtmanager/device.go:83.2,84.16 2 1
github.com/kubeedge/kubeedge/edge/pkg/devicetwin/dtmanager/device.go:84.16,87.3 2 0
github.com/kubeedge/kubeedge/edge/pkg/devicetwin/dtmanager/device.go:88.2,92.15 5 1
github.com/kubeedge/kubeedge/edge/pkg/devicetwin/dtmanager/device.go:92.15,94.3 1 1
github.com/kubeedge/kubeedge/edge/pkg/devicetwin/dtmanager/device.go:95.2,96.9 2 1
github.com/kubeedge/kubeedge/edge/pkg/devicetwin/dtmanager/device.go:96.9,98.3 1 1
github.com/kubeedge/kubeedge/edge/pkg/devicetwin/dtmanager/device.go:101.2,102.15 2 1
github.com/kubeedge/kubeedge/edge/pkg/devicetwin/dtmanager/device.go:104.64,104.64 0 1
github.com/kubeedge/kubeedge/edge/pkg/devicetwin/dtmanager/device.go:105.10,106.13 1 1
github.com/kubeedge/kubeedge/edge/pkg/devicetwin/dtmanager/device.go:108.2,109.78 2 1
github.com/kubeedge/kubeedge/edge/pkg/devicetwin/dtmanager/device.go:109.78,111.3 1 1
github.com/kubeedge/kubeedge/edge/pkg/devicetwin/dtmanager/device.go:112.2,112.44 1 1
github.com/kubeedge/kubeedge/edge/pkg/devicetwin/dtmanager/device.go:112.44,119.17 2 1
github.com/kubeedge/kubeedge/edge/pkg/devicetwin/dtmanager/device.go:119.17,120.9 1 1
github.com/kubeedge/kubeedge/edge/pkg/devicetwin/dtmanager/device.go:122.3,122.37 1 0
github.com/kubeedge/kubeedge/edge/pkg/devicetwin/dtmanager/device.go:124.2,124.16 1 1
github.com/kubeedge/kubeedge/edge/pkg/devicetwin/dtmanager/device.go:124.16,126.3 1 0
github.com/kubeedge/kubeedge/edge/pkg/devicetwin/dtmanager/device.go:127.2,130.16 4 1
github.com/kubeedge/kubeedge/edge/pkg/devicetwin/dtmanager/device.go:130.16,132.3 1 0
github.com/kubeedge/kubeedge/edge/pkg/devicetwin/dtmanager/device.go:133.2,138.16 3 1
github.com/kubeedge/kubeedge/edge/pkg/devicetwin/dtmanager/device.go:138.16,141.3 1 1
github.com/kubeedge/kubeedge/edge/pkg/devicetwin/dtmanager/device.go:143.2,148.16 3 1
github.com/kubeedge/kubeedge/edge/pkg/devicetwin/dtmanager/device.go:148.16,151.3 1 1
github.com/kubeedge/kubeedge/edge/pkg/devicetwin/dtmanager/device.go:152.2,152.12 1 1
github.com/kubeedge/kubeedge/edge/pkg/devicetwin/dtmanager/device.go:155.97,157.9 2 1
github.com/kubeedge/kubeedge/edge/pkg/devicetwin/dtmanager/device.go:157.9,159.3 1 1
github.com/kubeedge/kubeedge/edge/pkg/devicetwin/dtmanager/device.go:161.2,162.16 2 1
github.com/kubeedge/kubeedge/edge/pkg/devicetwin/dtmanager/device.go:162.16,165.3 2 0
github.com/kubeedge/kubeedge/edge/pkg/devicetwin/dtmanager/device.go:167.2,171.70 3 1
github.com/kubeedge/kubeedge/edge/pkg/devicetwin/dtmanager/device.go:171.70,174.3 1 0
github.com/kubeedge/kubeedge/edge/pkg/devicetwin/dtmanager/device.go:175.2,176.12 2 1
github.com/kubeedge/kubeedge/edge/pkg/devicetwin/dtmanager/device.go:180.176,184.15 4 1
github.com/kubeedge/kubeedge/edge/pkg/devicetwin/dtmanager/device.go:184.15,186.3 1 1
github.com/kubeedge/kubeedge/edge/pkg/devicetwin/dtmanager/device.go:187.2,188.9 2 1
github.com/kubeedge/kubeedge/edge/pkg/devicetwin/dtmanager/device.go:188.9,190.3 1 1
github.com/kubeedge/kubeedge/edge/pkg/devicetwin/dtmanager/device.go:191.2,192.31 2 1
github.com/kubeedge/kubeedge/edge/pkg/devicetwin/dtmanager/device.go:192.31,194.3 1 0
github.com/kubeedge/kubeedge/edge/pkg/devicetwin/dtmanager/device.go:195.2,196.69 2 1
github.com/kubeedge/kubeedge/edge/pkg/devicetwin/dtmanager/device.go:196.69,197.45 1 1
github.com/kubeedge/kubeedge/edge/pkg/devicetwin/dtmanager/device.go:197.45,199.18 2 1
github.com/kubeedge/kubeedge/edge/pkg/devicetwin/dtmanager/device.go:199.18,200.10 1 1
github.com/kubeedge/kubeedge/edge/pkg/devicetwin/dtmanager/device.go:202.4,202.38 1 0
github.com/kubeedge/kubeedge/edge/pkg/devicetwin/dtmanager/device.go:204.3,207.17 3 1
github.com/kubeedge/kubeedge/edge/pkg/devicetwin/dtmanager/device.go:207.17,208.66 1 0
github.com/kubeedge/kubeedge/edge/pkg/devicetwin/dtmanager/device.go:208.66,211.5 1 0
github.com/kubeedge/kubeedge/edge/pkg/devicetwin/dtmanager/device.go:212.4,212.73 1 0
github.com/kubeedge/kubeedge/edge/pkg/devicetwin/dtmanager/device.go:213.9,216.18 3 1
github.com/kubeedge/kubeedge/edge/pkg/devicetwin/dtmanager/device.go:216.18,219.5 1 0
github.com/kubeedge/kubeedge/edge/pkg/devicetwin/dtmanager/device.go:220.4,223.18 3 1
github.com/kubeedge/kubeedge/edge/pkg/devicetwin/dtmanager/device.go:223.18,226.5 1 1
github.com/kubeedge/kubeedge/edge/pkg/devicetwin/dtmanager/device.go:230.2,230.17 1 1
github.com/kubeedge/kubeedge/edge/pkg/devicetwin/dtmanager/device.go:234.138,236.9 2 1
github.com/kubeedge/kubeedge/edge/pkg/devicetwin/dtmanager/device.go:236.9,240.3 1 0
github.com/kubeedge/kubeedge/edge/pkg/devicetwin/dtmanager/device.go:241.2,242.18 2 1
github.com/kubeedge/kubeedge/edge/pkg/devicetwin/dtmanager/device.go:242.18,245.3 2 1
github.com/kubeedge/kubeedge/edge/pkg/devicetwin/dtmanager/device.go:246.2,251.37 5 1
github.com/kubeedge/kubeedge/edge/pkg/devicetwin/dtmanager/device.go:251.37,252.39 1 1
github.com/kubeedge/kubeedge/edge/pkg/devicetwin/dtmanager/device.go:252.39,253.39 1 1
github.com/kubeedge/kubeedge/edge/pkg/devicetwin/dtmanager/device.go:253.39,254.23 1 0
github.com/kubeedge/kubeedge/edge/pkg/devicetwin/dtmanager/device.go:254.23,258.6 3 0
github.com/kubeedge/kubeedge/edge/pkg/devicetwin/dtmanager/device.go:259.5,259.13 1 0
github.com/kubeedge/kubeedge/edge/pkg/devicetwin/dtmanager/device.go:261.4,264.55 4 1
github.com/kubeedge/kubeedge/edge/pkg/devicetwin/dtmanager/device.go:264.55,271.5 4 1
github.com/kubeedge/kubeedge/edge/pkg/devicetwin/dtmanager/device.go:272.4,272.31 1 1
github.com/kubeedge/kubeedge/edge/pkg/devicetwin/dtmanager/device.go:272.31,275.72 3 1
github.com/kubeedge/kubeedge/edge/pkg/devicetwin/dtmanager/device.go:275.72,285.6 9 0
github.com/kubeedge/kubeedge/edge/pkg/devicetwin/dtmanager/device.go:287.4,287.31 1 1
github.com/kubeedge/kubeedge/edge/pkg/devicetwin/dtmanager/device.go:287.31,288.62 1 1
github.com/kubeedge/kubeedge/edge/pkg/devicetwin/dtmanager/device.go:288.62,294.6 5 0
github.com/kubeedge/kubeedge/edge/pkg/devicetwin/dtmanager/device.go:296.4,296.16 1 1
github.com/kubeedge/kubeedge/edge/pkg/devicetwin/dtmanager/device.go:296.16,298.5 1 1
github.com/kubeedge/kubeedge/edge/pkg/devicetwin/dtmanager/device.go:298.10,300.5 1 0
github.com/kubeedge/kubeedge/edge/pkg/devicetwin/dtmanager/device.go:301.9,305.31 4 1
github.com/kubeedge/kubeedge/edge/pkg/devicetwin/dtmanager/device.go:305.31,308.5 2 1
github.com/kubeedge/kubeedge/edge/pkg/devicetwin/dtmanager/device.go:309.4,309.31 1 1
github.com/kubeedge/kubeedge/edge/pkg/devicetwin/dtmanager/device.go:309.31,316.5 5 1
github.com/kubeedge/kubeedge/edge/pkg/devicetwin/dtmanager/device.go:317.4,319.25 3 1
github.com/kubeedge/kubeedge/edge/pkg/devicetwin/dtmanager/device.go:322.2,322.18 1 1
github.com/kubeedge/kubeedge/edge/pkg/devicetwin/dtmanager/device.go:322.18,323.26 1 1
github.com/kubeedge/kubeedge/edge/pkg/devicetwin/dtmanager/device.go:323.26,324.41 1 1
github.com/kubeedge/kubeedge/edge/pkg/devicetwin/dtmanager/device.go:324.41,327.5 2 0
github.com/kubeedge/kubeedge/edge/pkg/devicetwin/dtmanager/device.go:329.3,329.29 1 1
github.com/kubeedge/kubeedge/edge/pkg/devicetwin/dtmanager/device.go:329.29,331.4 1 0
github.com/kubeedge/kubeedge/edge/pkg/devicetwin/dtmanager/device.go:333.2,333.99 1 1
github.com/kubeedge/kubeedge/edge/pkg/devicetwin/dtmanager/dmiworker.go:53.29,60.2 5 0
github.com/kubeedge/kubeedge/edge/pkg/devicetwin/dtmanager/dmiworker.go:63.29,67.12 3 0
github.com/kubeedge/kubeedge/edge/pkg/devicetwin/dtmanager/dmiworker.go:67.12,68.63 1 0
github.com/kubeedge/kubeedge/edge/pkg/devicetwin/dtmanager/dmiworker.go:68.63,71.4 2 0
github.com/kubeedge/kubeedge/edge/pkg/devicetwin/dtmanager/dmiworker.go:74.2,74.6 1 0
github.com/kubeedge/kubeedge/edge/pkg/devicetwin/dtmanager/dmiworker.go:74.6,75.10 1 0
github.com/kubeedge/kubeedge/edge/pkg/devicetwin/dtmanager/dmiworker.go:76.37,77.11 1 0
github.com/kubeedge/kubeedge/edge/pkg/devicetwin/dtmanager/dmiworker.go:77.11,79.5 1 0
github.com/kubeedge/kubeedge/edge/pkg/devicetwin/dtmanager/dmiworker.go:81.4,81.66 1 0
github.com/kubeedge/kubeedge/edge/pkg/devicetwin/dtmanager/dmiworker.go:81.66,82.63 1 0
github.com/kubeedge/kubeedge/edge/pkg/devicetwin/dtmanager/dmiworker.go:82.63,84.20 2 0
github.com/kubeedge/kubeedge/edge/pkg/devicetwin/dtmanager/dmiworker.go:84.20,86.7 1 0
github.com/kubeedge/kubeedge/edge/pkg/devicetwin/dtmanager/dmiworker.go:87.11,89.6 1 0
github.com/kubeedge/kubeedge/edge/pkg/devicetwin/dtmanager/dmiworker.go:92.36,93.11 1 0
github.com/kubeedge/kubeedge/edge/pkg/devicetwin/dtmanager/dmiworker.go:93.11,95.5 1 0
github.com/kubeedge/kubeedge/edge/pkg/devicetwin/dtmanager/dmiworker.go:96.4,96.63 1 0
github.com/kubeedge/kubeedge/edge/pkg/devicetwin/dtmanager/dmiworker.go:96.63,98.5 1 0
github.com/kubeedge/kubeedge/edge/pkg/devicetwin/dtmanager/dmiworker.go:103.46,106.2 2 0
github.com/kubeedge/kubeedge/edge/pkg/devicetwin/dtmanager/dmiworker.go:108.103,110.9 2 0
github.com/kubeedge/kubeedge/edge/pkg/devicetwin/dtmanager/dmiworker.go:110.9,112.3 1 0
github.com/kubeedge/kubeedge/edge/pkg/devicetwin/dtmanager/dmiworker.go:113.2,114.25 2 0
github.com/kubeedge/kubeedge/edge/pkg/devicetwin/dtmanager/dmiworker.go:114.25,116.3 1 0
github.com/kubeedge/kubeedge/edge/pkg/devicetwin/dtmanager/dmiworker.go:117.2,119.22 3 0
github.com/kubeedge/kubeedge/edge/pkg/devicetwin/dtmanager/dmiworker.go:120.36,122.17 2 0
github.com/kubeedge/kubeedge/edge/pkg/devicetwin/dtmanager/dmiworker.go:122.17,124.4 1 0
github.com/kubeedge/kubeedge/edge/pkg/devicetwin/dtmanager/dmiworker.go:125.3,125.33 1 0
github.com/kubeedge/kubeedge/edge/pkg/devicetwin/dtmanager/dmiworker.go:126.30,130.18 3 0
github.com/kubeedge/kubeedge/edge/pkg/devicetwin/dtmanager/dmiworker.go:130.18,132.5 1 0
github.com/kubeedge/kubeedge/edge/pkg/devicetwin/dtmanager/dmiworker.go:133.4,134.18 2 0
github.com/kubeedge/kubeedge/edge/pkg/devicetwin/dtmanager/dmiworker.go:134.18,137.5 2 0
github.com/kubeedge/kubeedge/edge/pkg/devicetwin/dtmanager/dmiworker.go:138.30,140.18 2 0
github.com/kubeedge/kubeedge/edge/pkg/devicetwin/dtmanager/dmiworker.go:140.18,143.5 2 0
github.com/kubeedge/kubeedge/edge/pkg/devicetwin/dtmanager/dmiworker.go:144.4,144.59 1 0
github.com/kubeedge/kubeedge/edge/pkg/devicetwin/dtmanager/dmiworker.go:145.30,146.56 1 0
github.com/kubeedge/kubeedge/edge/pkg/devicetwin/dtmanager/dmiworker.go:146.56,150.19 3 0
github.com/kubeedge/kubeedge/edge/pkg/devicetwin/dtmanager/dmiworker.go:150.19,152.6 1 0
github.com/kubeedge/kubeedge/edge/pkg/devicetwin/dtmanager/dmiworker.go:154.5,155.19 2 0
github.com/kubeedge/kubeedge/edge/pkg/devicetwin/dtmanager/dmiworker.go:155.19,158.6 2 0
github.com/kubeedge/kubeedge/edge/pkg/devicetwin/dtmanager/dmiworker.go:160.11,161.69 1 0
github.com/kubeedge/kubeedge/edge/pkg/devicetwin/dtmanager/dmiworker.go:163.41,165.17 2 0
github.com/kubeedge/kubeedge/edge/pkg/devicetwin/dtmanager/dmiworker.go:165.17,167.4 1 0
github.com/kubeedge/kubeedge/edge/pkg/devicetwin/dtmanager/dmiworker.go:168.3,168.33 1 0
github.com/kubeedge/kubeedge/edge/pkg/devicetwin/dtmanager/dmiworker.go:169.30,172.18 3 0
github.com/kubeedge/kubeedge/edge/pkg/devicetwin/dtmanager/dmiworker.go:172.18,175.5 2 0
github.com/kubeedge/kubeedge/edge/pkg/devicetwin/dtmanager/dmiworker.go:176.30,178.18 2 0
github.com/kubeedge/kubeedge/edge/pkg/devicetwin/dtmanager/dmiworker.go:178.18,181.5 2 0
github.com/kubeedge/kubeedge/edge/pkg/devicetwin/dtmanager/dmiworker.go:182.4,182.56 1 0
github.com/kubeedge/kubeedge/edge/pkg/devicetwin/dtmanager/dmiworker.go:183.30,186.18 3 0
github.com/kubeedge/kubeedge/edge/pkg/devicetwin/dtmanager/dmiworker.go:186.18,189.5 2 0
github.com/kubeedge/kubeedge/edge/pkg/devicetwin/dtmanager/dmiworker.go:190.11,191.69 1 0
github.com/kubeedge/kubeedge/edge/pkg/devicetwin/dtmanager/dmiworker.go:194.10,195.62 1 0
github.com/kubeedge/kubeedge/edge/pkg/devicetwin/dtmanager/dmiworker.go:198.2,198.12 1 0
github.com/kubeedge/kubeedge/edge/pkg/devicetwin/dtmanager/dmiworker.go:201.50,203.16 2 0
github.com/kubeedge/kubeedge/edge/pkg/devicetwin/dtmanager/dmiworker.go:203.16,206.3 2 0
github.com/kubeedge/kubeedge/edge/pkg/devicetwin/dtmanager/dmiworker.go:208.2,208.30 1 0
github.com/kubeedge/kubeedge/edge/pkg/devicetwin/dtmanager/dmiworker.go:208.30,210.68 2 0
github.com/kubeedge/kubeedge/edge/pkg/devicetwin/dtmanager/dmiworker.go:210.68,213.4 2 0
github.com/kubeedge/kubeedge/edge/pkg/devicetwin/dtmanager/dmiworker.go:214.3,214.43 1 0
github.com/kubeedge/kubeedge/edge/pkg/devicetwin/dtmanager/dmiworker.go:216.2,216.58 1 0
github.com/kubeedge/kubeedge/edge/pkg/devicetwin/dtmanager/dmiworker.go:219.45,221.16 2 0
github.com/kubeedge/kubeedge/edge/pkg/devicetwin/dtmanager/dmiworker.go:221.16,224.3 2 0
github.com/kubeedge/kubeedge/edge/pkg/devicetwin/dtmanager/dmiworker.go:226.2,226.30 1 0
github.com/kubeedge/kubeedge/edge/pkg/devicetwin/dtmanager/dmiworker.go:226.30,228.63 2 0
github.com/kubeedge/kubeedge/edge/pkg/devicetwin/dtmanager/dmiworker.go:228.63,231.4 2 0
github.com/kubeedge/kubeedge/edge/pkg/devicetwin/dtmanager/dmiworker.go:232.3,232.33 1 0
github.com/kubeedge/kubeedge/edge/pkg/devicetwin/dtmanager/dmiworker.go:234.2,234.52 1 0
github.com/kubeedge/kubeedge/edge/pkg/devicetwin/dtmanager/dmiworker.go:237.51,239.16 2 0
github.com/kubeedge/kubeedge/edge/pkg/devicetwin/dtmanager/dmiworker.go:239.16,242.3 2 0
github.com/kubeedge/kubeedge/edge/pkg/devicetwin/dtmanager/dmiworker.go:244.2,244.30 1 0
github.com/kubeedge/kubeedge/edge/pkg/devicetwin/dtmanager/dmiworker.go:244.30,246.69 2 0
github.com/kubeedge/kubeedge/edge/pkg/devicetwin/dtmanager/dmiworker.go:246.69,249.4 2 0
github.com/kubeedge/kubeedge/edge/pkg/devicetwin/dtmanager/dmiworker.go:251.3,252.17 2 0
github.com/kubeedge/kubeedge/edge/pkg/devicetwin/dtmanager/dmiworker.go:252.17,254.12 2 0
github.com/kubeedge/kubeedge/edge/pkg/devicetwin/dtmanager/dmiworker.go:256.3,257.77 2 0
github.com/kubeedge/kubeedge/edge/pkg/devicetwin/dtmanager/dmiworker.go:259.2,259.59 1 0
github.com/kubeedge/kubeedge/edge/pkg/devicetwin/dtmanager/membership.go:33.4,35.3 1 0
github.com/kubeedge/kubeedge/edge/pkg/devicetwin/dtmanager/membership.go:45.29,47.6 2 1
github.com/kubeedge/kubeedge/edge/pkg/devicetwin/dtmanager/membership.go:47.6,48.10 1 1
github.com/kubeedge/kubeedge/edge/pkg/devicetwin/dtmanager/membership.go:49.37,50.11 1 1
github.com/kubeedge/kubeedge/edge/pkg/devicetwin/dtmanager/membership.go:50.11,52.5 1 1
github.com/kubeedge/kubeedge/edge/pkg/devicetwin/dtmanager/membership.go:53.4,53.66 1 1
github.com/kubeedge/kubeedge/edge/pkg/devicetwin/dtmanager/membership.go:53.66,54.60 1 1
github.com/kubeedge/kubeedge/edge/pkg/devicetwin/dtmanager/membership.go:54.60,56.20 2 1
github.com/kubeedge/kubeedge/edge/pkg/devicetwin/dtmanager/membership.go:56.20,58.7 1 1
github.com/kubeedge/kubeedge/edge/pkg/devicetwin/dtmanager/membership.go:59.11,61.6 1 1
github.com/kubeedge/kubeedge/edge/pkg/devicetwin/dtmanager/membership.go:64.36,65.11 1 1
github.com/kubeedge/kubeedge/edge/pkg/devicetwin/dtmanager/membership.go:65.11,67.5 1 0
github.com/kubeedge/kubeedge/edge/pkg/devicetwin/dtmanager/membership.go:68.4,68.63 1 1
github.com/kubeedge/kubeedge/edge/pkg/devicetwin/dtmanager/membership.go:68.63,70.5 1 0
github.com/kubeedge/kubeedge/edge/pkg/devicetwin/dtmanager/membership.go:75.30,80.2 4 1
github.com/kubeedge/kubeedge/edge/pkg/devicetwin/dtmanager/membership.go:81.91,83.73 2 1
github.com/kubeedge/kubeedge/edge/pkg/devicetwin/dtmanager/membership.go:83.73,85.29 2 1
github.com/kubeedge/kubeedge/edge/pkg/devicetwin/dtmanager/membership.go:85.29,86.48 1 1
github.com/kubeedge/kubeedge/edge/pkg/devicetwin/dtmanager/membership.go:86.48,88.10 2 1
github.com/kubeedge/kubeedge/edge/pkg/devicetwin/dtmanager/membership.go:91.3,91.15 1 1
github.com/kubeedge/kubeedge/edge/pkg/devicetwin/dtmanager/membership.go:91.15,93.4 1 1
github.com/kubeedge/kubeedge/edge/pkg/devicetwin/dtmanager/membership.go:94.3,94.14 1 1
github.com/kubeedge/kubeedge/edge/pkg/devicetwin/dtmanager/membership.go:96.2,96.17 1 1
github.com/kubeedge/kubeedge/edge/pkg/devicetwin/dtmanager/membership.go:98.90,101.9 3 1
github.com/kubeedge/kubeedge/edge/pkg/devicetwin/dtmanager/membership.go:101.9,103.3 1 1
github.com/kubeedge/kubeedge/edge/pkg/devicetwin/dtmanager/membership.go:105.2,106.9 2 1
github.com/kubeedge/kubeedge/edge/pkg/devicetwin/dtmanager/membership.go:106.9,108.3 1 1
github.com/kubeedge/kubeedge/edge/pkg/devicetwin/dtmanager/membership.go:110.2,111.16 2 1
github.com/kubeedge/kubeedge/edge/pkg/devicetwin/dtmanager/membership.go:111.16,114.3 2 1
github.com/kubeedge/kubeedge/edge/pkg/devicetwin/dtmanager/membership.go:116.2,124.24 8 1
github.com/kubeedge/kubeedge/edge/pkg/devicetwin/dtmanager/membership.go:124.24,126.3 1 0
github.com/kubeedge/kubeedge/edge/pkg/devicetwin/dtmanager/membership.go:127.2,128.12 2 1
github.com/kubeedge/kubeedge/edge/pkg/devicetwin/dtmanager/membership.go:131.90,134.9 3 1
github.com/kubeedge/kubeedge/edge/pkg/devicetwin/dtmanager/membership.go:134.9,136.3 1 0
github.com/kubeedge/kubeedge/edge/pkg/devicetwin/dtmanager/membership.go:138.2,139.9 2 1
github.com/kubeedge/kubeedge/edge/pkg/devicetwin/dtmanager/membership.go:139.9,141.3 1 1
github.com/kubeedge/kubeedge/edge/pkg/devicetwin/dtmanager/membership.go:143.2,144.16 2 1
github.com/kubeedge/kubeedge/edge/pkg/devicetwin/dtmanager/membership.go:144.16,147.3 2 1
github.com/kubeedge/kubeedge/edge/pkg/devicetwin/dtmanager/membership.go:149.2,150.42 2 1
github.com/kubeedge/kubeedge/edge/pkg/devicetwin/dtmanager/membership.go:150.42,153.3 1 1
github.com/kubeedge/kubeedge/edge/pkg/devicetwin/dtmanager/membership.go:154.2,154.45 1 1
github.com/kubeedge/kubeedge/edge/pkg/devicetwin/dtmanager/membership.go:154.45,157.3 1 1
github.com/kubeedge/kubeedge/edge/pkg/devicetwin/dtmanager/membership.go:158.2,158.12 1 1
github.com/kubeedge/kubeedge/edge/pkg/devicetwin/dtmanager/membership.go:161.87,164.9 3 1
github.com/kubeedge/kubeedge/edge/pkg/devicetwin/dtmanager/membership.go:164.9,166.3 1 1
github.com/kubeedge/kubeedge/edge/pkg/devicetwin/dtmanager/membership.go:168.2,169.9 2 1
github.com/kubeedge/kubeedge/edge/pkg/devicetwin/dtmanager/membership.go:169.9,171.3 1 1
github.com/kubeedge/kubeedge/edge/pkg/devicetwin/dtmanager/membership.go:173.2,173.53 1 1
github.com/kubeedge/kubeedge/edge/pkg/devicetwin/dtmanager/membership.go:177.113,179.12 2 1
github.com/kubeedge/kubeedge/edge/pkg/devicetwin/dtmanager/membership.go:179.12,181.3 1 1
github.com/kubeedge/kubeedge/edge/pkg/devicetwin/dtmanager/membership.go:182.2,182.21 1 1
github.com/kubeedge/kubeedge/edge/pkg/devicetwin/dtmanager/membership.go:182.21,184.3 1 1
github.com/kubeedge/kubeedge/edge/pkg/devicetwin/dtmanager/membership.go:185.2,186.12 2 1
github.com/kubeedge/kubeedge/edge/pkg/devicetwin/dtmanager/membership.go:186.12,188.3 1 1
github.com/kubeedge/kubeedge/edge/pkg/devicetwin/dtmanager/membership.go:189.2,189.31 1 1
github.com/kubeedge/kubeedge/edge/pkg/devicetwin/dtmanager/membership.go:189.31,192.20 2 1
github.com/kubeedge/kubeedge/edge/pkg/devicetwin/dtmanager/membership.go:192.20,193.13 1 0
github.com/kubeedge/kubeedge/edge/pkg/devicetwin/dtmanager/membership.go:193.13,195.13 2 0
github.com/kubeedge/kubeedge/edge/pkg/devicetwin/dtmanager/membership.go:197.4,197.108 1 0
github.com/kubeedge/kubeedge/edge/pkg/devicetwin/dtmanager/membership.go:197.108,200.5 1 0
github.com/kubeedge/kubeedge/edge/pkg/devicetwin/dtmanager/membership.go:201.4,201.105 1 0
github.com/kubeedge/kubeedge/edge/pkg/devicetwin/dtmanager/membership.go:201.105,204.5 1 0
github.com/kubeedge/kubeedge/edge/pkg/devicetwin/dtmanager/membership.go:206.4,206.12 1 0
github.com/kubeedge/kubeedge/edge/pkg/devicetwin/dtmanager/membership.go:209.3,212.12 3 1
github.com/kubeedge/kubeedge/edge/pkg/devicetwin/dtmanager/membership.go:212.12,214.4 1 0
github.com/kubeedge/kubeedge/edge/pkg/devicetwin/dtmanager/membership.go:216.3,229.45 8 1
github.com/kubeedge/kubeedge/edge/pkg/devicetwin/dtmanager/membership.go:229.45,231.18 2 1
github.com/kubeedge/kubeedge/edge/pkg/devicetwin/dtmanager/membership.go:231.18,232.10 1 1
github.com/kubeedge/kubeedge/edge/pkg/devicetwin/dtmanager/membership.go:234.4,234.38 1 0
github.com/kubeedge/kubeedge/edge/pkg/devicetwin/dtmanager/membership.go:237.3,237.17 1 1
github.com/kubeedge/kubeedge/edge/pkg/devicetwin/dtmanager/membership.go:237.17,241.12 4 0
github.com/kubeedge/kubeedge/edge/pkg/devicetwin/dtmanager/membership.go:244.3,244.25 1 1
github.com/kubeedge/kubeedge/edge/pkg/devicetwin/dtmanager/membership.go:244.25,246.105 2 0
github.com/kubeedge/kubeedge/edge/pkg/devicetwin/dtmanager/membership.go:246.105,249.5 1 0
github.com/kubeedge/kubeedge/edge/pkg/devicetwin/dtmanager/membership.go:252.3,252.31 1 1
github.com/kubeedge/kubeedge/edge/pkg/devicetwin/dtmanager/membership.go:252.31,254.108 2 0
github.com/kubeedge/kubeedge/edge/pkg/devicetwin/dtmanager/membership.go:254.108,257.5 1 0
github.com/kubeedge/kubeedge/edge/pkg/devicetwin/dtmanager/membership.go:259.3,265.17 7 1
github.com/kubeedge/kubeedge/edge/pkg/devicetwin/dtmanager/membership.go:265.17,267.4 1 0
github.com/kubeedge/kubeedge/edge/pkg/devicetwin/dtmanager/membership.go:267.9,270.18 2 1
github.com/kubeedge/kubeedge/edge/pkg/devicetwin/dtmanager/membership.go:270.18,273.5 1 1
github.com/kubeedge/kubeedge/edge/pkg/devicetwin/dtmanager/membership.go:275.3,275.12 1 1
github.com/kubeedge/kubeedge/edge/pkg/devicetwin/dtmanager/membership.go:275.12,277.4 1 0
github.com/kubeedge/kubeedge/edge/pkg/devicetwin/dtmanager/membership.go:282.119,284.41 2 1
github.com/kubeedge/kubeedge/edge/pkg/devicetwin/dtmanager/membership.go:284.41,286.3 1 1
github.com/kubeedge/kubeedge/edge/pkg/devicetwin/dtmanager/membership.go:288.2,288.34 1 1
github.com/kubeedge/kubeedge/edge/pkg/devicetwin/dtmanager/membership.go:288.34,291.19 2 1
github.com/kubeedge/kubeedge/edge/pkg/devicetwin/dtmanager/membership.go:291.19,293.12 2 1
github.com/kubeedge/kubeedge/edge/pkg/devicetwin/dtmanager/membership.go:295.3,295.12 1 1
github.com/kubeedge/kubeedge/edge/pkg/devicetwin/dtmanager/membership.go:295.12,297.4 1 0
github.com/kubeedge/kubeedge/edge/pkg/devicetwin/dtmanager/membership.go:298.3,300.45 3 1
github.com/kubeedge/kubeedge/edge/pkg/devicetwin/dtmanager/membership.go:300.45,302.18 2 1
github.com/kubeedge/kubeedge/edge/pkg/devicetwin/dtmanager/membership.go:302.18,304.5 1 0
github.com/kubeedge/kubeedge/edge/pkg/devicetwin/dtmanager/membership.go:304.10,306.10 2 1
github.com/kubeedge/kubeedge/edge/pkg/devicetwin/dtmanager/membership.go:308.4,308.38 1 0
github.com/kubeedge/kubeedge/edge/pkg/devicetwin/dtmanager/membership.go:311.3,313.12 3 1
github.com/kubeedge/kubeedge/edge/pkg/devicetwin/dtmanager/membership.go:313.12,315.4 1 0
github.com/kubeedge/kubeedge/edge/pkg/devicetwin/dtmanager/membership.go:316.3,322.17 7 1
github.com/kubeedge/kubeedge/edge/pkg/devicetwin/dtmanager/membership.go:322.17,324.12 2 0
github.com/kubeedge/kubeedge/edge/pkg/devicetwin/dtmanager/membership.go:326.3,328.17 2 1
github.com/kubeedge/kubeedge/edge/pkg/devicetwin/dtmanager/membership.go:328.17,331.4 1 1
github.com/kubeedge/kubeedge/edge/pkg/devicetwin/dtmanager/membership.go:333.3,333.55 1 1
github.com/kubeedge/kubeedge/edge/pkg/devicetwin/dtmanager/membership.go:338.81,344.16 6 1
github.com/kubeedge/kubeedge/edge/pkg/devicetwin/dtmanager/membership.go:344.16,350.21 6 1
github.com/kubeedge/kubeedge/edge/pkg/devicetwin/dtmanager/membership.go:350.21,352.4 1 0
github.com/kubeedge/kubeedge/edge/pkg/devicetwin/dtmanager/membership.go:353.8,356.74 3 1
github.com/kubeedge/kubeedge/edge/pkg/devicetwin/dtmanager/membership.go:356.74,358.11 2 0
github.com/kubeedge/kubeedge/edge/pkg/devicetwin/dtmanager/membership.go:358.11,360.5 1 0
github.com/kubeedge/kubeedge/edge/pkg/devicetwin/dtmanager/membership.go:360.10,362.5 1 0
github.com/kubeedge/kubeedge/edge/pkg/devicetwin/dtmanager/membership.go:363.4,363.15 1 0
github.com/kubeedge/kubeedge/edge/pkg/devicetwin/dtmanager/membership.go:366.3,367.17 2 1
github.com/kubeedge/kubeedge/edge/pkg/devicetwin/dtmanager/membership.go:367.17,369.4 1 0
github.com/kubeedge/kubeedge/edge/pkg/devicetwin/dtmanager/membership.go:369.9,371.4 1 1
github.com/kubeedge/kubeedge/edge/pkg/devicetwin/dtmanager/membership.go:373.2,380.16 4 1
github.com/kubeedge/kubeedge/edge/pkg/devicetwin/dtmanager/membership.go:380.16,382.3 1 1
github.com/kubeedge/kubeedge/edge/pkg/devicetwin/dtmanager/membership.go:383.2,383.12 1 0
github.com/kubeedge/kubeedge/edge/pkg/devicetwin/dtmanager/membership.go:387.80,390.12 3 1
github.com/kubeedge/kubeedge/edge/pkg/devicetwin/dtmanager/membership.go:390.12,393.3 2 0
github.com/kubeedge/kubeedge/edge/pkg/devicetwin/dtmanager/membership.go:395.2,396.16 2 1
github.com/kubeedge/kubeedge/edge/pkg/devicetwin/dtmanager/membership.go:396.16,399.3 2 0
github.com/kubeedge/kubeedge/edge/pkg/devicetwin/dtmanager/membership.go:400.2,400.23 1 1
github.com/kubeedge/kubeedge/edge/pkg/devicetwin/dtmanager/membership.go:400.23,402.3 1 1
github.com/kubeedge/kubeedge/edge/pkg/devicetwin/dtmanager/membership.go:403.2,406.16 3 0
github.com/kubeedge/kubeedge/edge/pkg/devicetwin/dtmanager/membership.go:406.16,409.3 2 0
github.com/kubeedge/kubeedge/edge/pkg/devicetwin/dtmanager/membership.go:411.2,412.16 2 0
github.com/kubeedge/kubeedge/edge/pkg/devicetwin/dtmanager/membership.go:412.16,415.3 2 0
github.com/kubeedge/kubeedge/edge/pkg/devicetwin/dtmanager/membership.go:417.2,426.12 2 0
github.com/kubeedge/kubeedge/edge/pkg/devicetwin/dtmanager/twin.go:51.4,53.3 1 0
github.com/kubeedge/kubeedge/edge/pkg/devicetwin/dtmanager/twin.go:63.30,65.6 2 1
github.com/kubeedge/kubeedge/edge/pkg/devicetwin/dtmanager/twin.go:65.6,66.10 1 1
github.com/kubeedge/kubeedge/edge/pkg/devicetwin/dtmanager/twin.go:67.37,68.11 1 1
github.com/kubeedge/kubeedge/edge/pkg/devicetwin/dtmanager/twin.go:68.11,70.5 1 0
github.com/kubeedge/kubeedge/edge/pkg/devicetwin/dtmanager/twin.go:71.4,71.66 1 1
github.com/kubeedge/kubeedge/edge/pkg/devicetwin/dtmanager/twin.go:71.66,72.61 1 1
github.com/kubeedge/kubeedge/edge/pkg/devicetwin/dtmanager/twin.go:72.61,74.20 2 1
github.com/kubeedge/kubeedge/edge/pkg/devicetwin/dtmanager/twin.go:74.20,76.7 1 1
github.com/kubeedge/kubeedge/edge/pkg/devicetwin/dtmanager/twin.go:77.11,79.6 1 1
github.com/kubeedge/kubeedge/edge/pkg/devicetwin/dtmanager/twin.go:82.36,83.11 1 1
github.com/kubeedge/kubeedge/edge/pkg/devicetwin/dtmanager/twin.go:83.11,85.5 1 0
github.com/kubeedge/kubeedge/edge/pkg/devicetwin/dtmanager/twin.go:86.4,86.63 1 1
github.com/kubeedge/kubeedge/edge/pkg/devicetwin/dtmanager/twin.go:86.63,88.5 1 1
github.com/kubeedge/kubeedge/edge/pkg/devicetwin/dtmanager/twin.go:93.31,94.39 1 1
github.com/kubeedge/kubeedge/edge/pkg/devicetwin/dtmanager/twin.go:94.39,99.3 4 1
github.com/kubeedge/kubeedge/edge/pkg/devicetwin/dtmanager/twin.go:102.89,105.9 3 1
github.com/kubeedge/kubeedge/edge/pkg/devicetwin/dtmanager/twin.go:105.9,107.3 1 1
github.com/kubeedge/kubeedge/edge/pkg/devicetwin/dtmanager/twin.go:108.2,110.9 3 1
github.com/kubeedge/kubeedge/edge/pkg/devicetwin/dtmanager/twin.go:110.9,112.3 1 1
github.com/kubeedge/kubeedge/edge/pkg/devicetwin/dtmanager/twin.go:114.2,115.16 2 1
github.com/kubeedge/kubeedge/edge/pkg/devicetwin/dtmanager/twin.go:115.16,118.102 2 1
github.com/kubeedge/kubeedge/edge/pkg/devicetwin/dtmanager/twin.go:118.102,121.4 1 1
github.com/kubeedge/kubeedge/edge/pkg/devicetwin/dtmanager/twin.go:122.3,122.13 1 1
github.com/kubeedge/kubeedge/edge/pkg/devicetwin/dtmanager/twin.go:125.2,128.95 4 1
github.com/kubeedge/kubeedge/edge/pkg/devicetwin/dtmanager/twin.go:128.95,131.3 1 0
github.com/kubeedge/kubeedge/edge/pkg/devicetwin/dtmanager/twin.go:132.2,134.12 2 1
github.com/kubeedge/kubeedge/edge/pkg/devicetwin/dtmanager/twin.go:137.88,140.9 3 1
github.com/kubeedge/kubeedge/edge/pkg/devicetwin/dtmanager/twin.go:140.9,142.3 1 1
github.com/kubeedge/kubeedge/edge/pkg/devicetwin/dtmanager/twin.go:144.2,145.9 2 1
github.com/kubeedge/kubeedge/edge/pkg/devicetwin/dtmanager/twin.go:145.9,147.3 1 1
github.com/kubeedge/kubeedge/edge/pkg/devicetwin/dtmanager/twin.go:149.2,149.64 1 1
github.com/kubeedge/kubeedge/edge/pkg/devicetwin/dtmanager/twin.go:149.64,152.3 1 1
github.com/kubeedge/kubeedge/edge/pkg/devicetwin/dtmanager/twin.go:153.2,153.12 1 1
github.com/kubeedge/kubeedge/edge/pkg/devicetwin/dtmanager/twin.go:156.91,159.9 3 1
github.com/kubeedge/kubeedge/edge/pkg/devicetwin/dtmanager/twin.go:159.9,161.3 1 1
github.com/kubeedge/kubeedge/edge/pkg/devicetwin/dtmanager/twin.go:163.2,164.9 2 1
github.com/kubeedge/kubeedge/edge/pkg/devicetwin/dtmanager/twin.go:164.9,166.3 1 1
github.com/kubeedge/kubeedge/edge/pkg/devicetwin/dtmanager/twin.go:168.2,171.12 4 1
github.com/kubeedge/kubeedge/edge/pkg/devicetwin/dtmanager/twin.go:175.77,178.16 3 1
github.com/kubeedge/kubeedge/edge/pkg/devicetwin/dtmanager/twin.go:178.16,180.97 2 1
github.com/kubeedge/kubeedge/edge/pkg/devicetwin/dtmanager/twin.go:180.97,183.4 1 1
github.com/kubeedge/kubeedge/edge/pkg/devicetwin/dtmanager/twin.go:184.3,184.9 1 1
github.com/kubeedge/kubeedge/edge/pkg/devicetwin/dtmanager/twin.go:186.2,188.91 3 1
github.com/kubeedge/kubeedge/edge/pkg/devicetwin/dtmanager/twin.go:188.91,191.3 1 1
github.com/kubeedge/kubeedge/edge/pkg/devicetwin/dtmanager/twin.go:195.140,200.14 5 1
github.com/kubeedge/kubeedge/edge/pkg/devicetwin/dtmanager/twin.go:200.14,203.88 2 1
github.com/kubeedge/kubeedge/edge/pkg/devicetwin/dtmanager/twin.go:203.88,206.4 1 1
github.com/kubeedge/kubeedge/edge/pkg/devicetwin/dtmanager/twin.go:207.3,207.72 1 1
github.com/kubeedge/kubeedge/edge/pkg/devicetwin/dtmanager/twin.go:209.2,211.20 3 1
github.com/kubeedge/kubeedge/edge/pkg/devicetwin/dtmanager/twin.go:211.20,214.108 3 1
github.com/kubeedge/kubeedge/edge/pkg/devicetwin/dtmanager/twin.go:214.108,217.4 1 1
github.com/kubeedge/kubeedge/edge/pkg/devicetwin/dtmanager/twin.go:218.3,218.13 1 1
github.com/kubeedge/kubeedge/edge/pkg/devicetwin/dtmanager/twin.go:220.2,223.59 3 1
github.com/kubeedge/kubeedge/edge/pkg/devicetwin/dtmanager/twin.go:223.59,224.65 1 1
github.com/kubeedge/kubeedge/edge/pkg/devicetwin/dtmanager/twin.go:224.65,227.4 1 1
github.com/kubeedge/kubeedge/edge/pkg/devicetwin/dtmanager/twin.go:228.3,230.114 3 1
github.com/kubeedge/kubeedge/edge/pkg/devicetwin/dtmanager/twin.go:230.114,233.4 1 1
github.com/kubeedge/kubeedge/edge/pkg/devicetwin/dtmanager/twin.go:234.3,234.13 1 1
github.com/kubeedge/kubeedge/edge/pkg/devicetwin/dtmanager/twin.go:236.2,236.60 1 1
github.com/kubeedge/kubeedge/edge/pkg/devicetwin/dtmanager/twin.go:236.60,237.45 1 1
github.com/kubeedge/kubeedge/edge/pkg/devicetwin/dtmanager/twin.go:237.45,239.18 2 1
github.com/kubeedge/kubeedge/edge/pkg/devicetwin/dtmanager/twin.go:239.18,240.10 1 1
github.com/kubeedge/kubeedge/edge/pkg/devicetwin/dtmanager/twin.go:242.4,242.38 1 1
github.com/kubeedge/kubeedge/edge/pkg/devicetwin/dtmanager/twin.go:244.3,244.17 1 1
github.com/kubeedge/kubeedge/edge/pkg/devicetwin/dtmanager/twin.go:244.17,245.66 1 1
github.com/kubeedge/kubeedge/edge/pkg/devicetwin/dtmanager/twin.go:245.66,248.5 1 1
github.com/kubeedge/kubeedge/edge/pkg/devicetwin/dtmanager/twin.go:249.4,249.78 1 1
github.com/kubeedge/kubeedge/edge/pkg/devicetwin/dtmanager/twin.go:253.2,253.30 1 1
github.com/kubeedge/kubeedge/edge/pkg/devicetwin/dtmanager/twin.go:253.30,255.117 2 1
github.com/kubeedge/kubeedge/edge/pkg/devicetwin/dtmanager/twin.go:255.117,258.4 1 1
github.com/kubeedge/kubeedge/edge/pkg/devicetwin/dtmanager/twin.go:259.3,259.17 1 1
github.com/kubeedge/kubeedge/edge/pkg/devicetwin/dtmanager/twin.go:259.17,261.4 1 1
github.com/kubeedge/kubeedge/edge/pkg/devicetwin/dtmanager/twin.go:263.2,263.38 1 1
github.com/kubeedge/kubeedge/edge/pkg/devicetwin/dtmanager/twin.go:263.38,264.136 1 1
github.com/kubeedge/kubeedge/edge/pkg/devicetwin/dtmanager/twin.go:264.136,267.4 1 1
github.com/kubeedge/kubeedge/edge/pkg/devicetwin/dtmanager/twin.go:270.2,271.8 2 1
github.com/kubeedge/kubeedge/edge/pkg/devicetwin/dtmanager/twin.go:271.8,272.61 1 1
github.com/kubeedge/kubeedge/edge/pkg/devicetwin/dtmanager/twin.go:272.61,275.4 1 1
github.com/kubeedge/kubeedge/edge/pkg/devicetwin/dtmanager/twin.go:278.2,278.40 1 1
github.com/kubeedge/kubeedge/edge/pkg/devicetwin/dtmanager/twin.go:278.40,279.113 1 1
github.com/kubeedge/kubeedge/edge/pkg/devicetwin/dtmanager/twin.go:279.113,282.4 1 1
github.com/kubeedge/kubeedge/edge/pkg/devicetwin/dtmanager/twin.go:284.2,284.12 1 1
github.com/kubeedge/kubeedge/edge/pkg/devicetwin/dtmanager/twin.go:288.129,299.16 7 1
github.com/kubeedge/kubeedge/edge/pkg/devicetwin/dtmanager/twin.go:299.16,301.3 1 1
github.com/kubeedge/kubeedge/edge/pkg/devicetwin/dtmanager/twin.go:301.8,304.21 3 1
github.com/kubeedge/kubeedge/edge/pkg/devicetwin/dtmanager/twin.go:304.21,307.4 2 0
github.com/kubeedge/kubeedge/edge/pkg/devicetwin/dtmanager/twin.go:309.2,313.95 2 1
github.com/kubeedge/kubeedge/edge/pkg/devicetwin/dtmanager/twin.go:317.85,324.2 3 1
github.com/kubeedge/kubeedge/edge/pkg/devicetwin/dtmanager/twin.go:327.139,334.2 3 1
github.com/kubeedge/kubeedge/edge/pkg/devicetwin/dtmanager/twin.go:337.145,346.2 5 1
github.com/kubeedge/kubeedge/edge/pkg/devicetwin/dtmanager/twin.go:349.87,354.16 5 1
github.com/kubeedge/kubeedge/edge/pkg/devicetwin/dtmanager/twin.go:354.16,360.21 6 1
github.com/kubeedge/kubeedge/edge/pkg/devicetwin/dtmanager/twin.go:360.21,363.4 2 0
github.com/kubeedge/kubeedge/edge/pkg/devicetwin/dtmanager/twin.go:364.8,367.13 3 1
github.com/kubeedge/kubeedge/edge/pkg/devicetwin/dtmanager/twin.go:367.13,373.22 6 1
github.com/kubeedge/kubeedge/edge/pkg/devicetwin/dtmanager/twin.go:373.22,376.5 2 0
github.com/kubeedge/kubeedge/edge/pkg/devicetwin/dtmanager/twin.go:377.9,381.18 4 1
github.com/kubeedge/kubeedge/edge/pkg/devicetwin/dtmanager/twin.go:381.18,387.23 6 0
github.com/kubeedge/kubeedge/edge/pkg/devicetwin/dtmanager/twin.go:387.23,390.6 2 0
github.com/kubeedge/kubeedge/edge/pkg/devicetwin/dtmanager/twin.go:394.2,399.92 3 1
github.com/kubeedge/kubeedge/edge/pkg/devicetwin/dtmanager/twin.go:403.107,404.30 1 1
github.com/kubeedge/kubeedge/edge/pkg/devicetwin/dtmanager/twin.go:404.30,406.3 1 1
github.com/kubeedge/kubeedge/edge/pkg/devicetwin/dtmanager/twin.go:406.8,406.37 1 1
github.com/kubeedge/kubeedge/edge/pkg/devicetwin/dtmanager/twin.go:406.37,407.24 1 1
github.com/kubeedge/kubeedge/edge/pkg/devicetwin/dtmanager/twin.go:407.24,408.42 1 1
github.com/kubeedge/kubeedge/edge/pkg/devicetwin/dtmanager/twin.go:408.42,410.5 1 1
github.com/kubeedge/kubeedge/edge/pkg/devicetwin/dtmanager/twin.go:411.4,411.72 1 1
github.com/kubeedge/kubeedge/edge/pkg/devicetwin/dtmanager/twin.go:413.3,413.53 1 1
github.com/kubeedge/kubeedge/edge/pkg/devicetwin/dtmanager/twin.go:413.53,415.4 1 1
github.com/kubeedge/kubeedge/edge/pkg/devicetwin/dtmanager/twin.go:416.3,416.51 1 1
github.com/kubeedge/kubeedge/edge/pkg/devicetwin/dtmanager/twin.go:416.51,418.4 1 1
github.com/kubeedge/kubeedge/edge/pkg/devicetwin/dtmanager/twin.go:419.3,420.47 2 1
github.com/kubeedge/kubeedge/edge/pkg/devicetwin/dtmanager/twin.go:422.2,422.18 1 1
github.com/kubeedge/kubeedge/edge/pkg/devicetwin/dtmanager/twin.go:425.148,435.163 10 1
github.com/kubeedge/kubeedge/edge/pkg/devicetwin/dtmanager/twin.go:435.163,436.93 1 1
github.com/kubeedge/kubeedge/edge/pkg/devicetwin/dtmanager/twin.go:436.93,438.4 1 1
github.com/kubeedge/kubeedge/edge/pkg/devicetwin/dtmanager/twin.go:439.3,439.31 1 1
github.com/kubeedge/kubeedge/edge/pkg/devicetwin/dtmanager/twin.go:439.31,441.4 1 1
github.com/kubeedge/kubeedge/edge/pkg/devicetwin/dtmanager/twin.go:442.3,443.34 2 1
github.com/kubeedge/kubeedge/edge/pkg/devicetwin/dtmanager/twin.go:443.34,446.4 2 1
github.com/kubeedge/kubeedge/edge/pkg/devicetwin/dtmanager/twin.go:447.3,447.22 1 1
github.com/kubeedge/kubeedge/edge/pkg/devicetwin/dtmanager/twin.go:447.22,451.32 3 1
github.com/kubeedge/kubeedge/edge/pkg/devicetwin/dtmanager/twin.go:451.32,453.5 1 1
github.com/kubeedge/kubeedge/edge/pkg/devicetwin/dtmanager/twin.go:454.4,455.11 2 1
github.com/kubeedge/kubeedge/edge/pkg/devicetwin/dtmanager/twin.go:455.11,456.33 1 1
github.com/kubeedge/kubeedge/edge/pkg/devicetwin/dtmanager/twin.go:456.33,462.6 5 1
github.com/kubeedge/kubeedge/edge/pkg/devicetwin/dtmanager/twin.go:463.10,469.29 6 1
github.com/kubeedge/kubeedge/edge/pkg/devicetwin/dtmanager/twin.go:469.29,471.6 1 1
github.com/kubeedge/kubeedge/edge/pkg/devicetwin/dtmanager/twin.go:472.5,476.33 5 1
github.com/kubeedge/kubeedge/edge/pkg/devicetwin/dtmanager/twin.go:476.33,479.6 2 1
github.com/kubeedge/kubeedge/edge/pkg/devicetwin/dtmanager/twin.go:480.5,481.20 2 1
github.com/kubeedge/kubeedge/edge/pkg/devicetwin/dtmanager/twin.go:484.3,486.32 2 1
github.com/kubeedge/kubeedge/edge/pkg/devicetwin/dtmanager/twin.go:486.32,489.4 2 1
github.com/kubeedge/kubeedge/edge/pkg/devicetwin/dtmanager/twin.go:490.3,490.20 1 1
github.com/kubeedge/kubeedge/edge/pkg/devicetwin/dtmanager/twin.go:490.20,493.32 3 1
github.com/kubeedge/kubeedge/edge/pkg/devicetwin/dtmanager/twin.go:493.32,495.5 1 1
github.com/kubeedge/kubeedge/edge/pkg/devicetwin/dtmanager/twin.go:496.4,497.11 2 1
github.com/kubeedge/kubeedge/edge/pkg/devicetwin/dtmanager/twin.go:497.11,498.33 1 1
github.com/kubeedge/kubeedge/edge/pkg/devicetwin/dtmanager/twin.go:498.33,504.6 5 1
github.com/kubeedge/kubeedge/edge/pkg/devicetwin/dtmanager/twin.go:505.10,512.27 6 1
github.com/kubeedge/kubeedge/edge/pkg/devicetwin/dtmanager/twin.go:512.27,514.6 1 1
github.com/kubeedge/kubeedge/edge/pkg/devicetwin/dtmanager/twin.go:515.5,519.33 5 1
github.com/kubeedge/kubeedge/edge/pkg/devicetwin/dtmanager/twin.go:519.33,522.6 2 1
github.com/kubeedge/kubeedge/edge/pkg/devicetwin/dtmanager/twin.go:523.5,524.20 2 1
github.com/kubeedge/kubeedge/edge/pkg/devicetwin/dtmanager/twin.go:529.2,529.14 1 1
github.com/kubeedge/kubeedge/edge/pkg/devicetwin/dtmanager/twin.go:529.14,532.31 3 1
github.com/kubeedge/kubeedge/edge/pkg/devicetwin/dtmanager/twin.go:532.31,535.4 2 1
github.com/kubeedge/kubeedge/edge/pkg/devicetwin/dtmanager/twin.go:535.9,537.4 1 1
github.com/kubeedge/kubeedge/edge/pkg/devicetwin/dtmanager/twin.go:538.3,538.35 1 1
github.com/kubeedge/kubeedge/edge/pkg/devicetwin/dtmanager/twin.go:539.8,542.3 2 1
github.com/kubeedge/kubeedge/edge/pkg/devicetwin/dtmanager/twin.go:546.97,552.22 5 1
github.com/kubeedge/kubeedge/edge/pkg/devicetwin/dtmanager/twin.go:552.22,554.3 1 1
github.com/kubeedge/kubeedge/edge/pkg/devicetwin/dtmanager/twin.go:555.2,555.28 1 1
github.com/kubeedge/kubeedge/edge/pkg/devicetwin/dtmanager/twin.go:555.28,559.3 3 1
github.com/kubeedge/kubeedge/edge/pkg/devicetwin/dtmanager/twin.go:560.2,560.25 1 1
github.com/kubeedge/kubeedge/edge/pkg/devicetwin/dtmanager/twin.go:560.25,562.3 1 1
github.com/kubeedge/kubeedge/edge/pkg/devicetwin/dtmanager/twin.go:564.2,565.68 2 1
github.com/kubeedge/kubeedge/edge/pkg/devicetwin/dtmanager/twin.go:565.68,566.30 1 1
github.com/kubeedge/kubeedge/edge/pkg/devicetwin/dtmanager/twin.go:566.30,568.4 1 1
github.com/kubeedge/kubeedge/edge/pkg/devicetwin/dtmanager/twin.go:569.8,571.3 1 1
github.com/kubeedge/kubeedge/edge/pkg/devicetwin/dtmanager/twin.go:572.2,572.16 1 1
github.com/kubeedge/kubeedge/edge/pkg/devicetwin/dtmanager/twin.go:572.16,573.14 1 1
github.com/kubeedge/kubeedge/edge/pkg/devicetwin/dtmanager/twin.go:573.14,575.18 2 1
github.com/kubeedge/kubeedge/edge/pkg/devicetwin/dtmanager/twin.go:575.18,577.5 1 1
github.com/kubeedge/kubeedge/edge/pkg/devicetwin/dtmanager/twin.go:578.4,578.20 1 1
github.com/kubeedge/kubeedge/edge/pkg/devicetwin/dtmanager/twin.go:580.3,580.19 1 1
github.com/kubeedge/kubeedge/edge/pkg/devicetwin/dtmanager/twin.go:582.2,582.19 1 1
github.com/kubeedge/kubeedge/edge/pkg/devicetwin/dtmanager/twin.go:585.155,593.68 7 1
github.com/kubeedge/kubeedge/edge/pkg/devicetwin/dtmanager/twin.go:593.68,595.3 1 1
github.com/kubeedge/kubeedge/edge/pkg/devicetwin/dtmanager/twin.go:597.2,604.20 7 1
github.com/kubeedge/kubeedge/edge/pkg/devicetwin/dtmanager/twin.go:604.20,606.3 1 1
github.com/kubeedge/kubeedge/edge/pkg/devicetwin/dtmanager/twin.go:607.2,608.16 2 1
github.com/kubeedge/kubeedge/edge/pkg/devicetwin/dtmanager/twin.go:608.16,611.34 3 1
github.com/kubeedge/kubeedge/edge/pkg/devicetwin/dtmanager/twin.go:611.34,613.4 1 1
github.com/kubeedge/kubeedge/edge/pkg/devicetwin/dtmanager/twin.go:614.3,616.31 3 1
github.com/kubeedge/kubeedge/edge/pkg/devicetwin/dtmanager/twin.go:616.31,618.4 1 1
github.com/kubeedge/kubeedge/edge/pkg/devicetwin/dtmanager/twin.go:619.3,620.10 2 1
github.com/kubeedge/kubeedge/edge/pkg/devicetwin/dtmanager/twin.go:620.10,622.32 1 1
github.com/kubeedge/kubeedge/edge/pkg/devicetwin/dtmanager/twin.go:622.32,631.59 7 1
github.com/kubeedge/kubeedge/edge/pkg/devicetwin/dtmanager/twin.go:631.59,634.6 1 0
github.com/kubeedge/kubeedge/edge/pkg/devicetwin/dtmanager/twin.go:635.5,637.24 2 1
github.com/kubeedge/kubeedge/edge/pkg/devicetwin/dtmanager/twin.go:638.10,641.5 2 0
github.com/kubeedge/kubeedge/edge/pkg/devicetwin/dtmanager/twin.go:642.9,648.28 6 1
github.com/kubeedge/kubeedge/edge/pkg/devicetwin/dtmanager/twin.go:648.28,650.5 1 1
github.com/kubeedge/kubeedge/edge/pkg/devicetwin/dtmanager/twin.go:651.4,655.32 4 1
github.com/kubeedge/kubeedge/edge/pkg/devicetwin/dtmanager/twin.go:655.32,662.59 7 1
github.com/kubeedge/kubeedge/edge/pkg/devicetwin/dtmanager/twin.go:662.59,665.6 1 0
github.com/kubeedge/kubeedge/edge/pkg/devicetwin/dtmanager/twin.go:666.5,666.37 1 1
github.com/kubeedge/kubeedge/edge/pkg/devicetwin/dtmanager/twin.go:668.4,668.19 1 1
github.com/kubeedge/kubeedge/edge/pkg/devicetwin/dtmanager/twin.go:670.8,671.53 1 1
github.com/kubeedge/kubeedge/edge/pkg/devicetwin/dtmanager/twin.go:671.53,674.4 2 1
github.com/kubeedge/kubeedge/edge/pkg/devicetwin/dtmanager/twin.go:676.2,677.29 2 1
github.com/kubeedge/kubeedge/edge/pkg/devicetwin/dtmanager/twin.go:677.29,680.32 3 1
github.com/kubeedge/kubeedge/edge/pkg/devicetwin/dtmanager/twin.go:680.32,682.4 1 1
github.com/kubeedge/kubeedge/edge/pkg/devicetwin/dtmanager/twin.go:683.3,685.31 3 1
github.com/kubeedge/kubeedge/edge/pkg/devicetwin/dtmanager/twin.go:685.31,687.4 1 1
github.com/kubeedge/kubeedge/edge/pkg/devicetwin/dtmanager/twin.go:688.3,689.10 2 1
github.com/kubeedge/kubeedge/edge/pkg/devicetwin/dtmanager/twin.go:689.10,690.32 1 1
github.com/kubeedge/kubeedge/edge/pkg/devicetwin/dtmanager/twin.go:690.32,697.59 7 1
github.com/kubeedge/kubeedge/edge/pkg/devicetwin/dtmanager/twin.go:697.59,700.6 1 0
github.com/kubeedge/kubeedge/edge/pkg/devicetwin/dtmanager/twin.go:701.5,702.24 2 1
github.com/kubeedge/kubeedge/edge/pkg/devicetwin/dtmanager/twin.go:703.10,706.5 2 0
github.com/kubeedge/kubeedge/edge/pkg/devicetwin/dtmanager/twin.go:707.9,713.26 6 1
github.com/kubeedge/kubeedge/edge/pkg/devicetwin/dtmanager/twin.go:713.26,715.5 1 1
github.com/kubeedge/kubeedge/edge/pkg/devicetwin/dtmanager/twin.go:716.4,719.32 4 1
github.com/kubeedge/kubeedge/edge/pkg/devicetwin/dtmanager/twin.go:719.32,725.59 6 1
github.com/kubeedge/kubeedge/edge/pkg/devicetwin/dtmanager/twin.go:725.59,728.6 1 0
github.com/kubeedge/kubeedge/edge/pkg/devicetwin/dtmanager/twin.go:729.5,730.126 2 1
github.com/kubeedge/kubeedge/edge/pkg/devicetwin/dtmanager/twin.go:732.4,732.19 1 1
github.com/kubeedge/kubeedge/edge/pkg/devicetwin/dtmanager/twin.go:734.8,735.51 1 1
github.com/kubeedge/kubeedge/edge/pkg/devicetwin/dtmanager/twin.go:735.51,738.4 2 1
github.com/kubeedge/kubeedge/edge/pkg/devicetwin/dtmanager/twin.go:741.2,741.17 1 1
github.com/kubeedge/kubeedge/edge/pkg/devicetwin/dtmanager/twin.go:741.17,742.30 1 1
github.com/kubeedge/kubeedge/edge/pkg/devicetwin/dtmanager/twin.go:742.30,743.61 1 1
github.com/kubeedge/kubeedge/edge/pkg/devicetwin/dtmanager/twin.go:743.61,750.5 6 1
github.com/kubeedge/kubeedge/edge/pkg/devicetwin/dtmanager/twin.go:753.3,753.30 1 1
github.com/kubeedge/kubeedge/edge/pkg/devicetwin/dtmanager/twin.go:753.30,756.71 3 1
github.com/kubeedge/kubeedge/edge/pkg/devicetwin/dtmanager/twin.go:756.71,761.71 5 1
github.com/kubeedge/kubeedge/edge/pkg/devicetwin/dtmanager/twin.go:761.71,765.63 4 1
github.com/kubeedge/kubeedge/edge/pkg/devicetwin/dtmanager/twin.go:765.63,768.7 1 0
github.com/kubeedge/kubeedge/edge/pkg/devicetwin/dtmanager/twin.go:769.6,769.38 1 1
github.com/kubeedge/kubeedge/edge/pkg/devicetwin/dtmanager/twin.go:771.5,771.20 1 1
github.com/kubeedge/kubeedge/edge/pkg/devicetwin/dtmanager/twin.go:773.9,774.70 1 1
github.com/kubeedge/kubeedge/edge/pkg/devicetwin/dtmanager/twin.go:774.70,779.5 4 1
github.com/kubeedge/kubeedge/edge/pkg/devicetwin/dtmanager/twin.go:782.2,782.14 1 1
github.com/kubeedge/kubeedge/edge/pkg/devicetwin/dtmanager/twin.go:782.14,789.31 6 1
github.com/kubeedge/kubeedge/edge/pkg/devicetwin/dtmanager/twin.go:789.31,793.4 3 1
github.com/kubeedge/kubeedge/edge/pkg/devicetwin/dtmanager/twin.go:793.9,794.20 1 1
github.com/kubeedge/kubeedge/edge/pkg/devicetwin/dtmanager/twin.go:794.20,796.5 1 0
github.com/kubeedge/kubeedge/edge/pkg/devicetwin/dtmanager/twin.go:796.10,798.5 1 1
github.com/kubeedge/kubeedge/edge/pkg/devicetwin/dtmanager/twin.go:800.8,801.31 1 1
github.com/kubeedge/kubeedge/edge/pkg/devicetwin/dtmanager/twin.go:801.31,804.4 2 0
github.com/kubeedge/kubeedge/edge/pkg/devicetwin/dtmanager/twin.go:804.9,806.20 2 1
github.com/kubeedge/kubeedge/edge/pkg/devicetwin/dtmanager/twin.go:806.20,808.5 1 1
github.com/kubeedge/kubeedge/edge/pkg/devicetwin/dtmanager/twin.go:808.10,810.5 1 0
github.com/kubeedge/kubeedge/edge/pkg/devicetwin/dtmanager/twin.go:813.2,813.12 1 1
github.com/kubeedge/kubeedge/edge/pkg/devicetwin/dtmanager/twin.go:816.163,821.20 5 1
github.com/kubeedge/kubeedge/edge/pkg/devicetwin/dtmanager/twin.go:821.20,823.3 1 1
github.com/kubeedge/kubeedge/edge/pkg/devicetwin/dtmanager/twin.go:824.2,830.99 6 1
github.com/kubeedge/kubeedge/edge/pkg/devicetwin/dtmanager/twin.go:830.99,831.37 1 1
github.com/kubeedge/kubeedge/edge/pkg/devicetwin/dtmanager/twin.go:831.37,834.4 2 1
github.com/kubeedge/kubeedge/edge/pkg/devicetwin/dtmanager/twin.go:835.3,835.35 1 1
github.com/kubeedge/kubeedge/edge/pkg/devicetwin/dtmanager/twin.go:835.35,838.4 2 1
github.com/kubeedge/kubeedge/edge/pkg/devicetwin/dtmanager/twin.go:841.2,841.29 1 1
github.com/kubeedge/kubeedge/edge/pkg/devicetwin/dtmanager/twin.go:841.29,844.31 3 1
github.com/kubeedge/kubeedge/edge/pkg/devicetwin/dtmanager/twin.go:844.31,846.4 1 1
github.com/kubeedge/kubeedge/edge/pkg/devicetwin/dtmanager/twin.go:847.3,848.10 2 1
github.com/kubeedge/kubeedge/edge/pkg/devicetwin/dtmanager/twin.go:848.10,850.32 1 1
github.com/kubeedge/kubeedge/edge/pkg/devicetwin/dtmanager/twin.go:850.32,853.5 2 0
github.com/kubeedge/kubeedge/edge/pkg/devicetwin/dtmanager/twin.go:855.4,855.14 1 1
github.com/kubeedge/kubeedge/edge/pkg/devicetwin/dtmanager/twin.go:858.3,859.30 2 1
github.com/kubeedge/kubeedge/edge/pkg/devicetwin/dtmanager/twin.go:859.30,861.4 1 1
github.com/kubeedge/kubeedge/edge/pkg/devicetwin/dtmanager/twin.go:863.3,864.17 2 1
github.com/kubeedge/kubeedge/edge/pkg/devicetwin/dtmanager/twin.go:864.17,872.4 7 1
github.com/kubeedge/kubeedge/edge/pkg/devicetwin/dtmanager/twin.go:872.9,876.32 3 1
github.com/kubeedge/kubeedge/edge/pkg/devicetwin/dtmanager/twin.go:876.32,879.5 2 1
github.com/kubeedge/kubeedge/edge/pkg/devicetwin/dtmanager/twin.go:880.4,880.14 1 1
github.com/kubeedge/kubeedge/edge/pkg/devicetwin/dtmanager/twin.go:884.2,884.27 1 1
github.com/kubeedge/kubeedge/edge/pkg/devicetwin/dtmanager/twin.go:884.27,887.31 3 1
github.com/kubeedge/kubeedge/edge/pkg/devicetwin/dtmanager/twin.go:887.31,889.4 1 1
github.com/kubeedge/kubeedge/edge/pkg/devicetwin/dtmanager/twin.go:890.3,891.10 2 1
github.com/kubeedge/kubeedge/edge/pkg/devicetwin/dtmanager/twin.go:891.10,892.32 1 1
github.com/kubeedge/kubeedge/edge/pkg/devicetwin/dtmanager/twin.go:892.32,895.5 2 0
github.com/kubeedge/kubeedge/edge/pkg/devicetwin/dtmanager/twin.go:896.4,896.14 1 1
github.com/kubeedge/kubeedge/edge/pkg/devicetwin/dtmanager/twin.go:898.3,899.30 2 1
github.com/kubeedge/kubeedge/edge/pkg/devicetwin/dtmanager/twin.go:899.30,901.4 1 1
github.com/kubeedge/kubeedge/edge/pkg/devicetwin/dtmanager/twin.go:902.3,903.17 2 1
github.com/kubeedge/kubeedge/edge/pkg/devicetwin/dtmanager/twin.go:903.17,911.4 7 1
github.com/kubeedge/kubeedge/edge/pkg/devicetwin/dtmanager/twin.go:911.9,914.32 3 1
github.com/kubeedge/kubeedge/edge/pkg/devicetwin/dtmanager/twin.go:914.32,917.5 2 1
github.com/kubeedge/kubeedge/edge/pkg/devicetwin/dtmanager/twin.go:918.4,918.14 1 1
github.com/kubeedge/kubeedge/edge/pkg/devicetwin/dtmanager/twin.go:923.2,923.29 1 1
github.com/kubeedge/kubeedge/edge/pkg/devicetwin/dtmanager/twin.go:923.29,927.3 3 1
github.com/kubeedge/kubeedge/edge/pkg/devicetwin/dtmanager/twin.go:927.8,930.3 2 1
github.com/kubeedge/kubeedge/edge/pkg/devicetwin/dtmanager/twin.go:933.2,933.29 1 1
github.com/kubeedge/kubeedge/edge/pkg/devicetwin/dtmanager/twin.go:933.29,941.3 6 1
github.com/kubeedge/kubeedge/edge/pkg/devicetwin/dtmanager/twin.go:941.8,944.3 2 1
github.com/kubeedge/kubeedge/edge/pkg/devicetwin/dtmanager/twin.go:946.2,946.14 1 1
github.com/kubeedge/kubeedge/edge/pkg/devicetwin/dtmanager/twin.go:946.14,953.75 6 1
github.com/kubeedge/kubeedge/edge/pkg/devicetwin/dtmanager/twin.go:953.75,955.4 1 1
github.com/kubeedge/kubeedge/edge/pkg/devicetwin/dtmanager/twin.go:955.9,957.4 1 1
github.com/kubeedge/kubeedge/edge/pkg/devicetwin/dtmanager/twin.go:958.3,962.31 4 1
github.com/kubeedge/kubeedge/edge/pkg/devicetwin/dtmanager/twin.go:962.31,966.4 3 1
github.com/kubeedge/kubeedge/edge/pkg/devicetwin/dtmanager/twin.go:966.9,968.4 1 1
github.com/kubeedge/kubeedge/edge/pkg/devicetwin/dtmanager/twin.go:969.8,972.3 2 0
github.com/kubeedge/kubeedge/edge/pkg/devicetwin/dtmanager/twin.go:974.2,974.12 1 1
github.com/kubeedge/kubeedge/edge/pkg/devicetwin/dtmanager/twin.go:978.138,994.9 9 1
github.com/kubeedge/kubeedge/edge/pkg/devicetwin/dtmanager/twin.go:994.9,1003.3 2 1
github.com/kubeedge/kubeedge/edge/pkg/devicetwin/dtmanager/twin.go:1005.2,1006.18 2 1
github.com/kubeedge/kubeedge/edge/pkg/devicetwin/dtmanager/twin.go:1006.18,1009.3 2 1
github.com/kubeedge/kubeedge/edge/pkg/devicetwin/dtmanager/twin.go:1011.2,1012.37 2 1
github.com/kubeedge/kubeedge/edge/pkg/devicetwin/dtmanager/twin.go:1012.37,1013.39 1 1
github.com/kubeedge/kubeedge/edge/pkg/devicetwin/dtmanager/twin.go:1013.39,1014.68 1 1
github.com/kubeedge/kubeedge/edge/pkg/devicetwin/dtmanager/twin.go:1014.68,1016.5 1 0
github.com/kubeedge/kubeedge/edge/pkg/devicetwin/dtmanager/twin.go:1017.4,1017.125 1 1
github.com/kubeedge/kubeedge/edge/pkg/devicetwin/dtmanager/twin.go:1017.125,1019.13 2 1
github.com/kubeedge/kubeedge/edge/pkg/devicetwin/dtmanager/twin.go:1021.4,1022.18 2 1
github.com/kubeedge/kubeedge/edge/pkg/devicetwin/dtmanager/twin.go:1022.18,1024.5 1 1
github.com/kubeedge/kubeedge/edge/pkg/devicetwin/dtmanager/twin.go:1025.9,1027.18 2 1
github.com/kubeedge/kubeedge/edge/pkg/devicetwin/dtmanager/twin.go:1027.18,1029.5 1 1
github.com/kubeedge/kubeedge/edge/pkg/devicetwin/dtmanager/twin.go:1032.2,1033.21 2 1
github.com/kubeedge/kubeedge/edge/pkg/devicetwin/dtmanager/workertest.go:67.87,80.2 3 1
github.com/kubeedge/kubeedge/edge/pkg/devicetwin/dtmanager/workertest.go:83.90,93.2 3 1
github.com/kubeedge/kubeedge/edge/pkg/devicetwin/dtmanager/workertest.go:96.97,108.2 3 1
github.com/kubeedge/kubeedge/edge/pkg/devicetwin/dtmanager/workertest.go:110.61,122.2 5 0
github.com/kubeedge/kubeedge/edge/pkg/metamanager/metamanager.go:24.47,29.2 1 0
github.com/kubeedge/kubeedge/edge/pkg/metamanager/metamanager.go:32.50,36.2 3 0
github.com/kubeedge/kubeedge/edge/pkg/metamanager/metamanager.go:38.35,40.2 1 1
github.com/kubeedge/kubeedge/edge/pkg/metamanager/metamanager.go:42.36,44.2 1 1
github.com/kubeedge/kubeedge/edge/pkg/metamanager/metamanager.go:46.37,48.2 1 1
github.com/kubeedge/kubeedge/edge/pkg/metamanager/metamanager.go:50.65,51.66 1 0
github.com/kubeedge/kubeedge/edge/pkg/metamanager/metamanager.go:51.66,53.3 1 0
github.com/kubeedge/kubeedge/edge/pkg/metamanager/metamanager.go:54.2,57.3 1 0
github.com/kubeedge/kubeedge/edge/pkg/metamanager/metamanager.go:60.31,61.36 1 0
github.com/kubeedge/kubeedge/edge/pkg/metamanager/metamanager.go:61.36,64.3 2 0
github.com/kubeedge/kubeedge/edge/pkg/metamanager/metamanager.go:66.2,66.20 1 0
github.com/kubeedge/kubeedge/edge/pkg/metamanager/process.go:34.54,36.52 2 0
github.com/kubeedge/kubeedge/edge/pkg/metamanager/process.go:36.52,38.3 1 0
github.com/kubeedge/kubeedge/edge/pkg/metamanager/process.go:38.8,40.3 1 0
github.com/kubeedge/kubeedge/edge/pkg/metamanager/process.go:43.85,48.2 4 0
github.com/kubeedge/kubeedge/edge/pkg/metamanager/process.go:50.53,51.10 1 0
github.com/kubeedge/kubeedge/edge/pkg/metamanager/process.go:51.10,53.3 1 0
github.com/kubeedge/kubeedge/edge/pkg/metamanager/process.go:53.8,55.3 1 0
github.com/kubeedge/kubeedge/edge/pkg/metamanager/process.go:58.42,60.2 1 0
github.com/kubeedge/kubeedge/edge/pkg/metamanager/process.go:62.41,64.2 1 0
github.com/kubeedge/kubeedge/edge/pkg/metamanager/process.go:66.59,67.10 1 0
github.com/kubeedge/kubeedge/edge/pkg/metamanager/process.go:67.10,69.3 1 0
github.com/kubeedge/kubeedge/edge/pkg/metamanager/process.go:69.8,71.3 1 0
github.com/kubeedge/kubeedge/edge/pkg/metamanager/process.go:76.69,81.21 5 0
github.com/kubeedge/kubeedge/edge/pkg/metamanager/process.go:82.9,83.34 1 0
github.com/kubeedge/kubeedge/edge/pkg/metamanager/process.go:84.9,86.32 2 0
github.com/kubeedge/kubeedge/edge/pkg/metamanager/process.go:87.10,87.10 0 0
github.com/kubeedge/kubeedge/edge/pkg/metamanager/process.go:89.2,89.54 1 0
github.com/kubeedge/kubeedge/edge/pkg/metamanager/process.go:89.54,91.3 1 0
github.com/kubeedge/kubeedge/edge/pkg/metamanager/process.go:92.2,94.16 3 0
github.com/kubeedge/kubeedge/edge/pkg/metamanager/process.go:94.16,97.3 2 0
github.com/kubeedge/kubeedge/edge/pkg/metamanager/process.go:98.2,98.58 1 0
github.com/kubeedge/kubeedge/edge/pkg/metamanager/process.go:98.58,101.3 2 0
github.com/kubeedge/kubeedge/edge/pkg/metamanager/process.go:103.2,104.24 2 0
github.com/kubeedge/kubeedge/edge/pkg/metamanager/process.go:104.24,107.3 2 0
github.com/kubeedge/kubeedge/edge/pkg/metamanager/process.go:108.2,108.73 1 0
github.com/kubeedge/kubeedge/edge/pkg/metamanager/process.go:112.46,122.2 1 0
github.com/kubeedge/kubeedge/edge/pkg/metamanager/process.go:124.50,126.2 1 0
github.com/kubeedge/kubeedge/edge/pkg/metamanager/process.go:128.67,130.32 2 0
github.com/kubeedge/kubeedge/edge/pkg/metamanager/process.go:131.99,133.17 2 0
github.com/kubeedge/kubeedge/edge/pkg/metamanager/process.go:133.17,136.4 2 0
github.com/kubeedge/kubeedge/edge/pkg/metamanager/process.go:137.3,142.17 3 0
github.com/kubeedge/kubeedge/edge/pkg/metamanager/process.go:142.17,145.4 2 0
github.com/kubeedge/kubeedge/edge/pkg/metamanager/process.go:146.29,147.39 1 0
github.com/kubeedge/kubeedge/edge/pkg/metamanager/process.go:147.39,149.18 2 0
github.com/kubeedge/kubeedge/edge/pkg/metamanager/process.go:149.18,152.5 2 0
github.com/kubeedge/kubeedge/edge/pkg/metamanager/process.go:153.9,155.18 2 0
github.com/kubeedge/kubeedge/edge/pkg/metamanager/process.go:155.18,158.5 2 0
github.com/kubeedge/kubeedge/edge/pkg/metamanager/process.go:161.2,161.12 1 0
github.com/kubeedge/kubeedge/edge/pkg/metamanager/process.go:164.80,167.16 3 0
github.com/kubeedge/kubeedge/edge/pkg/metamanager/process.go:167.16,169.3 1 0
github.com/kubeedge/kubeedge/edge/pkg/metamanager/process.go:171.2,172.16 2 0
github.com/kubeedge/kubeedge/edge/pkg/metamanager/process.go:172.16,174.3 1 0
github.com/kubeedge/kubeedge/edge/pkg/metamanager/process.go:176.2,177.16 2 0
github.com/kubeedge/kubeedge/edge/pkg/metamanager/process.go:177.16,179.3 1 0
github.com/kubeedge/kubeedge/edge/pkg/metamanager/process.go:180.2,180.14 1 0
github.com/kubeedge/kubeedge/edge/pkg/metamanager/process.go:180.14,183.3 2 0
github.com/kubeedge/kubeedge/edge/pkg/metamanager/process.go:185.2,189.16 3 0
github.com/kubeedge/kubeedge/edge/pkg/metamanager/process.go:189.16,191.3 1 0
github.com/kubeedge/kubeedge/edge/pkg/metamanager/process.go:193.2,193.12 1 0
github.com/kubeedge/kubeedge/edge/pkg/metamanager/process.go:196.60,197.82 1 0
github.com/kubeedge/kubeedge/edge/pkg/metamanager/process.go:197.82,200.3 2 0
github.com/kubeedge/kubeedge/edge/pkg/metamanager/process.go:201.2,204.42 3 0
github.com/kubeedge/kubeedge/edge/pkg/metamanager/process.go:204.42,205.29 1 0
github.com/kubeedge/kubeedge/edge/pkg/metamanager/process.go:205.29,209.4 3 0
github.com/kubeedge/kubeedge/edge/pkg/metamanager/process.go:210.3,211.9 2 0
github.com/kubeedge/kubeedge/edge/pkg/metamanager/process.go:213.2,213.50 1 0
github.com/kubeedge/kubeedge/edge/pkg/metamanager/process.go:213.50,216.3 2 0
github.com/kubeedge/kubeedge/edge/pkg/metamanager/process.go:217.2,217.58 1 0
github.com/kubeedge/kubeedge/edge/pkg/metamanager/process.go:217.58,220.3 2 0
github.com/kubeedge/kubeedge/edge/pkg/metamanager/process.go:220.8,220.65 1 0
github.com/kubeedge/kubeedge/edge/pkg/metamanager/process.go:220.65,223.3 1 0
github.com/kubeedge/kubeedge/edge/pkg/metamanager/process.go:225.2,226.19 2 0
github.com/kubeedge/kubeedge/edge/pkg/metamanager/process.go:229.60,231.40 2 0
github.com/kubeedge/kubeedge/edge/pkg/metamanager/process.go:231.40,234.3 2 0
github.com/kubeedge/kubeedge/edge/pkg/metamanager/process.go:235.2,238.80 3 0
github.com/kubeedge/kubeedge/edge/pkg/metamanager/process.go:238.80,239.29 1 0
github.com/kubeedge/kubeedge/edge/pkg/metamanager/process.go:239.29,243.4 3 0
github.com/kubeedge/kubeedge/edge/pkg/metamanager/process.go:244.3,245.9 2 0
github.com/kubeedge/kubeedge/edge/pkg/metamanager/process.go:247.2,247.50 1 0
github.com/kubeedge/kubeedge/edge/pkg/metamanager/process.go:247.50,250.3 2 0
github.com/kubeedge/kubeedge/edge/pkg/metamanager/process.go:251.2,251.19 1 0
github.com/kubeedge/kubeedge/edge/pkg/metamanager/process.go:252.31,257.38 3 0
github.com/kubeedge/kubeedge/edge/pkg/metamanager/process.go:258.87,259.40 1 0
github.com/kubeedge/kubeedge/edge/pkg/metamanager/process.go:259.40,261.4 1 0
github.com/kubeedge/kubeedge/edge/pkg/metamanager/process.go:262.3,263.20 2 0
github.com/kubeedge/kubeedge/edge/pkg/metamanager/process.go:264.47,268.61 4 0
github.com/kubeedge/kubeedge/edge/pkg/metamanager/process.go:269.47,271.20 2 0
github.com/kubeedge/kubeedge/edge/pkg/metamanager/process.go:272.37,277.44 3 0
github.com/kubeedge/kubeedge/edge/pkg/metamanager/process.go:278.10,279.59 1 0
github.com/kubeedge/kubeedge/edge/pkg/metamanager/process.go:283.59,284.82 1 0
github.com/kubeedge/kubeedge/edge/pkg/metamanager/process.go:284.82,287.3 2 0
github.com/kubeedge/kubeedge/edge/pkg/metamanager/process.go:288.2,288.50 1 0
github.com/kubeedge/kubeedge/edge/pkg/metamanager/process.go:288.50,291.3 2 0
github.com/kubeedge/kubeedge/edge/pkg/metamanager/process.go:293.2,293.27 1 0
github.com/kubeedge/kubeedge/edge/pkg/metamanager/process.go:293.27,295.3 1 0
github.com/kubeedge/kubeedge/edge/pkg/metamanager/process.go:295.8,297.3 1 0
github.com/kubeedge/kubeedge/edge/pkg/metamanager/process.go:300.62,301.50 1 0
github.com/kubeedge/kubeedge/edge/pkg/metamanager/process.go:301.50,304.3 2 0
github.com/kubeedge/kubeedge/edge/pkg/metamanager/process.go:306.2,306.49 1 0
github.com/kubeedge/kubeedge/edge/pkg/metamanager/process.go:306.49,308.3 1 0
github.com/kubeedge/kubeedge/edge/pkg/metamanager/process.go:308.8,311.3 1 0
github.com/kubeedge/kubeedge/edge/pkg/metamanager/process.go:314.60,317.88 3 0
github.com/kubeedge/kubeedge/edge/pkg/metamanager/process.go:317.88,321.3 2 0
github.com/kubeedge/kubeedge/edge/pkg/metamanager/process.go:323.2,323.50 1 0
github.com/kubeedge/kubeedge/edge/pkg/metamanager/process.go:323.50,326.3 2 0
github.com/kubeedge/kubeedge/edge/pkg/metamanager/process.go:327.2,328.58 2 0
github.com/kubeedge/kubeedge/edge/pkg/metamanager/process.go:328.58,331.3 2 0
github.com/kubeedge/kubeedge/edge/pkg/metamanager/process.go:333.2,333.58 1 0
github.com/kubeedge/kubeedge/edge/pkg/metamanager/process.go:333.58,336.3 1 0
github.com/kubeedge/kubeedge/edge/pkg/metamanager/process.go:337.2,338.19 2 0
github.com/kubeedge/kubeedge/edge/pkg/metamanager/process.go:341.59,345.58 4 0
github.com/kubeedge/kubeedge/edge/pkg/metamanager/process.go:345.58,348.3 2 0
github.com/kubeedge/kubeedge/edge/pkg/metamanager/process.go:350.2,350.17 1 0
github.com/kubeedge/kubeedge/edge/pkg/metamanager/process.go:350.17,353.3 1 0
github.com/kubeedge/kubeedge/edge/pkg/metamanager/process.go:353.8,355.3 1 0
github.com/kubeedge/kubeedge/edge/pkg/metamanager/process.go:356.2,356.16 1 0
github.com/kubeedge/kubeedge/edge/pkg/metamanager/process.go:356.16,359.3 2 0
github.com/kubeedge/kubeedge/edge/pkg/metamanager/process.go:359.8,363.3 3 0
github.com/kubeedge/kubeedge/edge/pkg/metamanager/process.go:366.60,367.12 1 0
github.com/kubeedge/kubeedge/edge/pkg/metamanager/process.go:367.12,375.17 4 0
github.com/kubeedge/kubeedge/edge/pkg/metamanager/process.go:375.17,379.4 3 0
github.com/kubeedge/kubeedge/edge/pkg/metamanager/process.go:380.3,382.58 3 0
github.com/kubeedge/kubeedge/edge/pkg/metamanager/process.go:382.58,386.4 3 0
github.com/kubeedge/kubeedge/edge/pkg/metamanager/process.go:387.3,388.9 2 0
github.com/kubeedge/kubeedge/edge/pkg/metamanager/process.go:388.9,392.4 3 0
github.com/kubeedge/kubeedge/edge/pkg/metamanager/process.go:393.3,395.37 3 0
github.com/kubeedge/kubeedge/edge/pkg/metamanager/process.go:395.37,396.32 1 0
github.com/kubeedge/kubeedge/edge/pkg/metamanager/process.go:396.32,400.5 3 0
github.com/kubeedge/kubeedge/edge/pkg/metamanager/process.go:401.4,402.41 2 0
github.com/kubeedge/kubeedge/edge/pkg/metamanager/process.go:404.3,404.50 1 0
github.com/kubeedge/kubeedge/edge/pkg/metamanager/process.go:404.50,407.4 2 0
github.com/kubeedge/kubeedge/edge/pkg/metamanager/process.go:408.3,408.48 1 0
github.com/kubeedge/kubeedge/edge/pkg/metamanager/process.go:412.53,414.9 2 0
github.com/kubeedge/kubeedge/edge/pkg/metamanager/process.go:414.9,416.3 1 0
github.com/kubeedge/kubeedge/edge/pkg/metamanager/process.go:417.2,418.11 2 0
github.com/kubeedge/kubeedge/edge/pkg/metamanager/process.go:421.60,425.16 4 0
github.com/kubeedge/kubeedge/edge/pkg/metamanager/process.go:425.16,427.3 1 0
github.com/kubeedge/kubeedge/edge/pkg/metamanager/process.go:429.2,431.60 3 0
github.com/kubeedge/kubeedge/edge/pkg/metamanager/process.go:434.54,437.19 2 0
github.com/kubeedge/kubeedge/edge/pkg/metamanager/process.go:438.29,439.27 1 0
github.com/kubeedge/kubeedge/edge/pkg/metamanager/process.go:440.29,441.27 1 0
github.com/kubeedge/kubeedge/edge/pkg/metamanager/process.go:442.28,443.26 1 0
github.com/kubeedge/kubeedge/edge/pkg/metamanager/process.go:444.29,445.27 1 0
github.com/kubeedge/kubeedge/edge/pkg/metamanager/process.go:446.28,447.26 1 0
github.com/kubeedge/kubeedge/edge/pkg/metamanager/process.go:448.31,449.29 1 0
github.com/kubeedge/kubeedge/edge/pkg/metamanager/process.go:453.55,454.27 1 0
github.com/kubeedge/kubeedge/edge/pkg/metamanager/process.go:455.10,456.68 1 0
github.com/kubeedge/kubeedge/edge/pkg/metamanager/process.go:460.40,461.6 1 0
github.com/kubeedge/kubeedge/edge/pkg/metamanager/process.go:461.6,462.10 1 0
github.com/kubeedge/kubeedge/edge/pkg/metamanager/process.go:463.32,465.10 2 0
github.com/kubeedge/kubeedge/edge/pkg/metamanager/process.go:466.11,466.11 0 0
github.com/kubeedge/kubeedge/edge/pkg/metamanager/process.go:468.3,469.17 2 0
github.com/kubeedge/kubeedge/edge/pkg/metamanager/process.go:469.17,471.12 2 0
github.com/kubeedge/kubeedge/edge/pkg/metamanager/process.go:473.3,474.17 2 0
github.com/kubeedge/kubeedge/edge/pkg/metamanager/client/ceritificatesigningrequest.go:53.81,57.2 1 1
github.com/kubeedge/kubeedge/edge/pkg/metamanager/client/ceritificatesigningrequest.go:59.119,63.16 4 1
github.com/kubeedge/kubeedge/edge/pkg/metamanager/client/ceritificatesigningrequest.go:63.16,65.3 1 0
github.com/kubeedge/kubeedge/edge/pkg/metamanager/client/ceritificatesigningrequest.go:67.2,68.16 2 1
github.com/kubeedge/kubeedge/edge/pkg/metamanager/client/ceritificatesigningrequest.go:68.16,70.3 1 0
github.com/kubeedge/kubeedge/edge/pkg/metamanager/client/ceritificatesigningrequest.go:72.2,72.54 1 1
github.com/kubeedge/kubeedge/edge/pkg/metamanager/client/ceritificatesigningrequest.go:75.94,79.16 4 1
github.com/kubeedge/kubeedge/edge/pkg/metamanager/client/ceritificatesigningrequest.go:79.16,81.3 1 1
github.com/kubeedge/kubeedge/edge/pkg/metamanager/client/ceritificatesigningrequest.go:83.2,84.16 2 1
github.com/kubeedge/kubeedge/edge/pkg/metamanager/client/ceritificatesigningrequest.go:84.16,86.3 1 0
github.com/kubeedge/kubeedge/edge/pkg/metamanager/client/ceritificatesigningrequest.go:88.2,88.105 1 1
github.com/kubeedge/kubeedge/edge/pkg/metamanager/client/ceritificatesigningrequest.go:88.105,90.3 1 1
github.com/kubeedge/kubeedge/edge/pkg/metamanager/client/ceritificatesigningrequest.go:91.2,91.64 1 1
github.com/kubeedge/kubeedge/edge/pkg/metamanager/client/ceritificatesigningrequest.go:94.103,97.16 3 1
github.com/kubeedge/kubeedge/edge/pkg/metamanager/client/ceritificatesigningrequest.go:97.16,99.3 1 1
github.com/kubeedge/kubeedge/edge/pkg/metamanager/client/ceritificatesigningrequest.go:100.2,100.20 1 1
github.com/kubeedge/kubeedge/edge/pkg/metamanager/client/ceritificatesigningrequest.go:100.20,102.3 1 1
github.com/kubeedge/kubeedge/edge/pkg/metamanager/client/ceritificatesigningrequest.go:104.2,106.16 3 1
github.com/kubeedge/kubeedge/edge/pkg/metamanager/client/ceritificatesigningrequest.go:106.16,108.3 1 1
github.com/kubeedge/kubeedge/edge/pkg/metamanager/client/ceritificatesigningrequest.go:110.2,110.18 1 1
github.com/kubeedge/kubeedge/edge/pkg/metamanager/client/ceritificatesigningrequest.go:113.108,116.16 3 1
github.com/kubeedge/kubeedge/edge/pkg/metamanager/client/ceritificatesigningrequest.go:116.16,118.3 1 1
github.com/kubeedge/kubeedge/edge/pkg/metamanager/client/ceritificatesigningrequest.go:119.2,119.18 1 1
github.com/kubeedge/kubeedge/edge/pkg/metamanager/client/ceritificatesigningrequest.go:122.98,125.16 3 1
github.com/kubeedge/kubeedge/edge/pkg/metamanager/client/ceritificatesigningrequest.go:125.16,127.3 1 1
github.com/kubeedge/kubeedge/edge/pkg/metamanager/client/ceritificatesigningrequest.go:129.2,129.61 1 1
github.com/kubeedge/kubeedge/edge/pkg/metamanager/client/ceritificatesigningrequest.go:129.61,131.3 1 1
github.com/kubeedge/kubeedge/edge/pkg/metamanager/client/ceritificatesigningrequest.go:132.2,132.37 1 1
github.com/kubeedge/kubeedge/edge/pkg/metamanager/client/configmap.go:35.67,41.2 1 1
github.com/kubeedge/kubeedge/edge/pkg/metamanager/client/configmap.go:43.69,45.2 1 1
github.com/kubeedge/kubeedge/edge/pkg/metamanager/client/configmap.go:47.51,49.2 1 1
github.com/kubeedge/kubeedge/edge/pkg/metamanager/client/configmap.go:51.43,53.2 1 1
github.com/kubeedge/kubeedge/edge/pkg/metamanager/client/configmap.go:55.63,57.46 2 1
github.com/kubeedge/kubeedge/edge/pkg/metamanager/client/configmap.go:57.46,60.17 3 1
github.com/kubeedge/kubeedge/edge/pkg/metamanager/client/configmap.go:60.17,62.4 1 1
github.com/kubeedge/kubeedge/edge/pkg/metamanager/client/configmap.go:63.3,64.9 2 1
github.com/kubeedge/kubeedge/edge/pkg/metamanager/client/configmap.go:64.9,66.4 1 0
github.com/kubeedge/kubeedge/edge/pkg/metamanager/client/configmap.go:67.3,68.17 2 1
github.com/kubeedge/kubeedge/edge/pkg/metamanager/client/configmap.go:68.17,70.4 1 0
github.com/kubeedge/kubeedge/edge/pkg/metamanager/client/configmap.go:71.3,71.49 1 1
github.com/kubeedge/kubeedge/edge/pkg/metamanager/client/configmap.go:74.2,75.36 2 1
github.com/kubeedge/kubeedge/edge/pkg/metamanager/client/configmap.go:75.36,77.3 1 1
github.com/kubeedge/kubeedge/edge/pkg/metamanager/client/configmap.go:79.2,79.41 1 1
github.com/kubeedge/kubeedge/edge/pkg/metamanager/client/configmap.go:82.73,83.22 1 1
github.com/kubeedge/kubeedge/edge/pkg/metamanager/client/configmap.go:83.22,85.3 1 1
github.com/kubeedge/kubeedge/edge/pkg/metamanager/client/configmap.go:87.2,89.16 3 1
github.com/kubeedge/kubeedge/edge/pkg/metamanager/client/configmap.go:89.16,91.3 1 1
github.com/kubeedge/kubeedge/edge/pkg/metamanager/client/configmap.go:92.2,92.24 1 1
github.com/kubeedge/kubeedge/edge/pkg/metamanager/client/configmap.go:95.77,98.16 3 1
github.com/kubeedge/kubeedge/edge/pkg/metamanager/client/configmap.go:98.16,100.3 1 1
github.com/kubeedge/kubeedge/edge/pkg/metamanager/client/configmap.go:101.2,101.24 1 1
github.com/kubeedge/kubeedge/edge/pkg/metamanager/client/event.go:56.59,61.2 1 1
github.com/kubeedge/kubeedge/edge/pkg/metamanager/client/event.go:63.96,66.2 2 1
github.com/kubeedge/kubeedge/edge/pkg/metamanager/client/event.go:68.96,71.2 2 1
github.com/kubeedge/kubeedge/edge/pkg/metamanager/client/event.go:73.143,76.2 2 1
github.com/kubeedge/kubeedge/edge/pkg/metamanager/client/event.go:78.71,81.2 2 1
github.com/kubeedge/kubeedge/edge/pkg/metamanager/client/event.go:83.82,86.2 2 1
github.com/kubeedge/kubeedge/edge/pkg/metamanager/client/event.go:88.115,91.2 2 1
github.com/kubeedge/kubeedge/edge/pkg/metamanager/client/event.go:93.87,98.2 4 1
github.com/kubeedge/kubeedge/edge/pkg/metamanager/client/event.go:100.87,105.2 4 1
github.com/kubeedge/kubeedge/edge/pkg/metamanager/client/event.go:107.99,116.2 5 1
github.com/kubeedge/kubeedge/edge/pkg/metamanager/client/lease.go:49.59,54.2 1 1
github.com/kubeedge/kubeedge/edge/pkg/metamanager/client/lease.go:62.85,66.16 4 1
github.com/kubeedge/kubeedge/edge/pkg/metamanager/client/lease.go:66.16,68.3 1 0
github.com/kubeedge/kubeedge/edge/pkg/metamanager/client/lease.go:70.2,71.16 2 1
github.com/kubeedge/kubeedge/edge/pkg/metamanager/client/lease.go:71.16,73.3 1 0
github.com/kubeedge/kubeedge/edge/pkg/metamanager/client/lease.go:74.2,74.33 1 1
github.com/kubeedge/kubeedge/edge/pkg/metamanager/client/lease.go:77.85,81.16 4 0
github.com/kubeedge/kubeedge/edge/pkg/metamanager/client/lease.go:81.16,83.3 1 0
github.com/kubeedge/kubeedge/edge/pkg/metamanager/client/lease.go:85.2,86.16 2 0
github.com/kubeedge/kubeedge/edge/pkg/metamanager/client/lease.go:86.16,88.3 1 0
github.com/kubeedge/kubeedge/edge/pkg/metamanager/client/lease.go:89.2,89.33 1 0
github.com/kubeedge/kubeedge/edge/pkg/metamanager/client/lease.go:92.66,96.16 4 1
github.com/kubeedge/kubeedge/edge/pkg/metamanager/client/lease.go:96.16,98.3 1 0
github.com/kubeedge/kubeedge/edge/pkg/metamanager/client/lease.go:100.2,101.16 2 1
github.com/kubeedge/kubeedge/edge/pkg/metamanager/client/lease.go:101.16,103.3 1 0
github.com/kubeedge/kubeedge/edge/pkg/metamanager/client/lease.go:104.2,104.33 1 1
github.com/kubeedge/kubeedge/edge/pkg/metamanager/client/lease.go:107.69,110.16 3 1
github.com/kubeedge/kubeedge/edge/pkg/metamanager/client/lease.go:110.16,112.3 1 1
github.com/kubeedge/kubeedge/edge/pkg/metamanager/client/lease.go:114.2,114.63 1 1
github.com/kubeedge/kubeedge/edge/pkg/metamanager/client/lease.go:114.63,116.3 1 1
github.com/kubeedge/kubeedge/edge/pkg/metamanager/client/lease.go:117.2,117.41 1 1
github.com/kubeedge/kubeedge/edge/pkg/metamanager/client/metaclient.go:42.59,44.2 1 1
github.com/kubeedge/kubeedge/edge/pkg/metamanager/client/metaclient.go:46.71,48.2 1 1
github.com/kubeedge/kubeedge/edge/pkg/metamanager/client/metaclient.go:50.63,52.2 1 1
github.com/kubeedge/kubeedge/edge/pkg/metamanager/client/metaclient.go:54.61,56.2 1 1
github.com/kubeedge/kubeedge/edge/pkg/metamanager/client/metaclient.go:58.71,60.2 1 1
github.com/kubeedge/kubeedge/edge/pkg/metamanager/client/metaclient.go:62.65,64.2 1 1
github.com/kubeedge/kubeedge/edge/pkg/metamanager/client/metaclient.go:66.73,68.2 1 1
github.com/kubeedge/kubeedge/edge/pkg/metamanager/client/metaclient.go:70.80,72.2 1 1
github.com/kubeedge/kubeedge/edge/pkg/metamanager/client/metaclient.go:74.69,76.2 1 1
github.com/kubeedge/kubeedge/edge/pkg/metamanager/client/metaclient.go:79.69,81.2 1 1
github.com/kubeedge/kubeedge/edge/pkg/metamanager/client/metaclient.go:84.95,86.2 1 1
github.com/kubeedge/kubeedge/edge/pkg/metamanager/client/metaclient.go:89.85,91.2 1 1
github.com/kubeedge/kubeedge/edge/pkg/metamanager/client/metaclient.go:93.63,95.2 1 1
github.com/kubeedge/kubeedge/edge/pkg/metamanager/client/metaclient.go:97.86,99.2 1 1
github.com/kubeedge/kubeedge/edge/pkg/metamanager/client/metaclient.go:102.26,106.2 1 1
github.com/kubeedge/kubeedge/edge/pkg/metamanager/client/metaclient.go:117.30,119.2 1 1
github.com/kubeedge/kubeedge/edge/pkg/metamanager/client/metaclient.go:121.73,125.71 4 1
github.com/kubeedge/kubeedge/edge/pkg/metamanager/client/metaclient.go:125.71,128.17 3 1
github.com/kubeedge/kubeedge/edge/pkg/metamanager/client/metaclient.go:128.17,131.4 2 0
github.com/kubeedge/kubeedge/edge/pkg/metamanager/client/metaclient.go:132.3,132.18 1 1
github.com/kubeedge/kubeedge/edge/pkg/metamanager/client/metaclient.go:132.18,135.4 2 1
github.com/kubeedge/kubeedge/edge/pkg/metamanager/client/metaclient.go:136.3,136.19 1 0
github.com/kubeedge/kubeedge/edge/pkg/metamanager/client/metaclient.go:138.2,138.19 1 1
github.com/kubeedge/kubeedge/edge/pkg/metamanager/client/metaclient.go:141.45,143.2 1 1
github.com/kubeedge/kubeedge/edge/pkg/metamanager/client/mockmetaclient.go:34.82,35.27 1 1
github.com/kubeedge/kubeedge/edge/pkg/metamanager/client/mockmetaclient.go:35.27,37.3 1 1
github.com/kubeedge/kubeedge/edge/pkg/metamanager/client/mockmetaclient.go:38.2,38.43 1 0
github.com/kubeedge/kubeedge/edge/pkg/metamanager/client/mockmetaclient.go:41.54,42.23 1 1
github.com/kubeedge/kubeedge/edge/pkg/metamanager/client/mockmetaclient.go:42.23,44.3 1 1
github.com/kubeedge/kubeedge/edge/pkg/metamanager/client/mockmetaclient.go:47.34,49.2 1 1
github.com/kubeedge/kubeedge/edge/pkg/metamanager/client/mockmetaclient.go:52.110,58.2 1 1
github.com/kubeedge/kubeedge/edge/pkg/metamanager/client/mockmetaclient.go:61.116,67.2 1 1
github.com/kubeedge/kubeedge/edge/pkg/metamanager/client/mockmetaclient.go:75.75,76.28 1 1
github.com/kubeedge/kubeedge/edge/pkg/metamanager/client/mockmetaclient.go:76.28,78.3 1 1
github.com/kubeedge/kubeedge/edge/pkg/metamanager/client/mockmetaclient.go:79.2,79.25 1 0
github.com/kubeedge/kubeedge/edge/pkg/metamanager/client/mockmetaclient.go:82.67,83.33 1 0
github.com/kubeedge/kubeedge/edge/pkg/metamanager/client/mockmetaclient.go:83.33,85.3 1 0
github.com/kubeedge/kubeedge/edge/pkg/metamanager/client/mockmetaclient.go:86.2,86.12 1 0
github.com/kubeedge/kubeedge/edge/pkg/metamanager/client/node.go:46.57,51.2 1 1
github.com/kubeedge/kubeedge/edge/pkg/metamanager/client/node.go:53.57,57.16 4 0
github.com/kubeedge/kubeedge/edge/pkg/metamanager/client/node.go:57.16,59.3 1 0
github.com/kubeedge/kubeedge/edge/pkg/metamanager/client/node.go:61.2,62.16 2 0
github.com/kubeedge/kubeedge/edge/pkg/metamanager/client/node.go:62.16,64.3 1 0
github.com/kubeedge/kubeedge/edge/pkg/metamanager/client/node.go:66.2,66.42 1 0
github.com/kubeedge/kubeedge/edge/pkg/metamanager/client/node.go:69.44,73.16 4 0
github.com/kubeedge/kubeedge/edge/pkg/metamanager/client/node.go:73.16,75.3 1 0
github.com/kubeedge/kubeedge/edge/pkg/metamanager/client/node.go:76.2,76.12 1 0
github.com/kubeedge/kubeedge/edge/pkg/metamanager/client/node.go:79.68,83.16 4 0
github.com/kubeedge/kubeedge/edge/pkg/metamanager/client/node.go:83.16,85.3 1 0
github.com/kubeedge/kubeedge/edge/pkg/metamanager/client/node.go:87.2,88.16 2 0
github.com/kubeedge/kubeedge/edge/pkg/metamanager/client/node.go:88.16,90.3 1 0
github.com/kubeedge/kubeedge/edge/pkg/metamanager/client/node.go:92.2,92.42 1 0
github.com/kubeedge/kubeedge/edge/pkg/metamanager/client/node.go:95.38,97.2 1 0
github.com/kubeedge/kubeedge/edge/pkg/metamanager/client/node.go:99.53,103.16 4 0
github.com/kubeedge/kubeedge/edge/pkg/metamanager/client/node.go:103.16,105.3 1 0
github.com/kubeedge/kubeedge/edge/pkg/metamanager/client/node.go:107.2,108.16 2 0
github.com/kubeedge/kubeedge/edge/pkg/metamanager/client/node.go:108.16,110.3 1 0
github.com/kubeedge/kubeedge/edge/pkg/metamanager/client/node.go:112.2,112.103 1 0
github.com/kubeedge/kubeedge/edge/pkg/metamanager/client/node.go:112.103,114.3 1 0
github.com/kubeedge/kubeedge/edge/pkg/metamanager/client/node.go:115.2,115.43 1 0
github.com/kubeedge/kubeedge/edge/pkg/metamanager/client/node.go:118.62,121.16 3 0
github.com/kubeedge/kubeedge/edge/pkg/metamanager/client/node.go:121.16,123.3 1 0
github.com/kubeedge/kubeedge/edge/pkg/metamanager/client/node.go:125.2,125.21 1 0
github.com/kubeedge/kubeedge/edge/pkg/metamanager/client/node.go:125.21,127.3 1 0
github.com/kubeedge/kubeedge/edge/pkg/metamanager/client/node.go:129.2,131.16 3 0
github.com/kubeedge/kubeedge/edge/pkg/metamanager/client/node.go:131.16,133.3 1 0
github.com/kubeedge/kubeedge/edge/pkg/metamanager/client/node.go:134.2,134.19 1 0
github.com/kubeedge/kubeedge/edge/pkg/metamanager/client/node.go:137.67,140.16 3 0
github.com/kubeedge/kubeedge/edge/pkg/metamanager/client/node.go:140.16,142.3 1 0
github.com/kubeedge/kubeedge/edge/pkg/metamanager/client/node.go:143.2,143.19 1 0
github.com/kubeedge/kubeedge/edge/pkg/metamanager/client/node.go:146.73,149.16 3 0
github.com/kubeedge/kubeedge/edge/pkg/metamanager/client/node.go:149.16,151.3 1 0
github.com/kubeedge/kubeedge/edge/pkg/metamanager/client/node.go:153.2,153.62 1 0
github.com/kubeedge/kubeedge/edge/pkg/metamanager/client/node.go:153.62,154.64 1 0
github.com/kubeedge/kubeedge/edge/pkg/metamanager/client/node.go:154.64,156.4 1 0
github.com/kubeedge/kubeedge/edge/pkg/metamanager/client/node.go:157.3,157.30 1 0
github.com/kubeedge/kubeedge/edge/pkg/metamanager/client/node.go:159.2,159.39 1 0
github.com/kubeedge/kubeedge/edge/pkg/metamanager/client/node.go:162.58,166.16 4 0
github.com/kubeedge/kubeedge/edge/pkg/metamanager/client/node.go:166.16,169.3 2 0
github.com/kubeedge/kubeedge/edge/pkg/metamanager/client/node.go:170.2,179.16 4 0
github.com/kubeedge/kubeedge/edge/pkg/metamanager/client/node.go:179.16,181.3 1 0
github.com/kubeedge/kubeedge/edge/pkg/metamanager/client/node.go:182.2,182.12 1 0
github.com/kubeedge/kubeedge/edge/pkg/metamanager/client/nodestatus.go:30.67,35.2 1 1
github.com/kubeedge/kubeedge/edge/pkg/metamanager/client/nodestatus.go:37.93,39.2 1 0
github.com/kubeedge/kubeedge/edge/pkg/metamanager/client/nodestatus.go:42.80,46.16 4 0
github.com/kubeedge/kubeedge/edge/pkg/metamanager/client/nodestatus.go:46.16,48.3 1 0
github.com/kubeedge/kubeedge/edge/pkg/metamanager/client/nodestatus.go:50.2,50.12 1 0
github.com/kubeedge/kubeedge/edge/pkg/metamanager/client/nodestatus.go:53.43,55.2 1 0
github.com/kubeedge/kubeedge/edge/pkg/metamanager/client/nodestatus.go:57.70,59.2 1 0
github.com/kubeedge/kubeedge/edge/pkg/metamanager/client/persistentvolume.go:33.63,37.2 1 1
github.com/kubeedge/kubeedge/edge/pkg/metamanager/client/persistentvolume.go:39.90,41.2 1 1
github.com/kubeedge/kubeedge/edge/pkg/metamanager/client/persistentvolume.go:43.65,45.2 1 1
github.com/kubeedge/kubeedge/edge/pkg/metamanager/client/persistentvolume.go:47.50,49.2 1 1
github.com/kubeedge/kubeedge/edge/pkg/metamanager/client/persistentvolume.go:51.98,55.16 4 1
github.com/kubeedge/kubeedge/edge/pkg/metamanager/client/persistentvolume.go:55.16,57.3 1 1
github.com/kubeedge/kubeedge/edge/pkg/metamanager/client/persistentvolume.go:59.2,60.16 2 1
github.com/kubeedge/kubeedge/edge/pkg/metamanager/client/persistentvolume.go:60.16,62.3 1 0
github.com/kubeedge/kubeedge/edge/pkg/metamanager/client/persistentvolume.go:64.2,64.103 1 1
github.com/kubeedge/kubeedge/edge/pkg/metamanager/client/persistentvolume.go:64.103,66.3 1 1
github.com/kubeedge/kubeedge/edge/pkg/metamanager/client/persistentvolume.go:67.2,67.55 1 1
github.com/kubeedge/kubeedge/edge/pkg/metamanager/client/persistentvolume.go:70.86,73.16 3 1
github.com/kubeedge/kubeedge/edge/pkg/metamanager/client/persistentvolume.go:73.16,75.3 1 1
github.com/kubeedge/kubeedge/edge/pkg/metamanager/client/persistentvolume.go:77.2,77.21 1 1
github.com/kubeedge/kubeedge/edge/pkg/metamanager/client/persistentvolume.go:77.21,79.3 1 1
github.com/kubeedge/kubeedge/edge/pkg/metamanager/client/persistentvolume.go:81.2,83.16 3 1
github.com/kubeedge/kubeedge/edge/pkg/metamanager/client/persistentvolume.go:83.16,85.3 1 1
github.com/kubeedge/kubeedge/edge/pkg/metamanager/client/persistentvolume.go:86.2,86.16 1 1
github.com/kubeedge/kubeedge/edge/pkg/metamanager/client/persistentvolume.go:89.91,92.16 3 1
github.com/kubeedge/kubeedge/edge/pkg/metamanager/client/persistentvolume.go:92.16,94.3 1 1
github.com/kubeedge/kubeedge/edge/pkg/metamanager/client/persistentvolume.go:95.2,95.17 1 1
github.com/kubeedge/kubeedge/edge/pkg/metamanager/client/persistentvolumeclaim.go:33.83,38.2 1 1
github.com/kubeedge/kubeedge/edge/pkg/metamanager/client/persistentvolumeclaim.go:40.105,42.2 1 1
github.com/kubeedge/kubeedge/edge/pkg/metamanager/client/persistentvolumeclaim.go:44.75,46.2 1 1
github.com/kubeedge/kubeedge/edge/pkg/metamanager/client/persistentvolumeclaim.go:48.55,50.2 1 1
github.com/kubeedge/kubeedge/edge/pkg/metamanager/client/persistentvolumeclaim.go:52.108,56.16 4 1
github.com/kubeedge/kubeedge/edge/pkg/metamanager/client/persistentvolumeclaim.go:56.16,58.3 1 1
github.com/kubeedge/kubeedge/edge/pkg/metamanager/client/persistentvolumeclaim.go:60.2,61.16 2 1
github.com/kubeedge/kubeedge/edge/pkg/metamanager/client/persistentvolumeclaim.go:61.16,63.3 1 1
github.com/kubeedge/kubeedge/edge/pkg/metamanager/client/persistentvolumeclaim.go:65.2,65.103 1 1
github.com/kubeedge/kubeedge/edge/pkg/metamanager/client/persistentvolumeclaim.go:65.103,67.3 1 0
github.com/kubeedge/kubeedge/edge/pkg/metamanager/client/persistentvolumeclaim.go:68.2,68.60 1 1
github.com/kubeedge/kubeedge/edge/pkg/metamanager/client/persistentvolumeclaim.go:71.96,74.16 3 1
github.com/kubeedge/kubeedge/edge/pkg/metamanager/client/persistentvolumeclaim.go:74.16,76.3 1 1
github.com/kubeedge/kubeedge/edge/pkg/metamanager/client/persistentvolumeclaim.go:78.2,78.21 1 1
github.com/kubeedge/kubeedge/edge/pkg/metamanager/client/persistentvolumeclaim.go:78.21,80.3 1 1
github.com/kubeedge/kubeedge/edge/pkg/metamanager/client/persistentvolumeclaim.go:82.2,84.16 3 1
github.com/kubeedge/kubeedge/edge/pkg/metamanager/client/persistentvolumeclaim.go:84.16,86.3 1 1
github.com/kubeedge/kubeedge/edge/pkg/metamanager/client/persistentvolumeclaim.go:87.2,87.18 1 1
github.com/kubeedge/kubeedge/edge/pkg/metamanager/client/persistentvolumeclaim.go:90.101,93.16 3 1
github.com/kubeedge/kubeedge/edge/pkg/metamanager/client/persistentvolumeclaim.go:93.16,95.3 1 1
github.com/kubeedge/kubeedge/edge/pkg/metamanager/client/persistentvolumeclaim.go:96.2,96.18 1 1
github.com/kubeedge/kubeedge/edge/pkg/metamanager/client/pod.go:49.55,54.2 1 1
github.com/kubeedge/kubeedge/edge/pkg/metamanager/client/pod.go:56.60,60.16 4 0
github.com/kubeedge/kubeedge/edge/pkg/metamanager/client/pod.go:60.16,62.3 1 0
github.com/kubeedge/kubeedge/edge/pkg/metamanager/client/pod.go:64.2,65.16 2 0
github.com/kubeedge/kubeedge/edge/pkg/metamanager/client/pod.go:65.16,67.3 1 0
github.com/kubeedge/kubeedge/edge/pkg/metamanager/client/pod.go:69.2,69.41 1 0
github.com/kubeedge/kubeedge/edge/pkg/metamanager/client/pod.go:72.42,74.2 1 0
github.com/kubeedge/kubeedge/edge/pkg/metamanager/client/pod.go:76.72,80.16 4 0
github.com/kubeedge/kubeedge/edge/pkg/metamanager/client/pod.go:80.16,82.3 1 0
github.com/kubeedge/kubeedge/edge/pkg/metamanager/client/pod.go:84.2,85.57 2 0
github.com/kubeedge/kubeedge/edge/pkg/metamanager/client/pod.go:85.57,87.3 1 0
github.com/kubeedge/kubeedge/edge/pkg/metamanager/client/pod.go:89.2,90.8 2 0
github.com/kubeedge/kubeedge/edge/pkg/metamanager/client/pod.go:90.8,92.3 1 0
github.com/kubeedge/kubeedge/edge/pkg/metamanager/client/pod.go:94.2,94.75 1 0
github.com/kubeedge/kubeedge/edge/pkg/metamanager/client/pod.go:97.54,101.16 4 0
github.com/kubeedge/kubeedge/edge/pkg/metamanager/client/pod.go:101.16,103.3 1 0
github.com/kubeedge/kubeedge/edge/pkg/metamanager/client/pod.go:105.2,106.16 2 0
github.com/kubeedge/kubeedge/edge/pkg/metamanager/client/pod.go:106.16,108.3 1 0
github.com/kubeedge/kubeedge/edge/pkg/metamanager/client/pod.go:110.2,110.43 1 0
github.com/kubeedge/kubeedge/edge/pkg/metamanager/client/pod.go:113.75,117.16 4 0
github.com/kubeedge/kubeedge/edge/pkg/metamanager/client/pod.go:117.16,119.3 1 0
github.com/kubeedge/kubeedge/edge/pkg/metamanager/client/pod.go:121.2,122.16 2 0
github.com/kubeedge/kubeedge/edge/pkg/metamanager/client/pod.go:122.16,124.3 1 0
github.com/kubeedge/kubeedge/edge/pkg/metamanager/client/pod.go:126.2,126.59 1 0
github.com/kubeedge/kubeedge/edge/pkg/metamanager/client/pod.go:126.59,128.3 1 0
github.com/kubeedge/kubeedge/edge/pkg/metamanager/client/pod.go:130.2,130.41 1 0
github.com/kubeedge/kubeedge/edge/pkg/metamanager/client/pod.go:133.76,136.16 3 0
github.com/kubeedge/kubeedge/edge/pkg/metamanager/client/pod.go:136.16,138.3 1 0
github.com/kubeedge/kubeedge/edge/pkg/metamanager/client/pod.go:140.2,140.21 1 0
github.com/kubeedge/kubeedge/edge/pkg/metamanager/client/pod.go:140.21,145.3 1 0
github.com/kubeedge/kubeedge/edge/pkg/metamanager/client/pod.go:147.2,147.21 1 0
github.com/kubeedge/kubeedge/edge/pkg/metamanager/client/pod.go:147.21,149.3 1 0
github.com/kubeedge/kubeedge/edge/pkg/metamanager/client/pod.go:151.2,153.16 3 0
github.com/kubeedge/kubeedge/edge/pkg/metamanager/client/pod.go:153.16,155.3 1 0
github.com/kubeedge/kubeedge/edge/pkg/metamanager/client/pod.go:156.2,156.17 1 0
github.com/kubeedge/kubeedge/edge/pkg/metamanager/client/pod.go:159.74,162.16 3 0
github.com/kubeedge/kubeedge/edge/pkg/metamanager/client/pod.go:162.16,164.3 1 0
github.com/kubeedge/kubeedge/edge/pkg/metamanager/client/pod.go:166.2,166.61 1 0
github.com/kubeedge/kubeedge/edge/pkg/metamanager/client/pod.go:166.61,167.62 1 0
github.com/kubeedge/kubeedge/edge/pkg/metamanager/client/pod.go:167.62,169.4 1 0
github.com/kubeedge/kubeedge/edge/pkg/metamanager/client/pod.go:170.3,170.29 1 0
github.com/kubeedge/kubeedge/edge/pkg/metamanager/client/pod.go:172.2,172.37 1 0
github.com/kubeedge/kubeedge/edge/pkg/metamanager/client/pod.go:176.58,180.16 4 0
github.com/kubeedge/kubeedge/edge/pkg/metamanager/client/pod.go:180.16,183.3 2 0
github.com/kubeedge/kubeedge/edge/pkg/metamanager/client/pod.go:185.2,192.55 3 0
github.com/kubeedge/kubeedge/edge/pkg/metamanager/client/podstatus.go:31.65,36.2 1 1
github.com/kubeedge/kubeedge/edge/pkg/metamanager/client/podstatus.go:38.90,40.2 1 0
github.com/kubeedge/kubeedge/edge/pkg/metamanager/client/podstatus.go:43.78,46.16 3 1
github.com/kubeedge/kubeedge/edge/pkg/metamanager/client/podstatus.go:46.16,48.3 1 1
github.com/kubeedge/kubeedge/edge/pkg/metamanager/client/podstatus.go:50.2,50.61 1 1
github.com/kubeedge/kubeedge/edge/pkg/metamanager/client/podstatus.go:50.61,52.3 1 1
github.com/kubeedge/kubeedge/edge/pkg/metamanager/client/podstatus.go:54.2,54.12 1 1
github.com/kubeedge/kubeedge/edge/pkg/metamanager/client/podstatus.go:57.42,59.2 1 0
github.com/kubeedge/kubeedge/edge/pkg/metamanager/client/podstatus.go:61.68,63.2 1 0
github.com/kubeedge/kubeedge/edge/pkg/metamanager/client/secret.go:34.61,40.2 1 1
github.com/kubeedge/kubeedge/edge/pkg/metamanager/client/secret.go:42.60,44.2 1 1
github.com/kubeedge/kubeedge/edge/pkg/metamanager/client/secret.go:46.45,48.2 1 1
github.com/kubeedge/kubeedge/edge/pkg/metamanager/client/secret.go:50.40,52.2 1 1
github.com/kubeedge/kubeedge/edge/pkg/metamanager/client/secret.go:54.57,57.43 3 1
github.com/kubeedge/kubeedge/edge/pkg/metamanager/client/secret.go:57.43,59.17 2 1
github.com/kubeedge/kubeedge/edge/pkg/metamanager/client/secret.go:59.17,61.4 1 1
github.com/kubeedge/kubeedge/edge/pkg/metamanager/client/secret.go:62.3,63.9 2 1
github.com/kubeedge/kubeedge/edge/pkg/metamanager/client/secret.go:63.9,65.4 1 0
github.com/kubeedge/kubeedge/edge/pkg/metamanager/client/secret.go:66.3,67.17 2 1
github.com/kubeedge/kubeedge/edge/pkg/metamanager/client/secret.go:67.17,69.4 1 0
github.com/kubeedge/kubeedge/edge/pkg/metamanager/client/secret.go:70.3,70.46 1 1
github.com/kubeedge/kubeedge/edge/pkg/metamanager/client/secret.go:73.2,74.36 2 1
github.com/kubeedge/kubeedge/edge/pkg/metamanager/client/secret.go:74.36,76.3 1 1
github.com/kubeedge/kubeedge/edge/pkg/metamanager/client/secret.go:77.2,77.38 1 1
github.com/kubeedge/kubeedge/edge/pkg/metamanager/client/secret.go:80.67,81.22 1 1
github.com/kubeedge/kubeedge/edge/pkg/metamanager/client/secret.go:81.22,83.3 1 1
github.com/kubeedge/kubeedge/edge/pkg/metamanager/client/secret.go:85.2,87.16 3 1
github.com/kubeedge/kubeedge/edge/pkg/metamanager/client/secret.go:87.16,89.3 1 1
github.com/kubeedge/kubeedge/edge/pkg/metamanager/client/secret.go:90.2,90.21 1 1
github.com/kubeedge/kubeedge/edge/pkg/metamanager/client/secret.go:93.71,96.16 3 1
github.com/kubeedge/kubeedge/edge/pkg/metamanager/client/secret.go:96.16,98.3 1 1
github.com/kubeedge/kubeedge/edge/pkg/metamanager/client/secret.go:99.2,99.21 1 1
github.com/kubeedge/kubeedge/edge/pkg/metamanager/client/serviceaccount.go:37.67,41.2 1 1
github.com/kubeedge/kubeedge/edge/pkg/metamanager/client/serviceaccount.go:43.75,46.16 3 0
github.com/kubeedge/kubeedge/edge/pkg/metamanager/client/serviceaccount.go:46.16,49.3 2 0
github.com/kubeedge/kubeedge/edge/pkg/metamanager/client/serviceaccount.go:50.2,50.34 1 0
github.com/kubeedge/kubeedge/edge/pkg/metamanager/client/serviceaccount.go:50.34,53.50 3 0
github.com/kubeedge/kubeedge/edge/pkg/metamanager/client/serviceaccount.go:53.50,55.12 2 0
github.com/kubeedge/kubeedge/edge/pkg/metamanager/client/serviceaccount.go:57.3,57.43 1 0
github.com/kubeedge/kubeedge/edge/pkg/metamanager/client/serviceaccount.go:57.43,59.18 2 0
github.com/kubeedge/kubeedge/edge/pkg/metamanager/client/serviceaccount.go:59.18,62.5 2 0
github.com/kubeedge/kubeedge/edge/pkg/metamanager/client/serviceaccount.go:69.62,70.38 1 0
github.com/kubeedge/kubeedge/edge/pkg/metamanager/client/serviceaccount.go:70.38,75.3 4 0
github.com/kubeedge/kubeedge/edge/pkg/metamanager/client/serviceaccount.go:76.2,80.32 4 0
github.com/kubeedge/kubeedge/edge/pkg/metamanager/client/serviceaccount.go:80.32,82.3 1 0
github.com/kubeedge/kubeedge/edge/pkg/metamanager/client/serviceaccount.go:84.2,84.95 1 0
github.com/kubeedge/kubeedge/edge/pkg/metamanager/client/serviceaccount.go:84.95,86.3 1 0
github.com/kubeedge/kubeedge/edge/pkg/metamanager/client/serviceaccount.go:87.2,87.14 1 0
github.com/kubeedge/kubeedge/edge/pkg/metamanager/client/serviceaccount.go:91.80,93.38 2 0
github.com/kubeedge/kubeedge/edge/pkg/metamanager/client/serviceaccount.go:93.38,95.3 1 0
github.com/kubeedge/kubeedge/edge/pkg/metamanager/client/serviceaccount.go:97.2,98.35 2 0
github.com/kubeedge/kubeedge/edge/pkg/metamanager/client/serviceaccount.go:98.35,100.3 1 0
github.com/kubeedge/kubeedge/edge/pkg/metamanager/client/serviceaccount.go:102.2,102.87 1 0
github.com/kubeedge/kubeedge/edge/pkg/metamanager/client/serviceaccount.go:105.121,109.16 4 0
github.com/kubeedge/kubeedge/edge/pkg/metamanager/client/serviceaccount.go:109.16,112.3 2 0
github.com/kubeedge/kubeedge/edge/pkg/metamanager/client/serviceaccount.go:113.2,113.22 1 0
github.com/kubeedge/kubeedge/edge/pkg/metamanager/client/serviceaccount.go:113.22,116.3 2 0
github.com/kubeedge/kubeedge/edge/pkg/metamanager/client/serviceaccount.go:117.2,119.16 3 0
github.com/kubeedge/kubeedge/edge/pkg/metamanager/client/serviceaccount.go:119.16,122.3 2 0
github.com/kubeedge/kubeedge/edge/pkg/metamanager/client/serviceaccount.go:123.2,123.36 1 0
github.com/kubeedge/kubeedge/edge/pkg/metamanager/client/serviceaccount.go:123.36,125.17 2 0
github.com/kubeedge/kubeedge/edge/pkg/metamanager/client/serviceaccount.go:125.17,128.4 2 0
github.com/kubeedge/kubeedge/edge/pkg/metamanager/client/serviceaccount.go:129.3,130.62 2 0
github.com/kubeedge/kubeedge/edge/pkg/metamanager/client/serviceaccount.go:132.2,132.27 1 0
github.com/kubeedge/kubeedge/edge/pkg/metamanager/client/serviceaccount.go:135.139,138.16 3 0
github.com/kubeedge/kubeedge/edge/pkg/metamanager/client/serviceaccount.go:138.16,141.3 2 0
github.com/kubeedge/kubeedge/edge/pkg/metamanager/client/serviceaccount.go:143.2,144.16 2 0
github.com/kubeedge/kubeedge/edge/pkg/metamanager/client/serviceaccount.go:144.16,147.3 2 0
github.com/kubeedge/kubeedge/edge/pkg/metamanager/client/serviceaccount.go:149.2,149.103 1 0
github.com/kubeedge/kubeedge/edge/pkg/metamanager/client/serviceaccount.go:149.103,151.3 1 0
github.com/kubeedge/kubeedge/edge/pkg/metamanager/client/serviceaccount.go:152.2,152.58 1 0
github.com/kubeedge/kubeedge/edge/pkg/metamanager/client/serviceaccount.go:155.160,157.16 2 0
github.com/kubeedge/kubeedge/edge/pkg/metamanager/client/serviceaccount.go:157.16,160.3 2 0
github.com/kubeedge/kubeedge/edge/pkg/metamanager/client/serviceaccount.go:161.2,161.22 1 0
github.com/kubeedge/kubeedge/edge/pkg/metamanager/client/serviceaccount.go:164.98,167.16 3 0
github.com/kubeedge/kubeedge/edge/pkg/metamanager/client/serviceaccount.go:167.16,169.3 1 0
github.com/kubeedge/kubeedge/edge/pkg/metamanager/client/serviceaccount.go:171.2,171.21 1 0
github.com/kubeedge/kubeedge/edge/pkg/metamanager/client/serviceaccount.go:171.21,173.3 1 0
github.com/kubeedge/kubeedge/edge/pkg/metamanager/client/serviceaccount.go:175.2,177.16 3 0
github.com/kubeedge/kubeedge/edge/pkg/metamanager/client/serviceaccount.go:177.16,179.3 1 0
github.com/kubeedge/kubeedge/edge/pkg/metamanager/client/serviceaccount.go:180.2,180.27 1 0
github.com/kubeedge/kubeedge/edge/pkg/metamanager/client/serviceaccount.go:183.103,186.16 3 0
github.com/kubeedge/kubeedge/edge/pkg/metamanager/client/serviceaccount.go:186.16,188.3 1 0
github.com/kubeedge/kubeedge/edge/pkg/metamanager/client/serviceaccount.go:189.2,189.29 1 0
github.com/kubeedge/kubeedge/edge/pkg/metamanager/client/serviceaccount.go:206.58,208.2 1 1
github.com/kubeedge/kubeedge/edge/pkg/metamanager/client/serviceaccount.go:210.75,212.16 2 0
github.com/kubeedge/kubeedge/edge/pkg/metamanager/client/serviceaccount.go:212.16,214.3 1 0
github.com/kubeedge/kubeedge/edge/pkg/metamanager/client/serviceaccount.go:215.2,215.25 1 0
github.com/kubeedge/kubeedge/edge/pkg/metamanager/client/serviceaccount.go:215.25,218.17 3 0
github.com/kubeedge/kubeedge/edge/pkg/metamanager/client/serviceaccount.go:218.17,221.4 2 0
github.com/kubeedge/kubeedge/edge/pkg/metamanager/client/serviceaccount.go:222.3,222.85 1 0
github.com/kubeedge/kubeedge/edge/pkg/metamanager/client/serviceaccount.go:222.85,226.4 3 0
github.com/kubeedge/kubeedge/edge/pkg/metamanager/client/serviceaccount.go:228.2,228.77 1 0
github.com/kubeedge/kubeedge/edge/pkg/metamanager/client/serviceaccount.go:231.41,232.17 1 0
github.com/kubeedge/kubeedge/edge/pkg/metamanager/client/serviceaccount.go:232.17,234.3 1 0
github.com/kubeedge/kubeedge/edge/pkg/metamanager/client/serviceaccount.go:235.2,236.16 2 0
github.com/kubeedge/kubeedge/edge/pkg/metamanager/client/serviceaccount.go:236.16,239.3 2 0
github.com/kubeedge/kubeedge/edge/pkg/metamanager/client/serviceaccount.go:241.2,241.27 1 0
github.com/kubeedge/kubeedge/edge/pkg/metamanager/client/serviceaccount.go:241.27,244.17 3 0
github.com/kubeedge/kubeedge/edge/pkg/metamanager/client/serviceaccount.go:244.17,247.4 2 0
github.com/kubeedge/kubeedge/edge/pkg/metamanager/client/serviceaccount.go:248.3,248.41 1 0
github.com/kubeedge/kubeedge/edge/pkg/metamanager/client/serviceaccount.go:248.41,250.4 1 0
github.com/kubeedge/kubeedge/edge/pkg/metamanager/client/serviceaccount.go:252.2,252.14 1 0
github.com/kubeedge/kubeedge/edge/pkg/metamanager/client/serviceaccountaccess.go:29.97,31.16 2 0
github.com/kubeedge/kubeedge/edge/pkg/metamanager/client/serviceaccountaccess.go:31.16,33.3 1 0
github.com/kubeedge/kubeedge/edge/pkg/metamanager/client/serviceaccountaccess.go:34.2,34.25 1 0
github.com/kubeedge/kubeedge/edge/pkg/metamanager/client/serviceaccountaccess.go:34.25,37.17 3 0
github.com/kubeedge/kubeedge/edge/pkg/metamanager/client/serviceaccountaccess.go:37.17,40.4 2 0
github.com/kubeedge/kubeedge/edge/pkg/metamanager/client/serviceaccountaccess.go:41.3,41.54 1 0
github.com/kubeedge/kubeedge/edge/pkg/metamanager/client/serviceaccountaccess.go:41.54,43.37 1 0
github.com/kubeedge/kubeedge/edge/pkg/metamanager/client/serviceaccountaccess.go:43.37,51.5 1 0
github.com/kubeedge/kubeedge/edge/pkg/metamanager/client/serviceaccountaccess.go:54.2,54.65 1 0
github.com/kubeedge/kubeedge/edge/pkg/metamanager/client/serviceaccountaccess.go:60.116,62.16 2 0
github.com/kubeedge/kubeedge/edge/pkg/metamanager/client/serviceaccountaccess.go:62.16,64.3 1 0
github.com/kubeedge/kubeedge/edge/pkg/metamanager/client/serviceaccountaccess.go:65.2,67.25 3 0
github.com/kubeedge/kubeedge/edge/pkg/metamanager/client/serviceaccountaccess.go:67.25,70.17 3 0
github.com/kubeedge/kubeedge/edge/pkg/metamanager/client/serviceaccountaccess.go:70.17,73.4 2 0
github.com/kubeedge/kubeedge/edge/pkg/metamanager/client/serviceaccountaccess.go:74.3,74.54 1 0
github.com/kubeedge/kubeedge/edge/pkg/metamanager/client/serviceaccountaccess.go:74.54,76.34 2 0
github.com/kubeedge/kubeedge/edge/pkg/metamanager/client/serviceaccountaccess.go:76.34,78.19 2 0
github.com/kubeedge/kubeedge/edge/pkg/metamanager/client/serviceaccountaccess.go:78.19,79.14 1 0
github.com/kubeedge/kubeedge/edge/pkg/metamanager/client/serviceaccountaccess.go:81.5,81.32 1 0
github.com/kubeedge/kubeedge/edge/pkg/metamanager/client/serviceaccountaccess.go:81.32,82.14 1 0
github.com/kubeedge/kubeedge/edge/pkg/metamanager/client/serviceaccountaccess.go:84.5,85.28 2 0
github.com/kubeedge/kubeedge/edge/pkg/metamanager/client/serviceaccountaccess.go:89.2,89.17 1 0
github.com/kubeedge/kubeedge/edge/pkg/metamanager/client/serviceaccountaccess.go:95.107,97.16 2 0
github.com/kubeedge/kubeedge/edge/pkg/metamanager/client/serviceaccountaccess.go:97.16,99.3 1 0
github.com/kubeedge/kubeedge/edge/pkg/metamanager/client/serviceaccountaccess.go:100.2,100.25 1 0
github.com/kubeedge/kubeedge/edge/pkg/metamanager/client/serviceaccountaccess.go:100.25,103.17 3 0
github.com/kubeedge/kubeedge/edge/pkg/metamanager/client/serviceaccountaccess.go:103.17,106.4 2 0
github.com/kubeedge/kubeedge/edge/pkg/metamanager/client/serviceaccountaccess.go:107.3,107.54 1 0
github.com/kubeedge/kubeedge/edge/pkg/metamanager/client/serviceaccountaccess.go:107.54,108.93 1 0
github.com/kubeedge/kubeedge/edge/pkg/metamanager/client/serviceaccountaccess.go:108.93,115.5 1 0
github.com/kubeedge/kubeedge/edge/pkg/metamanager/client/serviceaccountaccess.go:117.3,117.62 1 0
github.com/kubeedge/kubeedge/edge/pkg/metamanager/client/serviceaccountaccess.go:117.62,118.109 1 0
github.com/kubeedge/kubeedge/edge/pkg/metamanager/client/serviceaccountaccess.go:118.109,125.5 1 0
github.com/kubeedge/kubeedge/edge/pkg/metamanager/client/serviceaccountaccess.go:128.2,128.58 1 0
github.com/kubeedge/kubeedge/edge/pkg/metamanager/client/serviceaccountaccess.go:134.115,136.16 2 0
github.com/kubeedge/kubeedge/edge/pkg/metamanager/client/serviceaccountaccess.go:136.16,139.3 2 0
github.com/kubeedge/kubeedge/edge/pkg/metamanager/client/serviceaccountaccess.go:140.2,142.25 3 0
github.com/kubeedge/kubeedge/edge/pkg/metamanager/client/serviceaccountaccess.go:142.25,145.17 3 0
github.com/kubeedge/kubeedge/edge/pkg/metamanager/client/serviceaccountaccess.go:145.17,148.4 2 0
github.com/kubeedge/kubeedge/edge/pkg/metamanager/client/serviceaccountaccess.go:149.3,149.62 1 0
github.com/kubeedge/kubeedge/edge/pkg/metamanager/client/serviceaccountaccess.go:149.62,152.18 3 0
github.com/kubeedge/kubeedge/edge/pkg/metamanager/client/serviceaccountaccess.go:152.18,154.13 2 0
github.com/kubeedge/kubeedge/edge/pkg/metamanager/client/serviceaccountaccess.go:156.4,156.31 1 0
github.com/kubeedge/kubeedge/edge/pkg/metamanager/client/serviceaccountaccess.go:156.31,157.13 1 0
github.com/kubeedge/kubeedge/edge/pkg/metamanager/client/serviceaccountaccess.go:159.4,160.27 2 0
github.com/kubeedge/kubeedge/edge/pkg/metamanager/client/serviceaccountaccess.go:163.2,163.17 1 0
github.com/kubeedge/kubeedge/edge/pkg/metamanager/client/serviceaccountaccess.go:175.95,177.2 1 0
github.com/kubeedge/kubeedge/edge/pkg/metamanager/client/serviceaccountaccess.go:179.91,181.2 1 0
github.com/kubeedge/kubeedge/edge/pkg/metamanager/client/serviceaccountaccess.go:183.69,185.2 1 0
github.com/kubeedge/kubeedge/edge/pkg/metamanager/client/serviceaccountaccess.go:187.75,189.2 1 0
github.com/kubeedge/kubeedge/edge/pkg/metamanager/client/serviceaccountaccess.go:191.60,193.2 1 0
github.com/kubeedge/kubeedge/edge/pkg/metamanager/client/volumeattachment.go:33.73,38.2 1 1
github.com/kubeedge/kubeedge/edge/pkg/metamanager/client/volumeattachment.go:40.93,44.16 4 0
github.com/kubeedge/kubeedge/edge/pkg/metamanager/client/volumeattachment.go:44.16,46.3 1 0
github.com/kubeedge/kubeedge/edge/pkg/metamanager/client/volumeattachment.go:47.2,47.17 1 0
github.com/kubeedge/kubeedge/edge/pkg/metamanager/client/volumeattachment.go:50.65,52.2 1 0
github.com/kubeedge/kubeedge/edge/pkg/metamanager/client/volumeattachment.go:54.55,58.16 4 0
github.com/kubeedge/kubeedge/edge/pkg/metamanager/client/volumeattachment.go:58.16,60.3 1 0
github.com/kubeedge/kubeedge/edge/pkg/metamanager/client/volumeattachment.go:61.2,61.12 1 0
github.com/kubeedge/kubeedge/edge/pkg/metamanager/client/volumeattachment.go:64.98,68.16 4 0
github.com/kubeedge/kubeedge/edge/pkg/metamanager/client/volumeattachment.go:68.16,70.3 1 0
github.com/kubeedge/kubeedge/edge/pkg/metamanager/client/volumeattachment.go:72.2,73.16 2 0
github.com/kubeedge/kubeedge/edge/pkg/metamanager/client/volumeattachment.go:73.16,75.3 1 0
github.com/kubeedge/kubeedge/edge/pkg/metamanager/client/volumeattachment.go:77.2,77.103 1 0
github.com/kubeedge/kubeedge/edge/pkg/metamanager/client/volumeattachment.go:77.103,79.3 1 0
github.com/kubeedge/kubeedge/edge/pkg/metamanager/client/volumeattachment.go:80.2,80.55 1 0
github.com/kubeedge/kubeedge/edge/pkg/metamanager/client/volumeattachment.go:83.86,86.16 3 1
github.com/kubeedge/kubeedge/edge/pkg/metamanager/client/volumeattachment.go:86.16,88.3 1 1
github.com/kubeedge/kubeedge/edge/pkg/metamanager/client/volumeattachment.go:90.2,90.21 1 1
github.com/kubeedge/kubeedge/edge/pkg/metamanager/client/volumeattachment.go:90.21,92.3 1 1
github.com/kubeedge/kubeedge/edge/pkg/metamanager/client/volumeattachment.go:94.2,96.16 3 1
github.com/kubeedge/kubeedge/edge/pkg/metamanager/client/volumeattachment.go:96.16,98.3 1 0
github.com/kubeedge/kubeedge/edge/pkg/metamanager/client/volumeattachment.go:99.2,99.17 1 1
github.com/kubeedge/kubeedge/edge/pkg/metamanager/client/volumeattachment.go:102.91,105.16 3 1
github.com/kubeedge/kubeedge/edge/pkg/metamanager/client/volumeattachment.go:105.16,107.3 1 1
github.com/kubeedge/kubeedge/edge/pkg/metamanager/client/volumeattachment.go:108.2,108.17 1 1
github.com/kubeedge/kubeedge/edge/pkg/metamanager/dao/models/device.go:27.34,29.2 1 1
github.com/kubeedge/kubeedge/edge/pkg/metamanager/dao/models/device.go:47.38,49.2 1 1
github.com/kubeedge/kubeedge/edge/pkg/metamanager/dao/models/device.go:62.38,64.2 1 1
github.com/kubeedge/kubeedge/edge/pkg/metamanager/dao/models/eventbus.go:24.37,26.2 1 1
github.com/kubeedge/kubeedge/edge/pkg/metamanager/dao/models/meta.go:27.32,29.2 1 1
github.com/kubeedge/kubeedge/edge/pkg/metamanager/dao/models/meta.go:42.34,44.2 1 1
github.com/kubeedge/kubeedge/edge/pkg/metamanager/dao/models/servicebus.go:24.38,26.2 1 1
github.com/kubeedge/kubeedge/edge/pkg/metamanager/config/config.go:17.45,18.17 1 0
github.com/kubeedge/kubeedge/edge/pkg/metamanager/config/config.go:18.17,23.3 2 0
github.com/kubeedge/kubeedge/edge/pkg/metamanager/dao/dbclient/device.go:31.40,33.2 1 0
github.com/kubeedge/kubeedge/edge/pkg/metamanager/dao/dbclient/device.go:36.62,38.45 2 0
github.com/kubeedge/kubeedge/edge/pkg/metamanager/dao/dbclient/device.go:38.45,42.3 3 0
github.com/kubeedge/kubeedge/edge/pkg/metamanager/dao/dbclient/device.go:43.2,43.26 1 0
github.com/kubeedge/kubeedge/edge/pkg/metamanager/dao/dbclient/device.go:47.59,49.72 2 0
github.com/kubeedge/kubeedge/edge/pkg/metamanager/dao/dbclient/device.go:49.72,53.3 3 0
github.com/kubeedge/kubeedge/edge/pkg/metamanager/dao/dbclient/device.go:54.2,54.26 1 0
github.com/kubeedge/kubeedge/edge/pkg/metamanager/dao/dbclient/device.go:58.97,62.2 3 0
github.com/kubeedge/kubeedge/edge/pkg/metamanager/dao/dbclient/device.go:65.96,69.2 3 0
github.com/kubeedge/kubeedge/edge/pkg/metamanager/dao/dbclient/device.go:72.92,75.16 3 0
github.com/kubeedge/kubeedge/edge/pkg/metamanager/dao/dbclient/device.go:75.16,78.3 2 0
github.com/kubeedge/kubeedge/edge/pkg/metamanager/dao/dbclient/device.go:79.2,79.21 1 0
github.com/kubeedge/kubeedge/edge/pkg/metamanager/dao/dbclient/device.go:83.67,86.16 3 0
github.com/kubeedge/kubeedge/edge/pkg/metamanager/dao/dbclient/device.go:86.16,89.3 2 0
github.com/kubeedge/kubeedge/edge/pkg/metamanager/dao/dbclient/device.go:90.2,90.21 1 0
github.com/kubeedge/kubeedge/edge/pkg/metamanager/dao/dbclient/device.go:94.80,95.33 1 0
github.com/kubeedge/kubeedge/edge/pkg/metamanager/dao/dbclient/device.go:95.33,96.76 1 0
github.com/kubeedge/kubeedge/edge/pkg/metamanager/dao/dbclient/device.go:96.76,98.4 1 0
github.com/kubeedge/kubeedge/edge/pkg/metamanager/dao/dbclient/device.go:100.2,100.12 1 0
github.com/kubeedge/kubeedge/edge/pkg/metamanager/dao/dbclient/device.go:104.128,107.30 2 0
github.com/kubeedge/kubeedge/edge/pkg/metamanager/dao/dbclient/device.go:107.30,108.50 1 0
github.com/kubeedge/kubeedge/edge/pkg/metamanager/dao/dbclient/device.go:108.50,112.4 3 0
github.com/kubeedge/kubeedge/edge/pkg/metamanager/dao/dbclient/device.go:115.2,115.32 1 0
github.com/kubeedge/kubeedge/edge/pkg/metamanager/dao/dbclient/device.go:115.32,116.48 1 0
github.com/kubeedge/kubeedge/edge/pkg/metamanager/dao/dbclient/device.go:116.48,120.4 3 0
github.com/kubeedge/kubeedge/edge/pkg/metamanager/dao/dbclient/device.go:123.2,123.32 1 0
github.com/kubeedge/kubeedge/edge/pkg/metamanager/dao/dbclient/device.go:123.32,124.48 1 0
github.com/kubeedge/kubeedge/edge/pkg/metamanager/dao/dbclient/device.go:124.48,128.4 3 0
github.com/kubeedge/kubeedge/edge/pkg/metamanager/dao/dbclient/device.go:131.2,131.26 1 0
github.com/kubeedge/kubeedge/edge/pkg/metamanager/dao/dbclient/device.go:135.67,138.29 2 0
github.com/kubeedge/kubeedge/edge/pkg/metamanager/dao/dbclient/device.go:138.29,139.73 1 0
github.com/kubeedge/kubeedge/edge/pkg/metamanager/dao/dbclient/device.go:139.73,142.4 2 0
github.com/kubeedge/kubeedge/edge/pkg/metamanager/dao/dbclient/device.go:144.3,144.89 1 0
github.com/kubeedge/kubeedge/edge/pkg/metamanager/dao/dbclient/device.go:144.89,148.4 3 0
github.com/kubeedge/kubeedge/edge/pkg/metamanager/dao/dbclient/device.go:150.3,150.89 1 0
github.com/kubeedge/kubeedge/edge/pkg/metamanager/dao/dbclient/device.go:150.89,154.4 3 0
github.com/kubeedge/kubeedge/edge/pkg/metamanager/dao/dbclient/device.go:157.2,157.26 1 0
github.com/kubeedge/kubeedge/edge/pkg/metamanager/dao/dbclient/device.go:160.70,161.50 1 0
github.com/kubeedge/kubeedge/edge/pkg/metamanager/dao/dbclient/device.go:161.50,162.46 1 0
github.com/kubeedge/kubeedge/edge/pkg/metamanager/dao/dbclient/device.go:162.46,165.4 2 0
github.com/kubeedge/kubeedge/edge/pkg/metamanager/dao/dbclient/device.go:166.3,167.13 2 0
github.com/kubeedge/kubeedge/edge/pkg/metamanager/dao/dbclient/device.go:171.78,172.50 1 0
github.com/kubeedge/kubeedge/edge/pkg/metamanager/dao/dbclient/device.go:172.50,173.114 1 0
github.com/kubeedge/kubeedge/edge/pkg/metamanager/dao/dbclient/device.go:173.114,176.4 2 0
github.com/kubeedge/kubeedge/edge/pkg/metamanager/dao/dbclient/device.go:177.3,177.13 1 0
github.com/kubeedge/kubeedge/edge/pkg/metamanager/dao/dbclient/device.go:181.100,185.2 3 0
github.com/kubeedge/kubeedge/edge/pkg/metamanager/dao/dbclient/device.go:187.106,191.2 3 0
github.com/kubeedge/kubeedge/edge/pkg/metamanager/dao/dbclient/device.go:193.94,195.77 2 0
github.com/kubeedge/kubeedge/edge/pkg/metamanager/dao/dbclient/device.go:195.77,197.3 1 0
github.com/kubeedge/kubeedge/edge/pkg/metamanager/dao/dbclient/device.go:198.2,198.20 1 0
github.com/kubeedge/kubeedge/edge/pkg/metamanager/dao/dbclient/device.go:201.88,202.33 1 0
github.com/kubeedge/kubeedge/edge/pkg/metamanager/dao/dbclient/device.go:202.33,203.93 1 0
github.com/kubeedge/kubeedge/edge/pkg/metamanager/dao/dbclient/device.go:203.93,205.4 1 0
github.com/kubeedge/kubeedge/edge/pkg/metamanager/dao/dbclient/device.go:207.2,207.12 1 0
github.com/kubeedge/kubeedge/edge/pkg/metamanager/dao/dbclient/device.go:210.139,211.50 1 0
github.com/kubeedge/kubeedge/edge/pkg/metamanager/dao/dbclient/device.go:211.50,212.28 1 0
github.com/kubeedge/kubeedge/edge/pkg/metamanager/dao/dbclient/device.go:212.28,213.48 1 0
github.com/kubeedge/kubeedge/edge/pkg/metamanager/dao/dbclient/device.go:213.48,215.5 1 0
github.com/kubeedge/kubeedge/edge/pkg/metamanager/dao/dbclient/device.go:217.3,217.31 1 0
github.com/kubeedge/kubeedge/edge/pkg/metamanager/dao/dbclient/device.go:217.31,218.123 1 0
github.com/kubeedge/kubeedge/edge/pkg/metamanager/dao/dbclient/device.go:218.123,220.5 1 0
github.com/kubeedge/kubeedge/edge/pkg/metamanager/dao/dbclient/device.go:222.3,222.31 1 0
github.com/kubeedge/kubeedge/edge/pkg/metamanager/dao/dbclient/device.go:222.31,225.41 1 0
github.com/kubeedge/kubeedge/edge/pkg/metamanager/dao/dbclient/device.go:225.41,227.5 1 0
github.com/kubeedge/kubeedge/edge/pkg/metamanager/dao/dbclient/device.go:229.3,229.13 1 0
github.com/kubeedge/kubeedge/edge/pkg/metamanager/dao/dbclient/device.go:233.70,234.50 1 0
github.com/kubeedge/kubeedge/edge/pkg/metamanager/dao/dbclient/device.go:234.50,235.46 1 0
github.com/kubeedge/kubeedge/edge/pkg/metamanager/dao/dbclient/device.go:235.46,238.4 2 0
github.com/kubeedge/kubeedge/edge/pkg/metamanager/dao/dbclient/device.go:239.3,240.13 2 0
github.com/kubeedge/kubeedge/edge/pkg/metamanager/dao/dbclient/device.go:244.71,245.50 1 0
github.com/kubeedge/kubeedge/edge/pkg/metamanager/dao/dbclient/device.go:245.50,246.114 1 0
github.com/kubeedge/kubeedge/edge/pkg/metamanager/dao/dbclient/device.go:246.114,249.4 2 0
github.com/kubeedge/kubeedge/edge/pkg/metamanager/dao/dbclient/device.go:250.3,250.13 1 0
github.com/kubeedge/kubeedge/edge/pkg/metamanager/dao/dbclient/device.go:254.100,258.2 3 0
github.com/kubeedge/kubeedge/edge/pkg/metamanager/dao/dbclient/device.go:260.106,264.2 3 0
github.com/kubeedge/kubeedge/edge/pkg/metamanager/dao/dbclient/device.go:266.94,268.77 2 0
github.com/kubeedge/kubeedge/edge/pkg/metamanager/dao/dbclient/device.go:268.77,270.3 1 0
github.com/kubeedge/kubeedge/edge/pkg/metamanager/dao/dbclient/device.go:271.2,271.20 1 0
github.com/kubeedge/kubeedge/edge/pkg/metamanager/dao/dbclient/device.go:274.88,275.33 1 0
github.com/kubeedge/kubeedge/edge/pkg/metamanager/dao/dbclient/device.go:275.33,276.93 1 0
github.com/kubeedge/kubeedge/edge/pkg/metamanager/dao/dbclient/device.go:276.93,278.4 1 0
github.com/kubeedge/kubeedge/edge/pkg/metamanager/dao/dbclient/device.go:280.2,280.12 1 0
github.com/kubeedge/kubeedge/edge/pkg/metamanager/dao/dbclient/device.go:283.139,284.50 1 0
github.com/kubeedge/kubeedge/edge/pkg/metamanager/dao/dbclient/device.go:284.50,285.28 1 0
github.com/kubeedge/kubeedge/edge/pkg/metamanager/dao/dbclient/device.go:285.28,286.48 1 0
github.com/kubeedge/kubeedge/edge/pkg/metamanager/dao/dbclient/device.go:286.48,288.5 1 0
github.com/kubeedge/kubeedge/edge/pkg/metamanager/dao/dbclient/device.go:290.3,290.31 1 0
github.com/kubeedge/kubeedge/edge/pkg/metamanager/dao/dbclient/device.go:290.31,291.123 1 0
github.com/kubeedge/kubeedge/edge/pkg/metamanager/dao/dbclient/device.go:291.123,293.5 1 0
github.com/kubeedge/kubeedge/edge/pkg/metamanager/dao/dbclient/device.go:295.3,295.31 1 0
github.com/kubeedge/kubeedge/edge/pkg/metamanager/dao/dbclient/device.go:295.31,298.41 1 0
github.com/kubeedge/kubeedge/edge/pkg/metamanager/dao/dbclient/device.go:298.41,300.5 1 0
github.com/kubeedge/kubeedge/edge/pkg/metamanager/dao/dbclient/device.go:302.3,302.13 1 0
github.com/kubeedge/kubeedge/edge/pkg/metamanager/dao/dbclient/eventbus.go:33.44,35.2 1 0
github.com/kubeedge/kubeedge/edge/pkg/metamanager/dao/dbclient/eventbus.go:38.60,41.16 2 0
github.com/kubeedge/kubeedge/edge/pkg/metamanager/dao/dbclient/eventbus.go:41.16,43.3 1 0
github.com/kubeedge/kubeedge/edge/pkg/metamanager/dao/dbclient/eventbus.go:44.2,44.12 1 0
github.com/kubeedge/kubeedge/edge/pkg/metamanager/dao/dbclient/eventbus.go:48.63,50.25 2 0
github.com/kubeedge/kubeedge/edge/pkg/metamanager/dao/dbclient/eventbus.go:50.25,53.3 2 0
github.com/kubeedge/kubeedge/edge/pkg/metamanager/dao/dbclient/eventbus.go:54.2,55.12 2 0
github.com/kubeedge/kubeedge/edge/pkg/metamanager/dao/dbclient/eventbus.go:59.63,61.50 2 0
github.com/kubeedge/kubeedge/edge/pkg/metamanager/dao/dbclient/eventbus.go:61.50,64.3 2 0
github.com/kubeedge/kubeedge/edge/pkg/metamanager/dao/dbclient/eventbus.go:65.2,65.23 1 0
github.com/kubeedge/kubeedge/edge/pkg/metamanager/dao/dbclient/eventbus.go:65.23,67.3 1 0
github.com/kubeedge/kubeedge/edge/pkg/metamanager/dao/dbclient/eventbus.go:68.2,69.32 2 0
github.com/kubeedge/kubeedge/edge/pkg/metamanager/dao/dbclient/eventbus.go:69.32,71.3 1 0
github.com/kubeedge/kubeedge/edge/pkg/metamanager/dao/dbclient/eventbus.go:72.2,72.21 1 0
github.com/kubeedge/kubeedge/edge/pkg/metamanager/dao/dbclient/meta.go:34.36,36.2 1 0
github.com/kubeedge/kubeedge/edge/pkg/metamanager/dao/dbclient/meta.go:39.57,41.45 2 0
github.com/kubeedge/kubeedge/edge/pkg/metamanager/dao/dbclient/meta.go:41.45,43.3 1 0
github.com/kubeedge/kubeedge/edge/pkg/metamanager/dao/dbclient/meta.go:44.2,44.12 1 0
github.com/kubeedge/kubeedge/edge/pkg/metamanager/dao/dbclient/meta.go:48.43,49.16 1 0
github.com/kubeedge/kubeedge/edge/pkg/metamanager/dao/dbclient/meta.go:49.16,51.3 1 0
github.com/kubeedge/kubeedge/edge/pkg/metamanager/dao/dbclient/meta.go:52.2,55.46 2 0
github.com/kubeedge/kubeedge/edge/pkg/metamanager/dao/dbclient/meta.go:59.57,61.2 1 0
github.com/kubeedge/kubeedge/edge/pkg/metamanager/dao/dbclient/meta.go:64.83,66.25 2 0
github.com/kubeedge/kubeedge/edge/pkg/metamanager/dao/dbclient/meta.go:66.25,69.3 2 0
github.com/kubeedge/kubeedge/edge/pkg/metamanager/dao/dbclient/meta.go:70.2,70.33 1 0
github.com/kubeedge/kubeedge/edge/pkg/metamanager/dao/dbclient/meta.go:74.59,76.2 1 0
github.com/kubeedge/kubeedge/edge/pkg/metamanager/dao/dbclient/meta.go:79.63,83.2 2 0
github.com/kubeedge/kubeedge/edge/pkg/metamanager/dao/dbclient/meta.go:86.88,88.2 1 0
github.com/kubeedge/kubeedge/edge/pkg/metamanager/dao/dbclient/meta.go:91.87,93.2 1 0
github.com/kubeedge/kubeedge/edge/pkg/metamanager/dao/dbclient/meta.go:96.82,99.16 3 0
github.com/kubeedge/kubeedge/edge/pkg/metamanager/dao/dbclient/meta.go:99.16,101.3 1 0
github.com/kubeedge/kubeedge/edge/pkg/metamanager/dao/dbclient/meta.go:102.2,103.26 2 0
github.com/kubeedge/kubeedge/edge/pkg/metamanager/dao/dbclient/meta.go:103.26,105.3 1 0
github.com/kubeedge/kubeedge/edge/pkg/metamanager/dao/dbclient/meta.go:106.2,106.21 1 0
github.com/kubeedge/kubeedge/edge/pkg/metamanager/dao/dbclient/meta.go:110.90,113.16 3 0
github.com/kubeedge/kubeedge/edge/pkg/metamanager/dao/dbclient/meta.go:113.16,115.3 1 0
github.com/kubeedge/kubeedge/edge/pkg/metamanager/dao/dbclient/meta.go:116.2,116.20 1 0
github.com/kubeedge/kubeedge/edge/pkg/metamanager/dao/dbclient/metav2.go:38.40,40.2 1 0
github.com/kubeedge/kubeedge/edge/pkg/metamanager/dao/dbclient/metav2.go:42.130,46.18 3 0
github.com/kubeedge/kubeedge/edge/pkg/metamanager/dao/dbclient/metav2.go:46.18,48.3 1 0
github.com/kubeedge/kubeedge/edge/pkg/metamanager/dao/dbclient/metav2.go:50.2,50.58 1 0
github.com/kubeedge/kubeedge/edge/pkg/metamanager/dao/dbclient/metav2.go:50.58,52.3 1 0
github.com/kubeedge/kubeedge/edge/pkg/metamanager/dao/dbclient/metav2.go:54.2,54.43 1 0
github.com/kubeedge/kubeedge/edge/pkg/metamanager/dao/dbclient/metav2.go:54.43,56.3 1 0
github.com/kubeedge/kubeedge/edge/pkg/metamanager/dao/dbclient/metav2.go:58.2,58.45 1 0
github.com/kubeedge/kubeedge/edge/pkg/metamanager/dao/dbclient/metav2.go:58.45,60.3 1 0
github.com/kubeedge/kubeedge/edge/pkg/metamanager/dao/dbclient/metav2.go:61.2,61.19 1 0
github.com/kubeedge/kubeedge/edge/pkg/metamanager/dao/dbclient/metav2.go:64.66,68.2 3 0
github.com/kubeedge/kubeedge/edge/pkg/metamanager/dao/dbclient/metav2.go:70.71,75.2 1 0
github.com/kubeedge/kubeedge/edge/pkg/metamanager/dao/dbclient/metav2.go:77.92,79.16 2 0
github.com/kubeedge/kubeedge/edge/pkg/metamanager/dao/dbclient/metav2.go:79.16,81.3 1 0
github.com/kubeedge/kubeedge/edge/pkg/metamanager/dao/dbclient/metav2.go:82.2,82.34 1 0
github.com/kubeedge/kubeedge/edge/pkg/metamanager/dao/dbclient/metav2.go:82.34,85.17 3 0
github.com/kubeedge/kubeedge/edge/pkg/metamanager/dao/dbclient/metav2.go:85.17,87.4 1 0
github.com/kubeedge/kubeedge/edge/pkg/metamanager/dao/dbclient/metav2.go:89.2,89.96 1 0
github.com/kubeedge/kubeedge/edge/pkg/metamanager/dao/dbclient/metav2.go:92.70,95.16 3 0
github.com/kubeedge/kubeedge/edge/pkg/metamanager/dao/dbclient/metav2.go:95.16,97.3 1 0
github.com/kubeedge/kubeedge/edge/pkg/metamanager/dao/dbclient/metav2.go:98.2,98.21 1 0
github.com/kubeedge/kubeedge/edge/pkg/metamanager/dao/dbclient/metav2.go:101.55,103.2 1 0
github.com/kubeedge/kubeedge/edge/pkg/metamanager/dao/dbclient/metav2.go:106.118,110.16 3 0
github.com/kubeedge/kubeedge/edge/pkg/metamanager/dao/dbclient/metav2.go:110.16,112.3 1 0
github.com/kubeedge/kubeedge/edge/pkg/metamanager/dao/dbclient/metav2.go:114.2,123.35 3 0
github.com/kubeedge/kubeedge/edge/pkg/metamanager/dao/dbclient/metav2.go:123.35,125.3 1 0
github.com/kubeedge/kubeedge/edge/pkg/metamanager/dao/dbclient/metav2.go:127.2,127.15 1 0
github.com/kubeedge/kubeedge/edge/pkg/metamanager/dao/dbclient/metav2.go:127.15,132.3 2 0
github.com/kubeedge/kubeedge/edge/pkg/metamanager/dao/dbclient/metav2.go:134.2,135.31 2 0
github.com/kubeedge/kubeedge/edge/pkg/metamanager/dao/dbclient/metav2.go:138.71,140.2 1 0
github.com/kubeedge/kubeedge/edge/pkg/metamanager/dao/dbclient/metav2.go:142.107,147.16 4 0
github.com/kubeedge/kubeedge/edge/pkg/metamanager/dao/dbclient/metav2.go:147.16,149.3 1 0
github.com/kubeedge/kubeedge/edge/pkg/metamanager/dao/dbclient/metav2.go:151.2,152.16 2 0
github.com/kubeedge/kubeedge/edge/pkg/metamanager/dao/dbclient/metav2.go:152.16,154.3 1 0
github.com/kubeedge/kubeedge/edge/pkg/metamanager/dao/dbclient/metav2.go:155.2,155.28 1 0
github.com/kubeedge/kubeedge/edge/pkg/metamanager/dao/dbclient/metav2.go:158.61,162.2 3 0
github.com/kubeedge/kubeedge/edge/pkg/metamanager/dao/dbclient/metav2.go:164.100,167.16 3 0
github.com/kubeedge/kubeedge/edge/pkg/metamanager/dao/dbclient/metav2.go:167.16,169.3 1 0
github.com/kubeedge/kubeedge/edge/pkg/metamanager/dao/dbclient/metav2.go:171.2,177.38 2 0
github.com/kubeedge/kubeedge/edge/pkg/metamanager/dao/dbclient/metav2.go:177.38,180.3 2 0
github.com/kubeedge/kubeedge/edge/pkg/metamanager/dao/dbclient/metav2.go:180.8,183.3 2 0
github.com/kubeedge/kubeedge/edge/pkg/metamanager/dao/dbclient/metav2.go:186.65,188.2 1 0
github.com/kubeedge/kubeedge/edge/pkg/metamanager/dao/dbclient/metav2.go:190.95,195.16 4 0
github.com/kubeedge/kubeedge/edge/pkg/metamanager/dao/dbclient/metav2.go:195.16,197.3 1 0
github.com/kubeedge/kubeedge/edge/pkg/metamanager/dao/dbclient/metav2.go:199.2,200.16 2 0
github.com/kubeedge/kubeedge/edge/pkg/metamanager/dao/dbclient/metav2.go:200.16,202.3 1 0
github.com/kubeedge/kubeedge/edge/pkg/metamanager/dao/dbclient/metav2.go:203.2,203.25 1 0
github.com/kubeedge/kubeedge/edge/pkg/metamanager/dao/dbclient/servicebus.go:33.48,35.2 1 0
github.com/kubeedge/kubeedge/edge/pkg/metamanager/dao/dbclient/servicebus.go:38.58,41.16 2 0
github.com/kubeedge/kubeedge/edge/pkg/metamanager/dao/dbclient/servicebus.go:41.16,43.3 1 0
github.com/kubeedge/kubeedge/edge/pkg/metamanager/dao/dbclient/servicebus.go:44.2,44.12 1 0
github.com/kubeedge/kubeedge/edge/pkg/metamanager/dao/dbclient/servicebus.go:48.63,50.25 2 0
github.com/kubeedge/kubeedge/edge/pkg/metamanager/dao/dbclient/servicebus.go:50.25,53.3 2 0
github.com/kubeedge/kubeedge/edge/pkg/metamanager/dao/dbclient/servicebus.go:55.2,56.12 2 0
github.com/kubeedge/kubeedge/edge/pkg/metamanager/dao/dbclient/servicebus.go:60.49,63.16 3 0
github.com/kubeedge/kubeedge/edge/pkg/metamanager/dao/dbclient/servicebus.go:63.16,66.3 2 0
github.com/kubeedge/kubeedge/edge/pkg/metamanager/dao/dbclient/servicebus.go:67.2,67.19 1 0
github.com/kubeedge/kubeedge/edge/pkg/metamanager/dao/dbclient/servicebus.go:71.82,74.16 3 0
github.com/kubeedge/kubeedge/edge/pkg/metamanager/dao/dbclient/servicebus.go:74.16,75.45 1 0
github.com/kubeedge/kubeedge/edge/pkg/metamanager/dao/dbclient/servicebus.go:75.45,78.4 2 0
github.com/kubeedge/kubeedge/edge/pkg/metamanager/dao/dbclient/servicebus.go:79.3,80.18 2 0
github.com/kubeedge/kubeedge/edge/pkg/metamanager/dao/dbclient/servicebus.go:83.2,83.21 1 0
github.com/kubeedge/kubeedge/edge/pkg/metamanager/dao/dbclient/upgrade_v2.go:57.28,59.2 1 0
github.com/kubeedge/kubeedge/edge/pkg/metamanager/dao/dbclient/upgrade_v2.go:63.58,73.2 2 0
github.com/kubeedge/kubeedge/edge/pkg/metamanager/dao/dbclient/upgrade_v2.go:79.90,81.16 2 0
github.com/kubeedge/kubeedge/edge/pkg/metamanager/dao/dbclient/upgrade_v2.go:81.16,83.3 1 0
github.com/kubeedge/kubeedge/edge/pkg/metamanager/dao/dbclient/upgrade_v2.go:84.2,84.16 1 0
github.com/kubeedge/kubeedge/edge/pkg/metamanager/dao/dbclient/upgrade_v2.go:84.16,86.3 1 0
github.com/kubeedge/kubeedge/edge/pkg/metamanager/dao/dbclient/upgrade_v2.go:87.2,89.21 3 0
github.com/kubeedge/kubeedge/edge/pkg/metamanager/dao/dbclient/upgrade_v2.go:89.21,91.3 1 0
github.com/kubeedge/kubeedge/edge/pkg/metamanager/dao/dbclient/upgrade_v2.go:92.2,93.65 2 0
github.com/kubeedge/kubeedge/edge/pkg/metamanager/dao/dbclient/upgrade_v2.go:93.65,95.3 1 0
github.com/kubeedge/kubeedge/edge/pkg/metamanager/dao/dbclient/upgrade_v2.go:96.2,96.38 1 0
github.com/kubeedge/kubeedge/edge/pkg/metamanager/dao/dbclient/upgrade_v2.go:101.102,103.37 1 0
github.com/kubeedge/kubeedge/edge/pkg/metamanager/dao/dbclient/upgrade_v2.go:103.37,105.3 1 0
github.com/kubeedge/kubeedge/edge/pkg/metamanager/dao/dbclient/upgrade_v2.go:107.2,108.16 2 0
github.com/kubeedge/kubeedge/edge/pkg/metamanager/dao/dbclient/upgrade_v2.go:108.16,110.3 1 0
github.com/kubeedge/kubeedge/edge/pkg/metamanager/dao/dbclient/upgrade_v2.go:111.2,118.56 2 0
github.com/kubeedge/kubeedge/edge/pkg/metamanager/dao/dbclient/upgrade_v2.go:122.36,124.16 2 0
github.com/kubeedge/kubeedge/edge/pkg/metamanager/dao/dbclient/upgrade_v2.go:124.16,126.3 1 0
github.com/kubeedge/kubeedge/edge/pkg/metamanager/dao/dbclient/upgrade_v2.go:127.2,127.16 1 0
github.com/kubeedge/kubeedge/edge/pkg/metamanager/dao/dbclient/upgrade_v2.go:127.16,129.3 1 0
github.com/kubeedge/kubeedge/edge/pkg/metamanager/dao/dbclient/upgrade_v2.go:131.2,131.48 1 0
github.com/kubeedge/kubeedge/edge/pkg/metamanager/dao/dbclient/upgrade_v2.go:135.78,138.44 3 0
github.com/kubeedge/kubeedge/edge/pkg/metamanager/dao/dbclient/upgrade_v2.go:138.44,140.3 1 0
github.com/kubeedge/kubeedge/edge/pkg/metamanager/dao/dbclient/upgrade_v2.go:141.2,141.16 1 0
github.com/kubeedge/kubeedge/edge/pkg/metamanager/dao/dbclient/upgrade_v2.go:141.16,143.3 1 0
github.com/kubeedge/kubeedge/edge/pkg/metamanager/dao/dbclient/upgrade_v2.go:144.2,144.19 1 0
github.com/kubeedge/kubeedge/edge/pkg/metamanager/dao/dbclient/upgrade_v2.go:144.19,146.3 1 0
github.com/kubeedge/kubeedge/edge/pkg/metamanager/dao/dbclient/upgrade_v2.go:147.2,147.18 1 0
github.com/kubeedge/kubeedge/edge/pkg/metamanager/dao/dbclient/upgrade_v2.go:157.44,161.2 1 0
github.com/kubeedge/kubeedge/edge/pkg/metamanager/dao/dbclient/upgrade_v2.go:165.55,173.2 2 0
github.com/kubeedge/kubeedge/edge/pkg/metamanager/dao/dbclient/upgrade_v2.go:177.67,179.16 2 0
github.com/kubeedge/kubeedge/edge/pkg/metamanager/dao/dbclient/upgrade_v2.go:179.16,181.3 1 0
github.com/kubeedge/kubeedge/edge/pkg/metamanager/dao/dbclient/upgrade_v2.go:182.2,182.35 1 0
github.com/kubeedge/kubeedge/edge/pkg/metamanager/dao/dbclient/upgrade_v2.go:182.35,184.3 1 0
github.com/kubeedge/kubeedge/edge/pkg/metamanager/dao/dbclient/upgrade_v2.go:185.2,186.64 2 0
github.com/kubeedge/kubeedge/edge/pkg/metamanager/dao/dbclient/upgrade_v2.go:186.64,188.3 1 0
github.com/kubeedge/kubeedge/edge/pkg/metamanager/dao/dbclient/upgrade_v2.go:189.2,189.18 1 0
github.com/kubeedge/kubeedge/edge/pkg/metamanager/dao/dbclient/upgrade_v2.go:194.72,196.37 1 0
github.com/kubeedge/kubeedge/edge/pkg/metamanager/dao/dbclient/upgrade_v2.go:196.37,198.3 1 0
github.com/kubeedge/kubeedge/edge/pkg/metamanager/dao/dbclient/upgrade_v2.go:200.2,201.16 2 0
github.com/kubeedge/kubeedge/edge/pkg/metamanager/dao/dbclient/upgrade_v2.go:201.16,203.3 1 0
github.com/kubeedge/kubeedge/edge/pkg/metamanager/dao/dbclient/upgrade_v2.go:204.2,211.56 2 0
github.com/kubeedge/kubeedge/edge/pkg/metamanager/dao/dbclient/upgrade_v2.go:215.44,217.16 2 0
github.com/kubeedge/kubeedge/edge/pkg/metamanager/dao/dbclient/upgrade_v2.go:217.16,219.3 1 0
github.com/kubeedge/kubeedge/edge/pkg/metamanager/dao/dbclient/upgrade_v2.go:220.2,220.16 1 0
github.com/kubeedge/kubeedge/edge/pkg/metamanager/dao/dbclient/upgrade_v2.go:220.16,222.3 1 0
github.com/kubeedge/kubeedge/edge/pkg/metamanager/dao/dbclient/upgrade_v2.go:223.2,223.48 1 0
github.com/kubeedge/kubeedge/edge/pkg/metamanager/dao/mocks/mock_device.go:58.48,60.55 1 0
github.com/kubeedge/kubeedge/edge/pkg/metamanager/dao/mocks/mock_device.go:60.55,62.4 1 0
github.com/kubeedge/kubeedge/edge/pkg/metamanager/dao/mocks/mock_device.go:63.73,65.4 1 0
github.com/kubeedge/kubeedge/edge/pkg/metamanager/dao/mocks/mock_device.go:66.82,68.4 1 0
github.com/kubeedge/kubeedge/edge/pkg/metamanager/dao/mocks/mock_device.go:69.82,71.4 1 0
github.com/kubeedge/kubeedge/edge/pkg/metamanager/dao/mocks/mock_device.go:72.84,74.4 1 0
github.com/kubeedge/kubeedge/edge/pkg/metamanager/dao/mocks/mock_device.go:75.127,77.4 1 0
github.com/kubeedge/kubeedge/edge/pkg/metamanager/dao/mocks/mock_device.go:78.127,80.4 1 0
github.com/kubeedge/kubeedge/edge/pkg/metamanager/dao/mocks/mock_device.go:81.116,83.4 1 0
github.com/kubeedge/kubeedge/edge/pkg/metamanager/dao/mocks/mock_device.go:84.55,86.4 1 0
github.com/kubeedge/kubeedge/edge/pkg/metamanager/dao/mocks/mock_device.go:91.71,95.2 3 0
github.com/kubeedge/kubeedge/edge/pkg/metamanager/dao/mocks/mock_device.go:98.89,102.2 3 0
github.com/kubeedge/kubeedge/edge/pkg/metamanager/dao/mocks/mock_device.go:105.98,109.2 3 0
github.com/kubeedge/kubeedge/edge/pkg/metamanager/dao/mocks/mock_device.go:112.98,116.2 3 0
github.com/kubeedge/kubeedge/edge/pkg/metamanager/dao/mocks/mock_device.go:119.100,123.2 3 0
github.com/kubeedge/kubeedge/edge/pkg/metamanager/dao/mocks/mock_device.go:126.143,130.2 3 0
github.com/kubeedge/kubeedge/edge/pkg/metamanager/dao/mocks/mock_device.go:133.143,137.2 3 0
github.com/kubeedge/kubeedge/edge/pkg/metamanager/dao/mocks/mock_device.go:139.66,141.2 1 0
github.com/kubeedge/kubeedge/edge/pkg/metamanager/dao/mocks/mock_device.go:143.63,145.2 1 0
github.com/kubeedge/kubeedge/edge/pkg/metamanager/dao/mocks/mock_device.go:147.101,149.2 1 0
github.com/kubeedge/kubeedge/edge/pkg/metamanager/dao/mocks/mock_device.go:151.84,153.2 1 0
github.com/kubeedge/kubeedge/edge/pkg/metamanager/dao/mocks/mock_device.go:155.132,157.2 1 0
github.com/kubeedge/kubeedge/edge/pkg/metamanager/dao/mocks/mock_device.go:159.71,161.2 1 0
github.com/kubeedge/kubeedge/edge/pkg/metamanager/dao/mocks/mock_device.go:163.74,165.2 1 0
github.com/kubeedge/kubeedge/edge/pkg/metamanager/dao/mocks/mock_device.go:167.82,169.2 1 0
github.com/kubeedge/kubeedge/edge/pkg/metamanager/dao/mocks/mock_device.go:171.104,173.2 1 0
github.com/kubeedge/kubeedge/edge/pkg/metamanager/dao/mocks/mock_device.go:175.110,177.2 1 0
github.com/kubeedge/kubeedge/edge/pkg/metamanager/dao/mocks/mock_device.go:179.92,181.2 1 0
github.com/kubeedge/kubeedge/edge/pkg/metamanager/dao/mocks/mock_device.go:183.74,185.2 1 0
github.com/kubeedge/kubeedge/edge/pkg/metamanager/dao/mocks/mock_device.go:187.75,189.2 1 0
github.com/kubeedge/kubeedge/edge/pkg/metamanager/dao/mocks/mock_device.go:191.104,193.2 1 0
github.com/kubeedge/kubeedge/edge/pkg/metamanager/dao/mocks/mock_device.go:195.110,197.2 1 0
github.com/kubeedge/kubeedge/edge/pkg/metamanager/dao/mocks/mock_device.go:199.92,201.2 1 0
github.com/kubeedge/kubeedge/edge/pkg/metamanager/dao/mocks/mock_eventbus.go:38.52,40.46 1 0
github.com/kubeedge/kubeedge/edge/pkg/metamanager/dao/mocks/mock_eventbus.go:40.46,42.4 1 0
github.com/kubeedge/kubeedge/edge/pkg/metamanager/dao/mocks/mock_eventbus.go:43.49,45.4 1 0
github.com/kubeedge/kubeedge/edge/pkg/metamanager/dao/mocks/mock_eventbus.go:46.49,48.4 1 0
github.com/kubeedge/kubeedge/edge/pkg/metamanager/dao/mocks/mock_eventbus.go:53.64,57.2 3 0
github.com/kubeedge/kubeedge/edge/pkg/metamanager/dao/mocks/mock_eventbus.go:60.67,64.2 3 0
github.com/kubeedge/kubeedge/edge/pkg/metamanager/dao/mocks/mock_eventbus.go:67.67,71.2 3 0
github.com/kubeedge/kubeedge/edge/pkg/metamanager/dao/init.go:34.54,35.17 1 0
github.com/kubeedge/kubeedge/edge/pkg/metamanager/dao/init.go:35.17,38.17 3 0
github.com/kubeedge/kubeedge/edge/pkg/metamanager/dao/init.go:38.17,40.4 1 0
github.com/kubeedge/kubeedge/edge/pkg/metamanager/dao/init.go:44.2,44.27 1 0
github.com/kubeedge/kubeedge/edge/pkg/metamanager/dao/init.go:48.44,49.28 1 0
github.com/kubeedge/kubeedge/edge/pkg/metamanager/dao/init.go:49.28,50.29 1 0
github.com/kubeedge/kubeedge/edge/pkg/metamanager/dao/init.go:51.29,52.22 1 0
github.com/kubeedge/kubeedge/edge/pkg/metamanager/dao/init.go:52.22,54.13 2 0
github.com/kubeedge/kubeedge/edge/pkg/metamanager/dao/init.go:56.4,61.18 2 0
github.com/kubeedge/kubeedge/edge/pkg/metamanager/dao/init.go:61.18,63.5 1 0
github.com/kubeedge/kubeedge/edge/pkg/metamanager/dao/init.go:65.27,66.22 1 0
github.com/kubeedge/kubeedge/edge/pkg/metamanager/dao/init.go:66.22,68.13 2 0
github.com/kubeedge/kubeedge/edge/pkg/metamanager/dao/init.go:70.4,73.18 2 0
github.com/kubeedge/kubeedge/edge/pkg/metamanager/dao/init.go:73.18,75.5 1 0
github.com/kubeedge/kubeedge/edge/pkg/metamanager/dao/init.go:77.30,78.22 1 0
github.com/kubeedge/kubeedge/edge/pkg/metamanager/dao/init.go:78.22,80.13 2 0
github.com/kubeedge/kubeedge/edge/pkg/metamanager/dao/init.go:82.4,86.18 2 0
github.com/kubeedge/kubeedge/edge/pkg/metamanager/dao/init.go:86.18,88.5 1 0
github.com/kubeedge/kubeedge/edge/pkg/metamanager/dao/init.go:90.29,91.22 1 0
github.com/kubeedge/kubeedge/edge/pkg/metamanager/dao/init.go:91.22,93.13 2 0
github.com/kubeedge/kubeedge/edge/pkg/metamanager/dao/init.go:95.4,98.18 2 0
github.com/kubeedge/kubeedge/edge/pkg/metamanager/dao/init.go:98.18,100.5 1 0
github.com/kubeedge/kubeedge/edge/pkg/metamanager/dao/init.go:102.11,103.47 1 0
github.com/kubeedge/kubeedge/edge/pkg/metamanager/dao/init.go:108.23,110.2 1 0
github.com/kubeedge/kubeedge/edge/pkg/metamanager/metaserver/agent/agent.go:51.35,56.23 2 1
github.com/kubeedge/kubeedge/edge/pkg/metamanager/metaserver/agent/agent.go:56.23,58.3 1 1
github.com/kubeedge/kubeedge/edge/pkg/metamanager/metaserver/agent/agent.go:60.2,62.21 2 1
github.com/kubeedge/kubeedge/edge/pkg/metamanager/metaserver/agent/agent.go:65.153,68.28 1 1
github.com/kubeedge/kubeedge/edge/pkg/metamanager/metaserver/agent/agent.go:68.28,70.3 1 1
github.com/kubeedge/kubeedge/edge/pkg/metamanager/metaserver/agent/agent.go:72.2,73.16 2 1
github.com/kubeedge/kubeedge/edge/pkg/metamanager/metaserver/agent/agent.go:73.16,75.3 1 0
github.com/kubeedge/kubeedge/edge/pkg/metamanager/metaserver/agent/agent.go:77.2,80.16 3 1
github.com/kubeedge/kubeedge/edge/pkg/metamanager/metaserver/agent/agent.go:80.16,82.3 1 0
github.com/kubeedge/kubeedge/edge/pkg/metamanager/metaserver/agent/agent.go:83.2,84.8 2 1
github.com/kubeedge/kubeedge/edge/pkg/metamanager/metaserver/agent/agent.go:84.8,88.3 3 0
github.com/kubeedge/kubeedge/edge/pkg/metamanager/metaserver/agent/agent.go:89.2,89.17 1 1
github.com/kubeedge/kubeedge/edge/pkg/metamanager/metaserver/agent/agent.go:92.58,94.9 2 1
github.com/kubeedge/kubeedge/edge/pkg/metamanager/metaserver/agent/agent.go:94.9,96.3 1 0
github.com/kubeedge/kubeedge/edge/pkg/metamanager/metaserver/agent/agent.go:97.2,98.25 2 1
github.com/kubeedge/kubeedge/edge/pkg/metamanager/metaserver/agent/agent.go:99.30,100.20 1 0
github.com/kubeedge/kubeedge/edge/pkg/metamanager/metaserver/agent/agent.go:101.28,103.20 2 1
github.com/kubeedge/kubeedge/edge/pkg/metamanager/metaserver/agent/agent.go:104.27,105.20 1 1
github.com/kubeedge/kubeedge/edge/pkg/metamanager/metaserver/agent/agent.go:106.25,107.32 1 1
github.com/kubeedge/kubeedge/edge/pkg/metamanager/metaserver/agent/agent.go:108.27,109.13 1 1
github.com/kubeedge/kubeedge/edge/pkg/metamanager/metaserver/agent/agent.go:110.29,110.29 0 0
github.com/kubeedge/kubeedge/edge/pkg/metamanager/metaserver/agent/agent.go:113.2,114.44 2 1
github.com/kubeedge/kubeedge/edge/pkg/metamanager/metaserver/agent/agent.go:114.44,116.3 1 0
github.com/kubeedge/kubeedge/edge/pkg/metamanager/metaserver/agent/agent.go:117.2,117.44 1 1
github.com/kubeedge/kubeedge/edge/pkg/metamanager/metaserver/agent/agent.go:117.44,119.3 1 0
github.com/kubeedge/kubeedge/edge/pkg/metamanager/metaserver/agent/agent.go:120.2,120.12 1 1
github.com/kubeedge/kubeedge/edge/pkg/metamanager/metaserver/agent/agent.go:123.54,130.16 6 1
github.com/kubeedge/kubeedge/edge/pkg/metamanager/metaserver/agent/agent.go:130.16,134.3 3 1
github.com/kubeedge/kubeedge/edge/pkg/metamanager/metaserver/agent/agent.go:136.2,137.16 2 1
github.com/kubeedge/kubeedge/edge/pkg/metamanager/metaserver/agent/agent.go:137.16,141.3 3 0
github.com/kubeedge/kubeedge/edge/pkg/metamanager/metaserver/agent/agent.go:144.2,147.32 4 1
github.com/kubeedge/kubeedge/edge/pkg/metamanager/metaserver/agent/agent.go:150.48,153.2 2 1
github.com/kubeedge/kubeedge/edge/pkg/metamanager/metaserver/agent/agent.go:155.22,156.57 1 1
github.com/kubeedge/kubeedge/edge/pkg/metamanager/metaserver/agent/agent.go:156.57,159.76 3 1
github.com/kubeedge/kubeedge/edge/pkg/metamanager/metaserver/agent/agent.go:159.76,161.4 1 1
github.com/kubeedge/kubeedge/edge/pkg/metamanager/metaserver/agent/agent.go:162.3,162.14 1 1
github.com/kubeedge/kubeedge/edge/pkg/metamanager/metaserver/agent/agent.go:166.43,168.2 1 1
github.com/kubeedge/kubeedge/edge/pkg/metamanager/metaserver/agent/agent.go:170.29,171.30 1 1
github.com/kubeedge/kubeedge/edge/pkg/metamanager/metaserver/agent/agent.go:171.31,172.3 0 1
github.com/kubeedge/kubeedge/edge/pkg/metamanager/metaserver/agent/agent.go:175.44,177.10 2 1
github.com/kubeedge/kubeedge/edge/pkg/metamanager/metaserver/agent/agent.go:177.10,179.3 1 0
github.com/kubeedge/kubeedge/edge/pkg/metamanager/metaserver/agent/agent.go:180.2,183.16 3 1
github.com/kubeedge/kubeedge/edge/pkg/metamanager/metaserver/agent/agent.go:183.16,186.3 2 0
github.com/kubeedge/kubeedge/edge/pkg/metamanager/metaserver/agent/agent.go:188.2,189.13 2 1
github.com/kubeedge/kubeedge/edge/pkg/metamanager/metaserver/agent/agent.go:192.47,199.16 5 1
github.com/kubeedge/kubeedge/edge/pkg/metamanager/metaserver/agent/agent.go:199.16,202.3 2 1
github.com/kubeedge/kubeedge/edge/pkg/metamanager/metaserver/agent/agent.go:204.2,205.16 2 0
github.com/kubeedge/kubeedge/edge/pkg/metamanager/metaserver/agent/agent.go:205.16,208.3 2 0
github.com/kubeedge/kubeedge/edge/pkg/metamanager/metaserver/agent/agent.go:210.2,212.12 2 0
github.com/kubeedge/kubeedge/edge/pkg/metamanager/metaserver/agent/agent.go:215.75,217.57 2 1
github.com/kubeedge/kubeedge/edge/pkg/metamanager/metaserver/agent/agent.go:217.57,219.35 2 1
github.com/kubeedge/kubeedge/edge/pkg/metamanager/metaserver/agent/agent.go:219.35,221.4 1 1
github.com/kubeedge/kubeedge/edge/pkg/metamanager/metaserver/agent/agent.go:223.3,224.14 2 1
github.com/kubeedge/kubeedge/edge/pkg/metamanager/metaserver/agent/agent.go:227.2,227.18 1 1
github.com/kubeedge/kubeedge/edge/pkg/metamanager/metaserver/server.go:71.139,73.31 1 0
github.com/kubeedge/kubeedge/edge/pkg/metamanager/metaserver/server.go:73.31,75.3 1 0
github.com/kubeedge/kubeedge/edge/pkg/metamanager/metaserver/server.go:77.2,79.58 2 0
github.com/kubeedge/kubeedge/edge/pkg/metamanager/metaserver/server.go:79.58,81.3 1 0
github.com/kubeedge/kubeedge/edge/pkg/metamanager/metaserver/server.go:83.2,83.46 1 0
github.com/kubeedge/kubeedge/edge/pkg/metamanager/metaserver/server.go:86.34,94.73 3 0
github.com/kubeedge/kubeedge/edge/pkg/metamanager/metaserver/server.go:94.73,96.17 2 0
github.com/kubeedge/kubeedge/edge/pkg/metamanager/metaserver/server.go:96.17,99.4 2 0
github.com/kubeedge/kubeedge/edge/pkg/metamanager/metaserver/server.go:100.3,100.55 1 0
github.com/kubeedge/kubeedge/edge/pkg/metamanager/metaserver/server.go:102.2,116.59 7 0
github.com/kubeedge/kubeedge/edge/pkg/metamanager/metaserver/server.go:119.34,128.2 2 0
github.com/kubeedge/kubeedge/edge/pkg/metamanager/metaserver/server.go:130.65,138.12 4 0
github.com/kubeedge/kubeedge/edge/pkg/metamanager/metaserver/server.go:138.12,143.41 4 0
github.com/kubeedge/kubeedge/edge/pkg/metamanager/metaserver/server.go:143.41,145.4 1 0
github.com/kubeedge/kubeedge/edge/pkg/metamanager/metaserver/server.go:148.2,151.25 3 0
github.com/kubeedge/kubeedge/edge/pkg/metamanager/metaserver/server.go:154.79,156.16 2 0
github.com/kubeedge/kubeedge/edge/pkg/metamanager/metaserver/server.go:156.16,157.13 1 0
github.com/kubeedge/kubeedge/edge/pkg/metamanager/metaserver/server.go:160.2,168.12 4 0
github.com/kubeedge/kubeedge/edge/pkg/metamanager/metaserver/server.go:168.12,173.41 4 0
github.com/kubeedge/kubeedge/edge/pkg/metamanager/metaserver/server.go:173.41,175.4 1 0
github.com/kubeedge/kubeedge/edge/pkg/metamanager/metaserver/server.go:178.2,181.25 3 0
github.com/kubeedge/kubeedge/edge/pkg/metamanager/metaserver/server.go:184.55,185.76 1 0
github.com/kubeedge/kubeedge/edge/pkg/metamanager/metaserver/server.go:185.76,187.17 2 0
github.com/kubeedge/kubeedge/edge/pkg/metamanager/metaserver/server.go:187.17,188.14 1 0
github.com/kubeedge/kubeedge/edge/pkg/metamanager/metaserver/server.go:190.3,191.72 2 0
github.com/kubeedge/kubeedge/edge/pkg/metamanager/metaserver/server.go:192.8,194.3 1 0
github.com/kubeedge/kubeedge/edge/pkg/metamanager/metaserver/server.go:197.56,198.73 1 0
github.com/kubeedge/kubeedge/edge/pkg/metamanager/metaserver/server.go:198.73,203.10 3 0
github.com/kubeedge/kubeedge/edge/pkg/metamanager/metaserver/server.go:203.10,207.4 3 0
github.com/kubeedge/kubeedge/edge/pkg/metamanager/metaserver/server.go:209.3,209.32 1 0
github.com/kubeedge/kubeedge/edge/pkg/metamanager/metaserver/server.go:209.32,210.11 1 0
github.com/kubeedge/kubeedge/edge/pkg/metamanager/metaserver/server.go:211.31,212.37 1 0
github.com/kubeedge/kubeedge/edge/pkg/metamanager/metaserver/server.go:212.37,214.6 1 0
github.com/kubeedge/kubeedge/edge/pkg/metamanager/metaserver/server.go:214.11,216.6 1 0
github.com/kubeedge/kubeedge/edge/pkg/metamanager/metaserver/server.go:217.57,218.40 1 0
github.com/kubeedge/kubeedge/edge/pkg/metamanager/metaserver/server.go:219.34,220.34 1 0
github.com/kubeedge/kubeedge/edge/pkg/metamanager/metaserver/server.go:220.34,222.6 1 0
github.com/kubeedge/kubeedge/edge/pkg/metamanager/metaserver/server.go:222.11,222.48 1 0
github.com/kubeedge/kubeedge/edge/pkg/metamanager/metaserver/server.go:222.48,223.36 1 0
github.com/kubeedge/kubeedge/edge/pkg/metamanager/metaserver/server.go:223.36,225.7 1 0
github.com/kubeedge/kubeedge/edge/pkg/metamanager/metaserver/server.go:225.12,225.44 1 0
github.com/kubeedge/kubeedge/edge/pkg/metamanager/metaserver/server.go:225.44,227.7 1 0
github.com/kubeedge/kubeedge/edge/pkg/metamanager/metaserver/server.go:227.12,229.7 1 0
github.com/kubeedge/kubeedge/edge/pkg/metamanager/metaserver/server.go:230.11,230.49 1 0
github.com/kubeedge/kubeedge/edge/pkg/metamanager/metaserver/server.go:230.49,232.6 1 0
github.com/kubeedge/kubeedge/edge/pkg/metamanager/metaserver/server.go:232.11,232.45 1 0
github.com/kubeedge/kubeedge/edge/pkg/metamanager/metaserver/server.go:232.45,234.6 1 0
github.com/kubeedge/kubeedge/edge/pkg/metamanager/metaserver/server.go:234.11,236.6 1 0
github.com/kubeedge/kubeedge/edge/pkg/metamanager/metaserver/server.go:237.34,238.42 1 0
github.com/kubeedge/kubeedge/edge/pkg/metamanager/metaserver/server.go:239.34,240.49 1 0
github.com/kubeedge/kubeedge/edge/pkg/metamanager/metaserver/server.go:241.33,242.48 1 0
github.com/kubeedge/kubeedge/edge/pkg/metamanager/metaserver/server.go:243.12,245.125 2 0
github.com/kubeedge/kubeedge/edge/pkg/metamanager/metaserver/server.go:247.4,247.10 1 0
github.com/kubeedge/kubeedge/edge/pkg/metamanager/metaserver/server.go:250.3,250.64 1 0
github.com/kubeedge/kubeedge/edge/pkg/metamanager/metaserver/server.go:250.64,253.4 2 0
github.com/kubeedge/kubeedge/edge/pkg/metamanager/metaserver/server.go:255.3,256.123 2 0
github.com/kubeedge/kubeedge/edge/pkg/metamanager/metaserver/server.go:260.75,264.76 2 0
github.com/kubeedge/kubeedge/edge/pkg/metamanager/metaserver/server.go:264.76,268.3 3 0
github.com/kubeedge/kubeedge/edge/pkg/metamanager/metaserver/server.go:269.2,272.16 4 0
github.com/kubeedge/kubeedge/edge/pkg/metamanager/metaserver/server.go:275.45,277.16 2 0
github.com/kubeedge/kubeedge/edge/pkg/metamanager/metaserver/server.go:277.16,279.3 1 0
github.com/kubeedge/kubeedge/edge/pkg/metamanager/metaserver/server.go:280.2,281.16 2 0
github.com/kubeedge/kubeedge/edge/pkg/metamanager/metaserver/server.go:281.16,283.3 1 0
github.com/kubeedge/kubeedge/edge/pkg/metamanager/metaserver/server.go:285.2,290.16 2 0
github.com/kubeedge/kubeedge/edge/pkg/metamanager/metaserver/server.go:290.16,292.3 1 0
github.com/kubeedge/kubeedge/edge/pkg/metamanager/metaserver/server.go:294.2,295.16 2 0
github.com/kubeedge/kubeedge/edge/pkg/metamanager/metaserver/server.go:295.16,297.3 1 0
github.com/kubeedge/kubeedge/edge/pkg/metamanager/metaserver/server.go:299.2,301.16 3 0
github.com/kubeedge/kubeedge/edge/pkg/metamanager/metaserver/server.go:301.16,303.3 1 0
github.com/kubeedge/kubeedge/edge/pkg/metamanager/metaserver/server.go:305.2,306.12 2 0
github.com/kubeedge/kubeedge/edge/pkg/metamanager/metaserver/server.go:309.54,311.16 2 0
github.com/kubeedge/kubeedge/edge/pkg/metamanager/metaserver/server.go:311.16,313.3 1 0
github.com/kubeedge/kubeedge/edge/pkg/metamanager/metaserver/server.go:314.2,315.16 2 0
github.com/kubeedge/kubeedge/edge/pkg/metamanager/metaserver/server.go:315.16,317.3 1 0
github.com/kubeedge/kubeedge/edge/pkg/metamanager/metaserver/server.go:318.2,318.61 1 0
github.com/kubeedge/kubeedge/edge/pkg/metamanager/metaserver/server.go:321.60,323.16 2 0
github.com/kubeedge/kubeedge/edge/pkg/metamanager/metaserver/server.go:323.16,325.3 1 0
github.com/kubeedge/kubeedge/edge/pkg/metamanager/metaserver/server.go:327.2,330.9 4 0
github.com/kubeedge/kubeedge/edge/pkg/metamanager/metaserver/server.go:330.9,332.3 1 0
github.com/kubeedge/kubeedge/edge/pkg/metamanager/metaserver/server.go:334.2,338.77 1 0
github.com/kubeedge/kubeedge/edge/pkg/metamanager/metaserver/server.go:338.77,340.19 2 0
github.com/kubeedge/kubeedge/edge/pkg/metamanager/metaserver/server.go:340.19,342.5 1 0
github.com/kubeedge/kubeedge/edge/pkg/metamanager/metaserver/server.go:343.4,343.20 1 0
github.com/kubeedge/kubeedge/edge/pkg/metamanager/metaserver/server_linux.go:13.34,15.16 2 0
github.com/kubeedge/kubeedge/edge/pkg/metamanager/metaserver/server_linux.go:15.16,17.3 1 0
github.com/kubeedge/kubeedge/edge/pkg/metamanager/metaserver/server_linux.go:19.2,19.66 1 0
github.com/kubeedge/kubeedge/edge/pkg/metamanager/metaserver/server_linux.go:19.66,21.3 1 0
github.com/kubeedge/kubeedge/edge/pkg/metamanager/metaserver/server_linux.go:22.2,22.70 1 0
github.com/kubeedge/kubeedge/edge/pkg/metamanager/metaserver/server_linux.go:22.70,24.3 1 0
github.com/kubeedge/kubeedge/edge/pkg/metamanager/metaserver/server_linux.go:26.2,28.16 3 0
github.com/kubeedge/kubeedge/edge/pkg/metamanager/metaserver/server_linux.go:28.16,30.3 1 0
github.com/kubeedge/kubeedge/edge/pkg/metamanager/metaserver/server_linux.go:32.2,33.12 2 0
github.com/kubeedge/kubeedge/edge/pkg/metamanager/metaserver/auth/auth.go:28.217,30.33 2 0
github.com/kubeedge/kubeedge/edge/pkg/metamanager/metaserver/auth/auth.go:30.33,32.3 1 0
github.com/kubeedge/kubeedge/edge/pkg/metamanager/metaserver/auth/auth.go:33.2,39.3 1 0
github.com/kubeedge/kubeedge/edge/pkg/metamanager/metaserver/auth/auth.go:42.88,44.21 2 0
github.com/kubeedge/kubeedge/edge/pkg/metamanager/metaserver/auth/auth.go:44.21,46.3 1 0
github.com/kubeedge/kubeedge/edge/pkg/metamanager/metaserver/auth/auth.go:47.2,48.16 2 0
github.com/kubeedge/kubeedge/edge/pkg/metamanager/metaserver/auth/auth.go:48.16,50.3 1 0
github.com/kubeedge/kubeedge/edge/pkg/metamanager/metaserver/auth/auth.go:51.2,55.57 2 0
github.com/kubeedge/kubeedge/edge/pkg/metamanager/metaserver/auth/auth.go:55.57,57.3 1 0
github.com/kubeedge/kubeedge/edge/pkg/metamanager/metaserver/auth/auth.go:58.2,58.33 1 0
github.com/kubeedge/kubeedge/edge/pkg/metamanager/metaserver/auth/auth.go:61.144,62.36 1 0
github.com/kubeedge/kubeedge/edge/pkg/metamanager/metaserver/auth/auth.go:62.36,64.3 1 0
github.com/kubeedge/kubeedge/edge/pkg/metamanager/metaserver/auth/auth.go:65.2,67.64 3 0
github.com/kubeedge/kubeedge/edge/pkg/metamanager/metaserver/auth/auth.go:67.64,69.3 1 0
github.com/kubeedge/kubeedge/edge/pkg/metamanager/metaserver/auth/auth.go:70.2,70.22 1 0
github.com/kubeedge/kubeedge/edge/pkg/metamanager/metaserver/auth/auth.go:70.22,72.41 1 0
github.com/kubeedge/kubeedge/edge/pkg/metamanager/metaserver/auth/auth.go:72.41,74.4 1 0
github.com/kubeedge/kubeedge/edge/pkg/metamanager/metaserver/auth/auth.go:75.8,77.17 2 0
github.com/kubeedge/kubeedge/edge/pkg/metamanager/metaserver/auth/auth.go:77.17,79.4 1 0
github.com/kubeedge/kubeedge/edge/pkg/metamanager/metaserver/auth/auth.go:80.3,84.30 2 0
github.com/kubeedge/kubeedge/edge/pkg/metamanager/metaserver/auth/auth.go:84.30,85.59 1 0
github.com/kubeedge/kubeedge/edge/pkg/metamanager/metaserver/auth/auth.go:85.59,87.13 2 0
github.com/kubeedge/kubeedge/edge/pkg/metamanager/metaserver/auth/auth.go:89.4,90.9 2 0
github.com/kubeedge/kubeedge/edge/pkg/metamanager/metaserver/auth/auth.go:93.3,93.13 1 0
github.com/kubeedge/kubeedge/edge/pkg/metamanager/metaserver/auth/auth.go:93.13,95.4 1 0
github.com/kubeedge/kubeedge/edge/pkg/metamanager/metaserver/auth/auth.go:98.2,99.30 2 0
github.com/kubeedge/kubeedge/edge/pkg/metamanager/metaserver/auth/auth.go:99.30,101.3 1 0
github.com/kubeedge/kubeedge/edge/pkg/metamanager/metaserver/auth/auth.go:103.2,104.9 2 0
github.com/kubeedge/kubeedge/edge/pkg/metamanager/metaserver/auth/auth.go:104.9,107.3 1 0
github.com/kubeedge/kubeedge/edge/pkg/metamanager/metaserver/auth/auth.go:109.2,110.48 2 0
github.com/kubeedge/kubeedge/edge/pkg/metamanager/metaserver/auth/auth.go:110.48,112.3 1 0
github.com/kubeedge/kubeedge/edge/pkg/metamanager/metaserver/auth/auth.go:116.2,117.16 2 0
github.com/kubeedge/kubeedge/edge/pkg/metamanager/metaserver/auth/auth.go:117.16,119.3 1 0
github.com/kubeedge/kubeedge/edge/pkg/metamanager/metaserver/auth/auth.go:121.2,124.14 1 0
github.com/kubeedge/kubeedge/edge/pkg/metamanager/metaserver/auth/claims.go:42.108,46.2 1 0
github.com/kubeedge/kubeedge/edge/pkg/metamanager/metaserver/auth/claims.go:48.156,53.13 3 1
github.com/kubeedge/kubeedge/edge/pkg/metamanager/metaserver/auth/claims.go:54.11,54.11 0 1
github.com/kubeedge/kubeedge/edge/pkg/metamanager/metaserver/auth/claims.go:57.22,58.62 1 1
github.com/kubeedge/kubeedge/edge/pkg/metamanager/metaserver/auth/claims.go:60.26,61.67 1 1
github.com/kubeedge/kubeedge/edge/pkg/metamanager/metaserver/auth/claims.go:64.93,66.89 2 0
github.com/kubeedge/kubeedge/edge/pkg/metamanager/metaserver/auth/claims.go:68.10,70.115 2 0
github.com/kubeedge/kubeedge/edge/pkg/metamanager/metaserver/auth/claims.go:74.2,81.16 7 1
github.com/kubeedge/kubeedge/edge/pkg/metamanager/metaserver/auth/claims.go:81.16,84.3 2 1
github.com/kubeedge/kubeedge/edge/pkg/metamanager/metaserver/auth/claims.go:85.2,85.117 1 1
github.com/kubeedge/kubeedge/edge/pkg/metamanager/metaserver/auth/claims.go:85.117,88.3 2 1
github.com/kubeedge/kubeedge/edge/pkg/metamanager/metaserver/auth/claims.go:89.2,89.45 1 1
github.com/kubeedge/kubeedge/edge/pkg/metamanager/metaserver/auth/claims.go:89.45,92.3 2 1
github.com/kubeedge/kubeedge/edge/pkg/metamanager/metaserver/auth/claims.go:94.2,94.19 1 1
github.com/kubeedge/kubeedge/edge/pkg/metamanager/metaserver/auth/claims.go:94.19,97.17 2 1
github.com/kubeedge/kubeedge/edge/pkg/metamanager/metaserver/auth/claims.go:97.17,100.4 2 1
github.com/kubeedge/kubeedge/edge/pkg/metamanager/metaserver/auth/claims.go:101.3,101.102 1 1
github.com/kubeedge/kubeedge/edge/pkg/metamanager/metaserver/auth/claims.go:101.102,104.4 2 1
github.com/kubeedge/kubeedge/edge/pkg/metamanager/metaserver/auth/claims.go:105.3,105.39 1 1
github.com/kubeedge/kubeedge/edge/pkg/metamanager/metaserver/auth/claims.go:105.39,108.4 2 1
github.com/kubeedge/kubeedge/edge/pkg/metamanager/metaserver/auth/claims.go:111.2,112.19 2 1
github.com/kubeedge/kubeedge/edge/pkg/metamanager/metaserver/auth/claims.go:112.19,115.17 2 1
github.com/kubeedge/kubeedge/edge/pkg/metamanager/metaserver/auth/claims.go:115.17,118.4 2 1
github.com/kubeedge/kubeedge/edge/pkg/metamanager/metaserver/auth/claims.go:119.3,119.96 1 1
github.com/kubeedge/kubeedge/edge/pkg/metamanager/metaserver/auth/claims.go:119.96,122.4 2 1
github.com/kubeedge/kubeedge/edge/pkg/metamanager/metaserver/auth/claims.go:123.3,123.36 1 1
github.com/kubeedge/kubeedge/edge/pkg/metamanager/metaserver/auth/claims.go:123.36,126.4 2 1
github.com/kubeedge/kubeedge/edge/pkg/metamanager/metaserver/auth/claims.go:127.3,128.22 2 1
github.com/kubeedge/kubeedge/edge/pkg/metamanager/metaserver/auth/claims.go:131.2,137.8 1 1
github.com/kubeedge/kubeedge/edge/pkg/metamanager/metaserver/auth/claims.go:140.52,142.2 1 0
github.com/kubeedge/kubeedge/edge/pkg/metamanager/metaserver/auth/claims.go:144.63,146.16 2 0
github.com/kubeedge/kubeedge/edge/pkg/metamanager/metaserver/auth/claims.go:146.16,149.3 2 0
github.com/kubeedge/kubeedge/edge/pkg/metamanager/metaserver/auth/claims.go:150.2,150.44 1 0
github.com/kubeedge/kubeedge/edge/pkg/metamanager/metaserver/auth/claims.go:150.44,152.26 2 0
github.com/kubeedge/kubeedge/edge/pkg/metamanager/metaserver/auth/claims.go:152.26,153.47 1 0
github.com/kubeedge/kubeedge/edge/pkg/metamanager/metaserver/auth/claims.go:153.47,155.5 1 0
github.com/kubeedge/kubeedge/edge/pkg/metamanager/metaserver/auth/claims.go:157.3,157.13 1 0
github.com/kubeedge/kubeedge/edge/pkg/metamanager/metaserver/auth/claims.go:159.2,159.40 1 0
github.com/kubeedge/kubeedge/edge/pkg/metamanager/metaserver/auth/claims.go:159.40,162.3 2 0
github.com/kubeedge/kubeedge/edge/pkg/metamanager/metaserver/auth/claims.go:163.2,163.12 1 0
github.com/kubeedge/kubeedge/edge/pkg/metamanager/metaserver/certificate/clientset_bridge.go:37.47,39.2 1 0
github.com/kubeedge/kubeedge/edge/pkg/metamanager/metaserver/certificate/clientset_bridge.go:48.65,50.2 1 0
github.com/kubeedge/kubeedge/edge/pkg/metamanager/metaserver/certificate/manager.go:58.59,60.23 2 0
github.com/kubeedge/kubeedge/edge/pkg/metamanager/metaserver/certificate/manager.go:60.23,61.77 1 0
github.com/kubeedge/kubeedge/edge/pkg/metamanager/metaserver/certificate/manager.go:61.77,63.4 1 0
github.com/kubeedge/kubeedge/edge/pkg/metamanager/metaserver/certificate/manager.go:66.2,67.16 2 0
github.com/kubeedge/kubeedge/edge/pkg/metamanager/metaserver/certificate/manager.go:67.16,69.3 1 0
github.com/kubeedge/kubeedge/edge/pkg/metamanager/metaserver/certificate/manager.go:71.2,71.49 1 0
github.com/kubeedge/kubeedge/edge/pkg/metamanager/metaserver/certificate/manager.go:71.49,72.20 1 0
github.com/kubeedge/kubeedge/edge/pkg/metamanager/metaserver/certificate/manager.go:72.20,74.4 1 0
github.com/kubeedge/kubeedge/edge/pkg/metamanager/metaserver/certificate/manager.go:75.3,81.4 1 0
github.com/kubeedge/kubeedge/edge/pkg/metamanager/metaserver/certificate/manager.go:84.2,96.16 2 0
github.com/kubeedge/kubeedge/edge/pkg/metamanager/metaserver/certificate/manager.go:96.16,98.3 1 0
github.com/kubeedge/kubeedge/edge/pkg/metamanager/metaserver/certificate/manager.go:100.2,100.42 1 0
github.com/kubeedge/kubeedge/edge/pkg/metamanager/metaserver/certificate/manager.go:103.51,104.54 1 0
github.com/kubeedge/kubeedge/edge/pkg/metamanager/metaserver/certificate/manager.go:104.54,106.3 1 0
github.com/kubeedge/kubeedge/edge/pkg/metamanager/metaserver/certificate/manager.go:107.2,107.14 1 0
github.com/kubeedge/kubeedge/edge/pkg/metamanager/metaserver/certificate/manager.go:110.63,111.136 1 0
github.com/kubeedge/kubeedge/edge/pkg/metamanager/metaserver/certificate/manager.go:111.136,112.18 1 0
github.com/kubeedge/kubeedge/edge/pkg/metamanager/metaserver/certificate/manager.go:112.18,114.4 1 0
github.com/kubeedge/kubeedge/edge/pkg/metamanager/metaserver/certificate/manager.go:115.3,115.20 1 0
github.com/kubeedge/kubeedge/edge/pkg/metamanager/metaserver/certificate/manager.go:119.61,120.136 1 0
github.com/kubeedge/kubeedge/edge/pkg/metamanager/metaserver/certificate/manager.go:120.136,121.37 1 0
github.com/kubeedge/kubeedge/edge/pkg/metamanager/metaserver/certificate/manager.go:121.37,123.4 1 0
github.com/kubeedge/kubeedge/edge/pkg/metamanager/metaserver/certificate/manager.go:124.3,125.17 2 0
github.com/kubeedge/kubeedge/edge/pkg/metamanager/metaserver/certificate/manager.go:125.17,128.4 2 0
github.com/kubeedge/kubeedge/edge/pkg/metamanager/metaserver/certificate/manager.go:129.3,129.19 1 0
github.com/kubeedge/kubeedge/edge/pkg/metamanager/metaserver/certificate/manager.go:133.65,136.16 3 0
github.com/kubeedge/kubeedge/edge/pkg/metamanager/metaserver/certificate/manager.go:136.16,138.3 1 0
github.com/kubeedge/kubeedge/edge/pkg/metamanager/metaserver/certificate/manager.go:140.2,141.34 2 0
github.com/kubeedge/kubeedge/edge/pkg/metamanager/metaserver/certificate/manager.go:141.34,143.3 1 0
github.com/kubeedge/kubeedge/edge/pkg/metamanager/metaserver/certificate/manager.go:145.2,145.90 1 0
github.com/kubeedge/kubeedge/edge/pkg/metamanager/metaserver/certificate/manager.go:145.90,147.3 1 0
github.com/kubeedge/kubeedge/edge/pkg/metamanager/metaserver/certificate/manager.go:148.2,148.12 1 0
github.com/kubeedge/kubeedge/edge/pkg/metamanager/metaserver/certificate/certificates/v1/certificates_client.go:38.98,40.2 1 0
github.com/kubeedge/kubeedge/edge/pkg/metamanager/metaserver/certificate/certificates/v1/certificatesigningrequest.go:42.201,44.2 1 0
github.com/kubeedge/kubeedge/edge/pkg/metamanager/metaserver/certificate/certificates/v1/certificatesigningrequest.go:46.151,48.2 1 0
github.com/kubeedge/kubeedge/edge/pkg/metamanager/metaserver/config/config.go:18.44,19.17 1 0
github.com/kubeedge/kubeedge/edge/pkg/metamanager/metaserver/config/config.go:19.17,25.100 2 0
github.com/kubeedge/kubeedge/edge/pkg/metamanager/metaserver/config/config.go:25.100,27.4 1 0
github.com/kubeedge/kubeedge/edge/pkg/metamanager/metaserver/kubernetes/serializer/serializer.go:13.61,18.2 1 1
github.com/kubeedge/kubeedge/edge/pkg/metamanager/metaserver/kubernetes/serializer/serializer.go:25.87,49.2 1 1
github.com/kubeedge/kubeedge/edge/pkg/metamanager/metaserver/kubernetes/serializer/serializer.go:52.129,58.2 2 1
github.com/kubeedge/kubeedge/edge/pkg/metamanager/metaserver/kubernetes/serializer/serializer.go:61.127,63.2 1 1
github.com/kubeedge/kubeedge/edge/pkg/metamanager/metaserver/kubernetes/serializer/serializer.go:71.61,73.2 1 1
github.com/kubeedge/kubeedge/edge/pkg/metamanager/metaserver/kubernetes/serializer/serializer.go:75.75,76.55 1 1
github.com/kubeedge/kubeedge/edge/pkg/metamanager/metaserver/kubernetes/serializer/serializer.go:76.55,79.3 2 1
github.com/kubeedge/kubeedge/edge/pkg/metamanager/metaserver/kubernetes/serializer/serializer.go:80.2,80.33 1 1
github.com/kubeedge/kubeedge/edge/pkg/metamanager/metaserver/kubernetes/serializer/serializer.go:88.152,90.30 2 1
github.com/kubeedge/kubeedge/edge/pkg/metamanager/metaserver/kubernetes/serializer/serializer.go:90.30,92.3 1 0
github.com/kubeedge/kubeedge/edge/pkg/metamanager/metaserver/kubernetes/serializer/serializer.go:93.2,93.22 1 1
github.com/kubeedge/kubeedge/edge/pkg/metamanager/metaserver/kubernetes/serializer/serializer.go:101.130,103.2 1 1
github.com/kubeedge/kubeedge/edge/pkg/metamanager/metaserver/kubernetes/serializer/serializer.go:104.54,106.2 1 1
github.com/kubeedge/kubeedge/edge/pkg/metamanager/metaserver/kubernetes/serializer/serializer.go:108.85,113.2 2 1
github.com/kubeedge/kubeedge/edge/pkg/metamanager/metaserver/kubernetes/fakers/admission.go:16.113,18.2 1 0
github.com/kubeedge/kubeedge/edge/pkg/metamanager/metaserver/kubernetes/fakers/admission.go:21.116,23.2 1 0
github.com/kubeedge/kubeedge/edge/pkg/metamanager/metaserver/kubernetes/fakers/admission.go:27.64,29.2 1 0
github.com/kubeedge/kubeedge/edge/pkg/metamanager/metaserver/kubernetes/fakers/admission.go:32.43,34.2 1 0
github.com/kubeedge/kubeedge/edge/pkg/metamanager/metaserver/kubernetes/fakers/authorizer.go:8.55,10.2 1 0
github.com/kubeedge/kubeedge/edge/pkg/metamanager/metaserver/kubernetes/fakers/convertor.go:13.75,15.2 1 1
github.com/kubeedge/kubeedge/edge/pkg/metamanager/metaserver/kubernetes/fakers/convertor.go:17.117,19.2 1 1
github.com/kubeedge/kubeedge/edge/pkg/metamanager/metaserver/kubernetes/fakers/convertor.go:21.121,23.2 1 1
github.com/kubeedge/kubeedge/edge/pkg/metamanager/metaserver/kubernetes/fakers/convertor.go:25.55,27.2 1 1
github.com/kubeedge/kubeedge/edge/pkg/metamanager/metaserver/kubernetes/fakers/defaulter.go:10.59,10.60 0 0
github.com/kubeedge/kubeedge/edge/pkg/metamanager/metaserver/kubernetes/fakers/defaulter.go:12.55,14.2 1 0
github.com/kubeedge/kubeedge/edge/pkg/metamanager/metaserver/kubernetes/scope/scope.go:22.47,24.16 2 1
github.com/kubeedge/kubeedge/edge/pkg/metamanager/metaserver/kubernetes/scope/scope.go:24.16,27.3 2 0
github.com/kubeedge/kubeedge/edge/pkg/metamanager/metaserver/kubernetes/scope/scope.go:28.2,38.16 2 1
github.com/kubeedge/kubeedge/edge/pkg/metamanager/metaserver/kubernetes/scope/scope.go:38.16,41.3 2 0
github.com/kubeedge/kubeedge/edge/pkg/metamanager/metaserver/kubernetes/scope/scope.go:43.2,79.22 2 1
github.com/kubeedge/kubeedge/edge/pkg/servicebus/util/httpclient.go:34.123,37.20 2 1
github.com/kubeedge/kubeedge/edge/pkg/servicebus/util/httpclient.go:37.20,39.3 1 1
github.com/kubeedge/kubeedge/edge/pkg/servicebus/util/httpclient.go:41.2,41.37 1 1
github.com/kubeedge/kubeedge/edge/pkg/servicebus/util/httpclient.go:41.37,43.3 1 1
github.com/kubeedge/kubeedge/edge/pkg/servicebus/util/httpclient.go:44.2,44.75 1 1
github.com/kubeedge/kubeedge/edge/pkg/servicebus/util/httpclient.go:44.75,46.3 1 1
github.com/kubeedge/kubeedge/edge/pkg/servicebus/util/httpclient.go:48.2,49.16 2 1
github.com/kubeedge/kubeedge/edge/pkg/servicebus/util/httpclient.go:49.16,51.3 1 1
github.com/kubeedge/kubeedge/edge/pkg/servicebus/util/httpclient.go:52.2,56.24 3 1
github.com/kubeedge/kubeedge/edge/pkg/servicebus/util/httpclient.go:56.24,57.41 1 1
github.com/kubeedge/kubeedge/edge/pkg/servicebus/util/httpclient.go:57.41,59.4 1 1
github.com/kubeedge/kubeedge/edge/pkg/servicebus/util/httpclient.go:61.2,62.16 2 1
github.com/kubeedge/kubeedge/edge/pkg/servicebus/util/httpclient.go:62.16,64.3 1 0
github.com/kubeedge/kubeedge/edge/pkg/servicebus/util/httpclient.go:66.2,66.18 1 1
github.com/kubeedge/kubeedge/edge/pkg/servicebus/util/httpclient.go:69.59,70.33 1 1
github.com/kubeedge/kubeedge/edge/pkg/servicebus/util/httpclient.go:70.33,71.69 1 1
github.com/kubeedge/kubeedge/edge/pkg/servicebus/util/httpclient.go:71.69,73.4 1 1
github.com/kubeedge/kubeedge/edge/pkg/servicebus/util/httpclient.go:85.75,86.19 1 1
github.com/kubeedge/kubeedge/edge/pkg/servicebus/util/httpclient.go:86.19,88.3 1 1
github.com/kubeedge/kubeedge/edge/pkg/servicebus/util/httpclient.go:88.8,89.10 1 1
github.com/kubeedge/kubeedge/edge/pkg/servicebus/util/httpclient.go:90.37,92.15 2 1
github.com/kubeedge/kubeedge/edge/pkg/servicebus/util/httpclient.go:93.42,94.74 1 1
github.com/kubeedge/kubeedge/edge/pkg/servicebus/util/httpclient.go:98.2,98.24 1 1
github.com/kubeedge/kubeedge/edge/pkg/servicebus/util/httpclient.go:98.24,111.3 2 1
github.com/kubeedge/kubeedge/edge/pkg/servicebus/util/httpclient.go:113.2,124.8 2 1
github.com/kubeedge/kubeedge/edge/pkg/metamanager/metaserver/kubernetes/storage/storage.go:49.78,52.2 2 0
github.com/kubeedge/kubeedge/edge/pkg/metamanager/metaserver/kubernetes/storage/storage.go:55.31,57.51 1 0
github.com/kubeedge/kubeedge/edge/pkg/metamanager/metaserver/kubernetes/storage/storage.go:57.51,57.90 1 0
github.com/kubeedge/kubeedge/edge/pkg/metamanager/metaserver/kubernetes/storage/storage.go:58.51,58.94 1 0
github.com/kubeedge/kubeedge/edge/pkg/metamanager/metaserver/kubernetes/storage/storage.go:72.2,72.102 1 0
github.com/kubeedge/kubeedge/edge/pkg/metamanager/metaserver/kubernetes/storage/storage.go:72.102,78.3 1 0
github.com/kubeedge/kubeedge/edge/pkg/metamanager/metaserver/kubernetes/storage/storage.go:80.2,83.46 3 0
github.com/kubeedge/kubeedge/edge/pkg/metamanager/metaserver/kubernetes/storage/storage.go:87.61,89.59 2 0
github.com/kubeedge/kubeedge/edge/pkg/metamanager/metaserver/kubernetes/storage/storage.go:89.59,96.3 2 0
github.com/kubeedge/kubeedge/edge/pkg/metamanager/metaserver/kubernetes/storage/storage.go:99.103,102.45 2 0
github.com/kubeedge/kubeedge/edge/pkg/metamanager/metaserver/kubernetes/storage/storage.go:102.45,104.17 2 0
github.com/kubeedge/kubeedge/edge/pkg/metamanager/metaserver/kubernetes/storage/storage.go:104.17,107.4 2 0
github.com/kubeedge/kubeedge/edge/pkg/metamanager/metaserver/kubernetes/storage/storage.go:108.3,110.17 3 0
github.com/kubeedge/kubeedge/edge/pkg/metamanager/metaserver/kubernetes/storage/storage.go:110.17,113.4 2 0
github.com/kubeedge/kubeedge/edge/pkg/metamanager/metaserver/kubernetes/storage/storage.go:114.3,116.17 3 0
github.com/kubeedge/kubeedge/edge/pkg/metamanager/metaserver/kubernetes/storage/storage.go:116.17,118.4 1 0
github.com/kubeedge/kubeedge/edge/pkg/metamanager/metaserver/kubernetes/storage/storage.go:120.3,120.89 1 0
github.com/kubeedge/kubeedge/edge/pkg/metamanager/metaserver/kubernetes/storage/storage.go:120.89,122.4 1 0
github.com/kubeedge/kubeedge/edge/pkg/metamanager/metaserver/kubernetes/storage/storage.go:123.3,124.18 2 0
github.com/kubeedge/kubeedge/edge/pkg/metamanager/metaserver/kubernetes/storage/storage.go:128.2,128.16 1 0
github.com/kubeedge/kubeedge/edge/pkg/metamanager/metaserver/kubernetes/storage/storage.go:128.16,130.17 2 0
github.com/kubeedge/kubeedge/edge/pkg/metamanager/metaserver/kubernetes/storage/storage.go:130.17,132.4 1 0
github.com/kubeedge/kubeedge/edge/pkg/metamanager/metaserver/kubernetes/storage/storage.go:133.3,133.95 1 0
github.com/kubeedge/kubeedge/edge/pkg/metamanager/metaserver/kubernetes/storage/storage.go:135.2,135.17 1 0
github.com/kubeedge/kubeedge/edge/pkg/metamanager/metaserver/kubernetes/storage/storage.go:142.93,144.38 2 1
github.com/kubeedge/kubeedge/edge/pkg/metamanager/metaserver/kubernetes/storage/storage.go:144.38,146.17 2 1
github.com/kubeedge/kubeedge/edge/pkg/metamanager/metaserver/kubernetes/storage/storage.go:146.17,149.4 2 1
github.com/kubeedge/kubeedge/edge/pkg/metamanager/metaserver/kubernetes/storage/storage.go:150.3,152.17 3 1
github.com/kubeedge/kubeedge/edge/pkg/metamanager/metaserver/kubernetes/storage/storage.go:152.17,155.4 2 1
github.com/kubeedge/kubeedge/edge/pkg/metamanager/metaserver/kubernetes/storage/storage.go:157.3,158.17 2 1
github.com/kubeedge/kubeedge/edge/pkg/metamanager/metaserver/kubernetes/storage/storage.go:158.17,160.4 1 1
github.com/kubeedge/kubeedge/edge/pkg/metamanager/metaserver/kubernetes/storage/storage.go:161.3,161.27 1 1
github.com/kubeedge/kubeedge/edge/pkg/metamanager/metaserver/kubernetes/storage/storage.go:163.2,163.16 1 1
github.com/kubeedge/kubeedge/edge/pkg/metamanager/metaserver/kubernetes/storage/storage.go:163.16,165.17 2 1
github.com/kubeedge/kubeedge/edge/pkg/metamanager/metaserver/kubernetes/storage/storage.go:165.17,168.4 2 1
github.com/kubeedge/kubeedge/edge/pkg/metamanager/metaserver/kubernetes/storage/storage.go:169.3,169.95 1 1
github.com/kubeedge/kubeedge/edge/pkg/metamanager/metaserver/kubernetes/storage/storage.go:172.2,173.18 2 1
github.com/kubeedge/kubeedge/edge/pkg/metamanager/metaserver/kubernetes/storage/storage.go:176.108,179.46 2 0
github.com/kubeedge/kubeedge/edge/pkg/metamanager/metaserver/kubernetes/storage/storage.go:179.46,181.17 2 0
github.com/kubeedge/kubeedge/edge/pkg/metamanager/metaserver/kubernetes/storage/storage.go:181.17,184.4 2 0
github.com/kubeedge/kubeedge/edge/pkg/metamanager/metaserver/kubernetes/storage/storage.go:185.3,187.17 3 0
github.com/kubeedge/kubeedge/edge/pkg/metamanager/metaserver/kubernetes/storage/storage.go:187.17,190.4 2 0
github.com/kubeedge/kubeedge/edge/pkg/metamanager/metaserver/kubernetes/storage/storage.go:191.3,193.17 3 0
github.com/kubeedge/kubeedge/edge/pkg/metamanager/metaserver/kubernetes/storage/storage.go:193.17,195.4 1 0
github.com/kubeedge/kubeedge/edge/pkg/metamanager/metaserver/kubernetes/storage/storage.go:197.3,198.19 2 0
github.com/kubeedge/kubeedge/edge/pkg/metamanager/metaserver/kubernetes/storage/storage.go:202.2,202.16 1 0
github.com/kubeedge/kubeedge/edge/pkg/metamanager/metaserver/kubernetes/storage/storage.go:202.16,204.17 2 0
github.com/kubeedge/kubeedge/edge/pkg/metamanager/metaserver/kubernetes/storage/storage.go:204.17,206.4 1 0
github.com/kubeedge/kubeedge/edge/pkg/metamanager/metaserver/kubernetes/storage/storage.go:207.3,207.96 1 0
github.com/kubeedge/kubeedge/edge/pkg/metamanager/metaserver/kubernetes/storage/storage.go:210.2,211.18 2 0
github.com/kubeedge/kubeedge/edge/pkg/metamanager/metaserver/kubernetes/storage/storage.go:214.110,218.43 2 0
github.com/kubeedge/kubeedge/edge/pkg/metamanager/metaserver/kubernetes/storage/storage.go:218.43,220.17 2 0
github.com/kubeedge/kubeedge/edge/pkg/metamanager/metaserver/kubernetes/storage/storage.go:220.17,223.4 2 0
github.com/kubeedge/kubeedge/edge/pkg/metamanager/metaserver/kubernetes/storage/storage.go:224.3,226.17 2 0
github.com/kubeedge/kubeedge/edge/pkg/metamanager/metaserver/kubernetes/storage/storage.go:226.17,230.4 3 0
github.com/kubeedge/kubeedge/edge/pkg/metamanager/metaserver/kubernetes/storage/storage.go:232.3,234.18 3 0
github.com/kubeedge/kubeedge/edge/pkg/metamanager/metaserver/kubernetes/storage/storage.go:238.2,238.16 1 0
github.com/kubeedge/kubeedge/edge/pkg/metamanager/metaserver/kubernetes/storage/storage.go:238.16,240.3 1 0
github.com/kubeedge/kubeedge/edge/pkg/metamanager/metaserver/kubernetes/storage/storage.go:242.2,242.36 1 0
github.com/kubeedge/kubeedge/edge/pkg/metamanager/metaserver/kubernetes/storage/storage.go:245.146,246.45 1 0
github.com/kubeedge/kubeedge/edge/pkg/metamanager/metaserver/kubernetes/storage/storage.go:246.45,248.17 2 0
github.com/kubeedge/kubeedge/edge/pkg/metamanager/metaserver/kubernetes/storage/storage.go:248.17,251.4 2 0
github.com/kubeedge/kubeedge/edge/pkg/metamanager/metaserver/kubernetes/storage/storage.go:252.3,254.17 3 0
github.com/kubeedge/kubeedge/edge/pkg/metamanager/metaserver/kubernetes/storage/storage.go:254.17,257.4 2 0
github.com/kubeedge/kubeedge/edge/pkg/metamanager/metaserver/kubernetes/storage/storage.go:259.3,260.62 2 0
github.com/kubeedge/kubeedge/edge/pkg/metamanager/metaserver/kubernetes/storage/storage.go:260.62,262.4 1 0
github.com/kubeedge/kubeedge/edge/pkg/metamanager/metaserver/kubernetes/storage/storage.go:263.3,263.21 1 0
github.com/kubeedge/kubeedge/edge/pkg/metamanager/metaserver/kubernetes/storage/storage.go:266.2,266.16 1 0
github.com/kubeedge/kubeedge/edge/pkg/metamanager/metaserver/kubernetes/storage/storage.go:266.16,269.3 2 0
github.com/kubeedge/kubeedge/edge/pkg/metamanager/metaserver/kubernetes/storage/storage.go:271.2,272.17 2 0
github.com/kubeedge/kubeedge/edge/pkg/metamanager/metaserver/kubernetes/storage/storage.go:275.142,278.16 3 0
github.com/kubeedge/kubeedge/edge/pkg/metamanager/metaserver/kubernetes/storage/storage.go:278.16,281.3 2 0
github.com/kubeedge/kubeedge/edge/pkg/metamanager/metaserver/kubernetes/storage/storage.go:282.2,284.16 3 0
github.com/kubeedge/kubeedge/edge/pkg/metamanager/metaserver/kubernetes/storage/storage.go:284.16,287.3 2 0
github.com/kubeedge/kubeedge/edge/pkg/metamanager/metaserver/kubernetes/storage/storage.go:288.2,289.23 2 0
github.com/kubeedge/kubeedge/edge/pkg/metamanager/metaserver/kubernetes/storage/storage.go:292.215,294.16 2 0
github.com/kubeedge/kubeedge/edge/pkg/metamanager/metaserver/kubernetes/storage/storage.go:294.16,296.3 1 0
github.com/kubeedge/kubeedge/edge/pkg/metamanager/metaserver/kubernetes/storage/storage.go:298.2,300.37 3 0
github.com/kubeedge/kubeedge/edge/pkg/metamanager/metaserver/kubernetes/storage/storage.go:300.37,302.3 1 0
github.com/kubeedge/kubeedge/edge/pkg/metamanager/metaserver/kubernetes/storage/storage.go:302.8,304.3 1 0
github.com/kubeedge/kubeedge/edge/pkg/metamanager/metaserver/kubernetes/storage/storage.go:305.2,305.16 1 0
github.com/kubeedge/kubeedge/edge/pkg/metamanager/metaserver/kubernetes/storage/storage.go:305.16,308.3 2 0
github.com/kubeedge/kubeedge/edge/pkg/metamanager/metaserver/kubernetes/storage/storage.go:309.2,310.43 2 0
github.com/kubeedge/kubeedge/edge/pkg/metamanager/metaserver/kubernetes/storage/storage.go:310.43,312.3 1 0
github.com/kubeedge/kubeedge/edge/pkg/metamanager/metaserver/kubernetes/storage/storage.go:313.2,314.61 2 0
github.com/kubeedge/kubeedge/edge/pkg/metamanager/metaserver/kubernetes/storage/storage.go:314.61,316.3 1 0
github.com/kubeedge/kubeedge/edge/pkg/metamanager/metaserver/kubernetes/storage/storage.go:317.2,317.27 1 0
github.com/kubeedge/kubeedge/edge/pkg/metamanager/metaserver/kubernetes/storage/storage.go:320.92,322.16 2 0
github.com/kubeedge/kubeedge/edge/pkg/metamanager/metaserver/kubernetes/storage/storage.go:322.16,325.3 2 0
github.com/kubeedge/kubeedge/edge/pkg/metamanager/metaserver/kubernetes/storage/storage.go:326.2,327.43 2 0
github.com/kubeedge/kubeedge/edge/pkg/metamanager/metaserver/kubernetes/storage/storage.go:327.43,329.3 1 0
github.com/kubeedge/kubeedge/edge/pkg/metamanager/metaserver/kubernetes/storage/storage.go:330.2,331.61 2 0
github.com/kubeedge/kubeedge/edge/pkg/metamanager/metaserver/kubernetes/storage/storage.go:331.61,333.3 1 0
github.com/kubeedge/kubeedge/edge/pkg/metamanager/metaserver/kubernetes/storage/storage.go:334.2,334.20 1 0
github.com/kubeedge/kubeedge/edge/pkg/metamanager/metaserver/kubernetes/storage/storage.go:337.100,348.16 7 0
github.com/kubeedge/kubeedge/edge/pkg/metamanager/metaserver/kubernetes/storage/storage.go:348.16,353.3 4 0
github.com/kubeedge/kubeedge/edge/pkg/metamanager/metaserver/kubernetes/storage/storage.go:354.2,354.35 1 0
github.com/kubeedge/kubeedge/edge/pkg/metamanager/metaserver/kubernetes/storage/storage.go:354.35,364.17 4 0
github.com/kubeedge/kubeedge/edge/pkg/metamanager/metaserver/kubernetes/storage/storage.go:364.17,368.12 4 0
github.com/kubeedge/kubeedge/edge/pkg/metamanager/metaserver/kubernetes/storage/storage.go:371.3,371.27 1 0
github.com/kubeedge/kubeedge/edge/pkg/metamanager/metaserver/kubernetes/storage/storage.go:371.27,375.12 4 0
github.com/kubeedge/kubeedge/edge/pkg/metamanager/metaserver/kubernetes/storage/storage.go:378.3,380.40 3 0
github.com/kubeedge/kubeedge/edge/pkg/metamanager/metaserver/kubernetes/storage/storage.go:380.40,383.18 3 0
github.com/kubeedge/kubeedge/edge/pkg/metamanager/metaserver/kubernetes/storage/storage.go:383.18,385.5 1 0
github.com/kubeedge/kubeedge/edge/pkg/metamanager/metaserver/kubernetes/storage/storage.go:385.10,387.5 1 0
github.com/kubeedge/kubeedge/edge/pkg/metamanager/metaserver/kubernetes/storage/storage.go:390.3,390.31 1 0
github.com/kubeedge/kubeedge/edge/pkg/metamanager/metaserver/kubernetes/storage/storage.go:390.31,394.4 3 0
github.com/kubeedge/kubeedge/edge/pkg/metamanager/metaserver/kubernetes/storage/storage.go:394.9,397.4 2 0
github.com/kubeedge/kubeedge/edge/pkg/metamanager/metaserver/kubernetes/storage/storage.go:399.2,399.24 1 0
github.com/kubeedge/kubeedge/edge/pkg/metamanager/metaserver/kubernetes/storage/storage.go:403.106,412.33 4 1
github.com/kubeedge/kubeedge/edge/pkg/metamanager/metaserver/kubernetes/storage/storage.go:412.33,417.3 4 0
github.com/kubeedge/kubeedge/edge/pkg/metamanager/metaserver/kubernetes/storage/storage.go:419.2,422.16 4 1
github.com/kubeedge/kubeedge/edge/pkg/metamanager/metaserver/kubernetes/storage/storage.go:422.16,427.3 4 1
github.com/kubeedge/kubeedge/edge/pkg/metamanager/metaserver/kubernetes/storage/storage.go:429.2,439.16 4 1
github.com/kubeedge/kubeedge/edge/pkg/metamanager/metaserver/kubernetes/storage/storage.go:439.16,444.3 4 1
github.com/kubeedge/kubeedge/edge/pkg/metamanager/metaserver/kubernetes/storage/storage.go:446.2,446.26 1 1
github.com/kubeedge/kubeedge/edge/pkg/metamanager/metaserver/kubernetes/storage/storage.go:446.26,451.3 4 1
github.com/kubeedge/kubeedge/edge/pkg/metamanager/metaserver/kubernetes/storage/storage.go:453.2,455.34 2 1
github.com/kubeedge/kubeedge/edge/pkg/metamanager/metaserver/kubernetes/storage/storage.go:455.34,456.32 1 0
github.com/kubeedge/kubeedge/edge/pkg/metamanager/metaserver/kubernetes/storage/storage.go:456.32,457.49 1 0
github.com/kubeedge/kubeedge/edge/pkg/metamanager/metaserver/kubernetes/storage/storage.go:457.49,459.10 2 0
github.com/kubeedge/kubeedge/edge/pkg/metamanager/metaserver/kubernetes/storage/storage.go:462.8,464.3 1 1
github.com/kubeedge/kubeedge/edge/pkg/metamanager/metaserver/kubernetes/storage/storage.go:466.2,468.16 3 1
github.com/kubeedge/kubeedge/edge/pkg/metamanager/metaserver/kubernetes/storage/storage.go:468.16,472.3 3 1
github.com/kubeedge/kubeedge/edge/pkg/metamanager/metaserver/kubernetes/storage/storage.go:474.2,474.26 1 1
github.com/kubeedge/kubeedge/edge/pkg/metamanager/metaserver/kubernetes/storage/storage.go:479.104,495.33 10 1
github.com/kubeedge/kubeedge/edge/pkg/metamanager/metaserver/kubernetes/storage/storage.go:495.33,500.3 4 0
github.com/kubeedge/kubeedge/edge/pkg/metamanager/metaserver/kubernetes/storage/storage.go:502.2,502.21 1 1
github.com/kubeedge/kubeedge/edge/pkg/metamanager/metaserver/kubernetes/storage/storage.go:502.21,507.3 4 1
github.com/kubeedge/kubeedge/edge/pkg/metamanager/metaserver/kubernetes/storage/storage.go:509.2,512.16 4 1
github.com/kubeedge/kubeedge/edge/pkg/metamanager/metaserver/kubernetes/storage/storage.go:512.16,517.3 4 1
github.com/kubeedge/kubeedge/edge/pkg/metamanager/metaserver/kubernetes/storage/storage.go:519.2,529.16 4 1
github.com/kubeedge/kubeedge/edge/pkg/metamanager/metaserver/kubernetes/storage/storage.go:529.16,534.3 4 1
github.com/kubeedge/kubeedge/edge/pkg/metamanager/metaserver/kubernetes/storage/storage.go:536.2,536.26 1 1
github.com/kubeedge/kubeedge/edge/pkg/metamanager/metaserver/kubernetes/storage/storage.go:536.26,541.3 4 0
github.com/kubeedge/kubeedge/edge/pkg/metamanager/metaserver/kubernetes/storage/storage.go:543.2,546.21 3 1
github.com/kubeedge/kubeedge/edge/pkg/metamanager/metaserver/kubernetes/storage/storage.go:546.21,547.26 1 0
github.com/kubeedge/kubeedge/edge/pkg/metamanager/metaserver/kubernetes/storage/storage.go:547.26,552.4 4 0
github.com/kubeedge/kubeedge/edge/pkg/metamanager/metaserver/kubernetes/storage/storage.go:553.3,554.37 2 0
github.com/kubeedge/kubeedge/edge/pkg/metamanager/metaserver/kubernetes/storage/storage.go:555.8,556.32 1 1
github.com/kubeedge/kubeedge/edge/pkg/metamanager/metaserver/kubernetes/storage/storage.go:556.32,557.36 1 1
github.com/kubeedge/kubeedge/edge/pkg/metamanager/metaserver/kubernetes/storage/storage.go:557.36,560.10 3 1
github.com/kubeedge/kubeedge/edge/pkg/metamanager/metaserver/kubernetes/storage/storage.go:563.3,563.27 1 1
github.com/kubeedge/kubeedge/edge/pkg/metamanager/metaserver/kubernetes/storage/storage.go:563.27,568.4 4 0
github.com/kubeedge/kubeedge/edge/pkg/metamanager/metaserver/kubernetes/storage/storage.go:571.2,571.10 1 1
github.com/kubeedge/kubeedge/edge/pkg/metamanager/metaserver/kubernetes/storage/storage.go:571.10,573.17 2 1
github.com/kubeedge/kubeedge/edge/pkg/metamanager/metaserver/kubernetes/storage/storage.go:573.17,578.4 4 1
github.com/kubeedge/kubeedge/edge/pkg/metamanager/metaserver/kubernetes/storage/storage.go:580.3,583.22 3 1
github.com/kubeedge/kubeedge/edge/pkg/metamanager/metaserver/kubernetes/storage/storage.go:583.22,587.4 3 1
github.com/kubeedge/kubeedge/edge/pkg/metamanager/metaserver/kubernetes/storage/storage.go:588.8,597.17 2 1
github.com/kubeedge/kubeedge/edge/pkg/metamanager/metaserver/kubernetes/storage/storage.go:597.17,602.4 4 1
github.com/kubeedge/kubeedge/edge/pkg/metamanager/metaserver/kubernetes/storage/storage.go:604.3,605.17 2 1
github.com/kubeedge/kubeedge/edge/pkg/metamanager/metaserver/kubernetes/storage/storage.go:605.17,610.4 4 1
github.com/kubeedge/kubeedge/edge/pkg/metamanager/metaserver/kubernetes/storage/storage.go:612.3,613.31 2 1
github.com/kubeedge/kubeedge/edge/pkg/metamanager/metaserver/kubernetes/storage/storage.go:615.2,615.26 1 0
github.com/kubeedge/kubeedge/edge/pkg/metamanager/metaserver/kubernetes/storage/sqlite/store.go:38.47,40.2 1 0
github.com/kubeedge/kubeedge/edge/pkg/metamanager/metaserver/kubernetes/storage/sqlite/store.go:42.95,43.36 1 0
github.com/kubeedge/kubeedge/edge/pkg/metamanager/metaserver/kubernetes/storage/sqlite/store.go:47.118,48.36 1 0
github.com/kubeedge/kubeedge/edge/pkg/metamanager/metaserver/kubernetes/storage/sqlite/store.go:51.107,53.2 1 0
github.com/kubeedge/kubeedge/edge/pkg/metamanager/metaserver/kubernetes/storage/sqlite/store.go:55.123,57.16 2 0
github.com/kubeedge/kubeedge/edge/pkg/metamanager/metaserver/kubernetes/storage/sqlite/store.go:57.16,59.3 1 0
github.com/kubeedge/kubeedge/edge/pkg/metamanager/metaserver/kubernetes/storage/sqlite/store.go:60.2,60.73 1 0
github.com/kubeedge/kubeedge/edge/pkg/metamanager/metaserver/kubernetes/storage/sqlite/store.go:63.105,65.39 2 0
github.com/kubeedge/kubeedge/edge/pkg/metamanager/metaserver/kubernetes/storage/sqlite/store.go:65.39,68.3 2 0
github.com/kubeedge/kubeedge/edge/pkg/metamanager/metaserver/kubernetes/storage/sqlite/store.go:69.2,70.91 2 0
github.com/kubeedge/kubeedge/edge/pkg/metamanager/metaserver/kubernetes/storage/sqlite/store.go:70.91,72.3 1 0
github.com/kubeedge/kubeedge/edge/pkg/metamanager/metaserver/kubernetes/storage/sqlite/store.go:74.2,74.33 1 0
github.com/kubeedge/kubeedge/edge/pkg/metamanager/metaserver/kubernetes/storage/sqlite/store.go:74.33,75.88 1 0
github.com/kubeedge/kubeedge/edge/pkg/metamanager/metaserver/kubernetes/storage/sqlite/store.go:75.88,77.4 1 0
github.com/kubeedge/kubeedge/edge/pkg/metamanager/metaserver/kubernetes/storage/sqlite/store.go:79.2,79.12 1 0
github.com/kubeedge/kubeedge/edge/pkg/metamanager/metaserver/kubernetes/storage/sqlite/store.go:82.114,85.16 3 0
github.com/kubeedge/kubeedge/edge/pkg/metamanager/metaserver/kubernetes/storage/sqlite/store.go:85.16,87.3 1 0
github.com/kubeedge/kubeedge/edge/pkg/metamanager/metaserver/kubernetes/storage/sqlite/store.go:88.2,89.45 2 0
github.com/kubeedge/kubeedge/edge/pkg/metamanager/metaserver/kubernetes/storage/sqlite/store.go:89.45,91.3 1 0
github.com/kubeedge/kubeedge/edge/pkg/metamanager/metaserver/kubernetes/storage/sqlite/store.go:93.2,95.39 2 0
github.com/kubeedge/kubeedge/edge/pkg/metamanager/metaserver/kubernetes/storage/sqlite/store.go:95.39,98.3 2 0
github.com/kubeedge/kubeedge/edge/pkg/metamanager/metaserver/kubernetes/storage/sqlite/store.go:99.2,100.30 2 0
github.com/kubeedge/kubeedge/edge/pkg/metamanager/metaserver/kubernetes/storage/sqlite/store.go:100.30,103.17 3 0
github.com/kubeedge/kubeedge/edge/pkg/metamanager/metaserver/kubernetes/storage/sqlite/store.go:103.17,105.4 1 0
github.com/kubeedge/kubeedge/edge/pkg/metamanager/metaserver/kubernetes/storage/sqlite/store.go:107.3,107.34 1 0
github.com/kubeedge/kubeedge/edge/pkg/metamanager/metaserver/kubernetes/storage/sqlite/store.go:107.34,108.90 1 0
github.com/kubeedge/kubeedge/edge/pkg/metamanager/metaserver/kubernetes/storage/sqlite/store.go:108.90,110.5 1 0
github.com/kubeedge/kubeedge/edge/pkg/metamanager/metaserver/kubernetes/storage/sqlite/store.go:113.3,114.46 2 0
github.com/kubeedge/kubeedge/edge/pkg/metamanager/metaserver/kubernetes/storage/sqlite/store.go:114.46,115.12 1 0
github.com/kubeedge/kubeedge/edge/pkg/metamanager/metaserver/kubernetes/storage/sqlite/store.go:119.3,123.46 2 0
github.com/kubeedge/kubeedge/edge/pkg/metamanager/metaserver/kubernetes/storage/sqlite/store.go:123.46,124.12 1 0
github.com/kubeedge/kubeedge/edge/pkg/metamanager/metaserver/kubernetes/storage/sqlite/store.go:127.3,127.54 1 0
github.com/kubeedge/kubeedge/edge/pkg/metamanager/metaserver/kubernetes/storage/sqlite/store.go:129.2,134.12 6 0
github.com/kubeedge/kubeedge/edge/pkg/metamanager/metaserver/kubernetes/storage/sqlite/store.go:137.147,138.36 1 0
github.com/kubeedge/kubeedge/edge/pkg/metamanager/metaserver/kubernetes/storage/sqlite/store.go:141.46,142.23 1 0
github.com/kubeedge/kubeedge/edge/pkg/metamanager/metaserver/kubernetes/storage/sqlite/store.go:145.61,146.36 1 0
github.com/kubeedge/kubeedge/edge/pkg/metamanager/metaserver/kubernetes/storage/sqlite/store.go:149.40,151.2 1 0
github.com/kubeedge/kubeedge/edge/pkg/metamanager/metaserver/kubernetes/storage/sqlite/store.go:153.30,155.2 1 0
github.com/kubeedge/kubeedge/edge/pkg/metamanager/metaserver/kubernetes/storage/sqlite/store.go:156.24,166.2 4 0
github.com/kubeedge/kubeedge/edge/pkg/metamanager/metaserver/kubernetes/storage/sqlite/store.go:168.120,172.16 4 0
github.com/kubeedge/kubeedge/edge/pkg/metamanager/metaserver/kubernetes/storage/sqlite/store.go:172.16,174.3 1 0
github.com/kubeedge/kubeedge/edge/pkg/metamanager/metaserver/kubernetes/storage/sqlite/store.go:175.2,175.21 1 0
github.com/kubeedge/kubeedge/edge/pkg/metamanager/metaserver/kubernetes/storage/sqlite/store.go:175.21,181.17 6 0
github.com/kubeedge/kubeedge/edge/pkg/metamanager/metaserver/kubernetes/storage/sqlite/store.go:181.17,183.4 1 0
github.com/kubeedge/kubeedge/edge/pkg/metamanager/metaserver/kubernetes/storage/sqlite/store.go:184.3,184.146 1 0
github.com/kubeedge/kubeedge/edge/pkg/metamanager/metaserver/kubernetes/storage/sqlite/store.go:184.146,186.4 1 0
github.com/kubeedge/kubeedge/edge/pkg/metamanager/metaserver/kubernetes/storage/sqlite/store.go:187.3,187.32 1 0
github.com/kubeedge/kubeedge/edge/pkg/metamanager/metaserver/kubernetes/storage/sqlite/store.go:189.2,189.12 1 0
github.com/kubeedge/kubeedge/edge/pkg/metamanager/metaserver/kubernetes/storage/sqlite/watcher.go:70.71,75.2 1 0
github.com/kubeedge/kubeedge/edge/pkg/metamanager/metaserver/kubernetes/storage/sqlite/watcher.go:78.51,81.2 2 0
github.com/kubeedge/kubeedge/edge/pkg/metamanager/metaserver/kubernetes/storage/sqlite/watcher.go:90.143,92.14 1 0
github.com/kubeedge/kubeedge/edge/pkg/metamanager/metaserver/kubernetes/storage/sqlite/watcher.go:92.14,95.3 2 0
github.com/kubeedge/kubeedge/edge/pkg/metamanager/metaserver/kubernetes/storage/sqlite/watcher.go:96.2,98.16 3 0
github.com/kubeedge/kubeedge/edge/pkg/metamanager/metaserver/kubernetes/storage/sqlite/watcher.go:101.139,113.18 2 0
github.com/kubeedge/kubeedge/edge/pkg/metamanager/metaserver/kubernetes/storage/sqlite/watcher.go:113.18,116.3 1 0
github.com/kubeedge/kubeedge/edge/pkg/metamanager/metaserver/kubernetes/storage/sqlite/watcher.go:117.2,118.11 2 0
github.com/kubeedge/kubeedge/edge/pkg/metamanager/metaserver/kubernetes/storage/sqlite/watcher.go:120.28,128.9 6 0
github.com/kubeedge/kubeedge/edge/pkg/metamanager/metaserver/kubernetes/storage/sqlite/watcher.go:129.27,131.23 2 0
github.com/kubeedge/kubeedge/edge/pkg/metamanager/metaserver/kubernetes/storage/sqlite/watcher.go:131.23,133.11 1 0
github.com/kubeedge/kubeedge/edge/pkg/metamanager/metaserver/kubernetes/storage/sqlite/watcher.go:134.37,134.37 0 0
github.com/kubeedge/kubeedge/edge/pkg/metamanager/metaserver/kubernetes/storage/sqlite/watcher.go:135.25,135.25 0 0
github.com/kubeedge/kubeedge/edge/pkg/metamanager/metaserver/kubernetes/storage/sqlite/watcher.go:138.23,138.23 0 0
github.com/kubeedge/kubeedge/edge/pkg/metamanager/metaserver/kubernetes/storage/sqlite/watcher.go:139.23,139.23 0 0
github.com/kubeedge/kubeedge/edge/pkg/metamanager/metaserver/kubernetes/storage/sqlite/watcher.go:144.2,148.22 3 0
github.com/kubeedge/kubeedge/edge/pkg/metamanager/metaserver/kubernetes/storage/sqlite/watcher.go:151.29,153.29 2 0
github.com/kubeedge/kubeedge/edge/pkg/metamanager/metaserver/kubernetes/storage/sqlite/watcher.go:153.29,155.3 1 0
github.com/kubeedge/kubeedge/edge/pkg/metamanager/metaserver/kubernetes/storage/sqlite/watcher.go:156.2,156.13 1 0
github.com/kubeedge/kubeedge/edge/pkg/metamanager/metaserver/kubernetes/storage/sqlite/watcher.go:159.54,161.2 1 0
github.com/kubeedge/kubeedge/edge/pkg/metamanager/metaserver/kubernetes/storage/sqlite/watcher.go:166.35,167.22 1 0
github.com/kubeedge/kubeedge/edge/pkg/metamanager/metaserver/kubernetes/storage/sqlite/watcher.go:168.12,170.17 2 0
github.com/kubeedge/kubeedge/edge/pkg/metamanager/metaserver/kubernetes/storage/sqlite/watcher.go:170.17,172.4 1 0
github.com/kubeedge/kubeedge/edge/pkg/metamanager/metaserver/kubernetes/storage/sqlite/watcher.go:173.3,173.32 1 0
github.com/kubeedge/kubeedge/edge/pkg/metamanager/metaserver/kubernetes/storage/sqlite/watcher.go:173.32,175.18 2 0
github.com/kubeedge/kubeedge/edge/pkg/metamanager/metaserver/kubernetes/storage/sqlite/watcher.go:175.18,177.13 2 0
github.com/kubeedge/kubeedge/edge/pkg/metamanager/metaserver/kubernetes/storage/sqlite/watcher.go:179.4,179.23 1 0
github.com/kubeedge/kubeedge/edge/pkg/metamanager/metaserver/kubernetes/storage/sqlite/watcher.go:181.3,181.39 1 0
github.com/kubeedge/kubeedge/edge/pkg/metamanager/metaserver/kubernetes/storage/sqlite/watcher.go:182.13,184.17 2 0
github.com/kubeedge/kubeedge/edge/pkg/metamanager/metaserver/kubernetes/storage/sqlite/watcher.go:184.17,186.4 1 0
github.com/kubeedge/kubeedge/edge/pkg/metamanager/metaserver/kubernetes/storage/sqlite/watcher.go:187.3,187.25 1 0
github.com/kubeedge/kubeedge/edge/pkg/metamanager/metaserver/kubernetes/storage/sqlite/watcher.go:187.25,189.4 1 0
github.com/kubeedge/kubeedge/edge/pkg/metamanager/metaserver/kubernetes/storage/sqlite/watcher.go:190.3,190.32 1 0
github.com/kubeedge/kubeedge/edge/pkg/metamanager/metaserver/kubernetes/storage/sqlite/watcher.go:190.32,192.18 2 0
github.com/kubeedge/kubeedge/edge/pkg/metamanager/metaserver/kubernetes/storage/sqlite/watcher.go:192.18,194.13 2 0
github.com/kubeedge/kubeedge/edge/pkg/metamanager/metaserver/kubernetes/storage/sqlite/watcher.go:196.4,196.23 1 0
github.com/kubeedge/kubeedge/edge/pkg/metamanager/metaserver/kubernetes/storage/sqlite/watcher.go:198.3,198.39 1 0
github.com/kubeedge/kubeedge/edge/pkg/metamanager/metaserver/kubernetes/storage/sqlite/watcher.go:200.2,201.12 2 0
github.com/kubeedge/kubeedge/edge/pkg/metamanager/metaserver/kubernetes/storage/sqlite/watcher.go:206.73,208.16 2 0
github.com/kubeedge/kubeedge/edge/pkg/metamanager/metaserver/kubernetes/storage/sqlite/watcher.go:208.16,210.3 1 0
github.com/kubeedge/kubeedge/edge/pkg/metamanager/metaserver/kubernetes/storage/sqlite/watcher.go:211.2,214.8 1 0
github.com/kubeedge/kubeedge/edge/pkg/metamanager/metaserver/kubernetes/storage/sqlite/watcher.go:218.36,219.82 1 0
github.com/kubeedge/kubeedge/edge/pkg/metamanager/metaserver/kubernetes/storage/sqlite/watcher.go:219.82,221.3 1 0
github.com/kubeedge/kubeedge/edge/pkg/metamanager/metaserver/kubernetes/storage/sqlite/watcher.go:221.8,223.3 1 0
github.com/kubeedge/kubeedge/edge/pkg/metamanager/metaserver/kubernetes/storage/sqlite/watcher.go:229.65,231.24 2 0
github.com/kubeedge/kubeedge/edge/pkg/metamanager/metaserver/kubernetes/storage/sqlite/watcher.go:231.24,232.35 1 0
github.com/kubeedge/kubeedge/edge/pkg/metamanager/metaserver/kubernetes/storage/sqlite/watcher.go:232.35,236.4 3 0
github.com/kubeedge/kubeedge/edge/pkg/metamanager/metaserver/kubernetes/storage/sqlite/watcher.go:238.2,239.24 2 0
github.com/kubeedge/kubeedge/edge/pkg/metamanager/metaserver/kubernetes/storage/sqlite/watcher.go:239.24,241.3 1 0
github.com/kubeedge/kubeedge/edge/pkg/metamanager/metaserver/kubernetes/storage/sqlite/watcher.go:242.2,243.22 2 0
github.com/kubeedge/kubeedge/edge/pkg/metamanager/metaserver/kubernetes/storage/sqlite/watcher.go:247.55,250.6 2 0
github.com/kubeedge/kubeedge/edge/pkg/metamanager/metaserver/kubernetes/storage/sqlite/watcher.go:250.6,251.10 1 0
github.com/kubeedge/kubeedge/edge/pkg/metamanager/metaserver/kubernetes/storage/sqlite/watcher.go:252.36,255.18 3 0
github.com/kubeedge/kubeedge/edge/pkg/metamanager/metaserver/kubernetes/storage/sqlite/watcher.go:255.18,257.13 2 0
github.com/kubeedge/kubeedge/edge/pkg/metamanager/metaserver/kubernetes/storage/sqlite/watcher.go:259.4,261.11 3 0
github.com/kubeedge/kubeedge/edge/pkg/metamanager/metaserver/kubernetes/storage/sqlite/watcher.go:262.34,267.6 1 0
github.com/kubeedge/kubeedge/edge/pkg/metamanager/metaserver/kubernetes/storage/sqlite/watcher.go:268.33,268.33 0 0
github.com/kubeedge/kubeedge/edge/pkg/metamanager/metaserver/kubernetes/storage/sqlite/watcher.go:270.35,273.13 2 0
github.com/kubeedge/kubeedge/edge/pkg/metamanager/metaserver/kubernetes/storage/sqlite/watcher.go:274.64,279.6 1 0
github.com/kubeedge/kubeedge/edge/pkg/metamanager/metaserver/kubernetes/storage/sqlite/watcher.go:281.4,281.45 1 0
github.com/kubeedge/kubeedge/edge/pkg/metamanager/metaserver/kubernetes/storage/sqlite/watcher.go:281.45,283.5 1 0
github.com/kubeedge/kubeedge/edge/pkg/metamanager/metaserver/kubernetes/storage/sqlite/watcher.go:287.4,287.11 1 0
github.com/kubeedge/kubeedge/edge/pkg/metamanager/metaserver/kubernetes/storage/sqlite/watcher.go:288.31,289.34 1 0
github.com/kubeedge/kubeedge/edge/pkg/metamanager/metaserver/kubernetes/storage/sqlite/watcher.go:289.34,291.6 1 0
github.com/kubeedge/kubeedge/edge/pkg/metamanager/metaserver/kubernetes/storage/sqlite/watcher.go:291.11,293.6 1 0
github.com/kubeedge/kubeedge/edge/pkg/metamanager/metaserver/kubernetes/storage/sqlite/watcher.go:294.25,295.11 1 0
github.com/kubeedge/kubeedge/edge/pkg/metamanager/metaserver/kubernetes/storage/sqlite/watcher.go:297.24,298.10 1 0
github.com/kubeedge/kubeedge/edge/pkg/metamanager/metaserver/kubernetes/storage/sqlite/watcher.go:303.54,304.29 1 0
github.com/kubeedge/kubeedge/edge/pkg/metamanager/metaserver/kubernetes/storage/sqlite/watcher.go:304.29,306.3 1 0
github.com/kubeedge/kubeedge/edge/pkg/metamanager/metaserver/kubernetes/storage/sqlite/watcher.go:307.2,308.30 2 0
github.com/kubeedge/kubeedge/edge/pkg/metamanager/metaserver/kubernetes/storage/sqlite/watcher.go:311.39,313.2 1 0
github.com/kubeedge/kubeedge/edge/pkg/metamanager/metaserver/kubernetes/storage/sqlite/watcher.go:315.52,321.2 2 0
github.com/kubeedge/kubeedge/edge/pkg/metamanager/metaserver/kubernetes/storage/sqlite/watcher.go:323.43,324.9 1 0
github.com/kubeedge/kubeedge/edge/pkg/metamanager/metaserver/kubernetes/storage/sqlite/watcher.go:325.25,325.25 0 0
github.com/kubeedge/kubeedge/edge/pkg/metamanager/metaserver/kubernetes/storage/sqlite/watcher.go:326.23,326.23 0 0
github.com/kubeedge/kubeedge/edge/pkg/metamanager/metaserver/kubernetes/storage/sqlite/watcher.go:330.48,331.50 1 0
github.com/kubeedge/kubeedge/edge/pkg/metamanager/metaserver/kubernetes/storage/sqlite/watcher.go:331.50,333.3 1 0
github.com/kubeedge/kubeedge/edge/pkg/metamanager/metaserver/kubernetes/storage/sqlite/watcher.go:334.2,334.9 1 0
github.com/kubeedge/kubeedge/edge/pkg/metamanager/metaserver/kubernetes/storage/sqlite/watcher.go:335.33,335.33 0 0
github.com/kubeedge/kubeedge/edge/pkg/metamanager/metaserver/kubernetes/storage/sqlite/watcher.go:336.23,336.23 0 0
github.com/kubeedge/kubeedge/edge/pkg/metamanager/metaserver/kubernetes/storage/sqlite/imitator/watchhook/hooks.go:21.37,24.41 3 0
github.com/kubeedge/kubeedge/edge/pkg/metamanager/metaserver/kubernetes/storage/sqlite/imitator/watchhook/hooks.go:24.41,26.3 1 0
github.com/kubeedge/kubeedge/edge/pkg/metamanager/metaserver/kubernetes/storage/sqlite/imitator/watchhook/hooks.go:27.2,28.12 2 0
github.com/kubeedge/kubeedge/edge/pkg/metamanager/metaserver/kubernetes/storage/sqlite/imitator/watchhook/hooks.go:31.34,34.36 3 0
github.com/kubeedge/kubeedge/edge/pkg/metamanager/metaserver/kubernetes/storage/sqlite/imitator/watchhook/hooks.go:34.36,37.3 2 0
github.com/kubeedge/kubeedge/edge/pkg/metamanager/metaserver/kubernetes/storage/sqlite/imitator/watchhook/hooks.go:38.2,38.76 1 0
github.com/kubeedge/kubeedge/edge/pkg/metamanager/metaserver/kubernetes/storage/sqlite/imitator/watchhook/hooks.go:42.29,44.16 2 0
github.com/kubeedge/kubeedge/edge/pkg/metamanager/metaserver/kubernetes/storage/sqlite/imitator/watchhook/hooks.go:44.16,47.3 2 0
github.com/kubeedge/kubeedge/edge/pkg/metamanager/metaserver/kubernetes/storage/sqlite/imitator/watchhook/hooks.go:48.2,50.29 2 0
github.com/kubeedge/kubeedge/edge/pkg/metamanager/metaserver/kubernetes/storage/sqlite/imitator/watchhook/hooks.go:50.29,52.29 2 0
github.com/kubeedge/kubeedge/edge/pkg/metamanager/metaserver/kubernetes/storage/sqlite/imitator/watchhook/hooks.go:52.29,54.4 1 0
github.com/kubeedge/kubeedge/edge/pkg/metamanager/metaserver/kubernetes/storage/sqlite/imitator/watchhook/hooks.go:55.3,55.32 1 0
github.com/kubeedge/kubeedge/edge/pkg/metamanager/metaserver/kubernetes/storage/sqlite/imitator/watchhook/hooks.go:55.32,57.4 1 0
github.com/kubeedge/kubeedge/edge/pkg/metamanager/metaserver/kubernetes/storage/sqlite/imitator/watchhook/hooks.go:58.3,58.27 1 0
github.com/kubeedge/kubeedge/edge/pkg/metamanager/metaserver/kubernetes/storage/sqlite/imitator/watchhook/hooks.go:58.27,60.4 1 0
github.com/kubeedge/kubeedge/edge/pkg/metamanager/metaserver/kubernetes/storage/sqlite/imitator/watchhook/hooks.go:61.3,61.37 1 0
github.com/kubeedge/kubeedge/edge/pkg/metamanager/metaserver/kubernetes/storage/sqlite/imitator/watchhook/hooks.go:61.37,63.18 2 0
github.com/kubeedge/kubeedge/edge/pkg/metamanager/metaserver/kubernetes/storage/sqlite/imitator/watchhook/hooks.go:63.18,66.5 2 0
github.com/kubeedge/kubeedge/edge/pkg/metamanager/metaserver/kubernetes/storage/sqlite/imitator/watchhook/hooks.go:67.4,68.18 2 0
github.com/kubeedge/kubeedge/edge/pkg/metamanager/metaserver/kubernetes/storage/sqlite/imitator/watchhook/hooks.go:68.18,71.5 2 0
github.com/kubeedge/kubeedge/edge/pkg/metamanager/metaserver/kubernetes/storage/sqlite/imitator/watchhook/hooks.go:72.4,72.45 1 0
github.com/kubeedge/kubeedge/edge/pkg/metamanager/metaserver/kubernetes/storage/sqlite/imitator/watchhook/hooks.go:74.3,74.47 1 0
github.com/kubeedge/kubeedge/edge/pkg/metamanager/metaserver/kubernetes/storage/sqlite/imitator/watchhook/hooks.go:74.47,76.18 2 0
github.com/kubeedge/kubeedge/edge/pkg/metamanager/metaserver/kubernetes/storage/sqlite/imitator/watchhook/hooks.go:76.18,79.5 2 0
github.com/kubeedge/kubeedge/edge/pkg/metamanager/metaserver/kubernetes/storage/sqlite/imitator/watchhook/receiver.go:12.58,16.2 2 0
github.com/kubeedge/kubeedge/edge/pkg/metamanager/metaserver/kubernetes/storage/sqlite/imitator/watchhook/receiver.go:18.59,20.2 1 0
github.com/kubeedge/kubeedge/edge/pkg/metamanager/metaserver/kubernetes/storage/sqlite/imitator/watchhook/watchhook.go:24.82,37.2 5 0
github.com/kubeedge/kubeedge/edge/pkg/metamanager/metaserver/kubernetes/storage/sqlite/imitator/watchhook/watchhook.go:39.49,43.2 3 0
github.com/kubeedge/kubeedge/edge/pkg/metamanager/metaserver/kubernetes/storage/sqlite/imitator/watchhook/watchhook.go:45.58,47.2 1 0
github.com/kubeedge/kubeedge/edge/pkg/metamanager/metaserver/kubernetes/storage/sqlite/imitator/watchhook/watchhook.go:49.43,51.2 1 0
github.com/kubeedge/kubeedge/edge/pkg/metamanager/metaserver/kubernetes/storage/sqlite/imitator/watchhook/watchhook.go:53.38,55.2 1 0
github.com/kubeedge/kubeedge/edge/pkg/metamanager/metaserver/kubernetes/storage/sqlite/imitator/watchhook/watchhook.go:56.49,58.2 1 0
github.com/kubeedge/kubeedge/edge/pkg/metamanager/metaserver/kubernetes/storage/sqlite/imitator/watchhook/watchhook.go:60.28,63.41 3 0
github.com/kubeedge/kubeedge/edge/pkg/metamanager/metaserver/kubernetes/storage/sqlite/imitator/watchhook/watchhook.go:63.41,65.3 1 0
github.com/kubeedge/kubeedge/edge/pkg/metamanager/metaserver/kubernetes/storage/sqlite/imitator/watchhook/watchhook.go:68.28,70.2 1 0
github.com/kubeedge/kubeedge/edge/pkg/metamanager/metaserver/kubernetes/storage/sqlite/imitator/watchhook/watchhook.go:72.30,74.2 1 0
github.com/kubeedge/kubeedge/edge/pkg/metamanager/metaserver/kubernetes/storage/sqlite/util/patch.go:50.9,52.16 2 0
github.com/kubeedge/kubeedge/edge/pkg/metamanager/metaserver/kubernetes/storage/sqlite/util/patch.go:52.16,54.3 1 0
github.com/kubeedge/kubeedge/edge/pkg/metamanager/metaserver/kubernetes/storage/sqlite/util/patch.go:56.2,58.110 3 0
github.com/kubeedge/kubeedge/edge/pkg/metamanager/metaserver/kubernetes/storage/sqlite/util/patch.go:58.110,60.17 2 0
github.com/kubeedge/kubeedge/edge/pkg/metamanager/metaserver/kubernetes/storage/sqlite/util/patch.go:60.17,62.4 1 0
github.com/kubeedge/kubeedge/edge/pkg/metamanager/metaserver/kubernetes/storage/sqlite/util/patch.go:63.8,64.88 1 0
github.com/kubeedge/kubeedge/edge/pkg/metamanager/metaserver/kubernetes/storage/sqlite/util/patch.go:64.88,66.4 1 0
github.com/kubeedge/kubeedge/edge/pkg/metamanager/metaserver/kubernetes/storage/sqlite/util/patch.go:69.2,69.146 1 0
github.com/kubeedge/kubeedge/edge/pkg/metamanager/metaserver/kubernetes/storage/sqlite/util/patch.go:84.9,86.16 2 0
github.com/kubeedge/kubeedge/edge/pkg/metamanager/metaserver/kubernetes/storage/sqlite/util/patch.go:86.16,88.3 1 0
github.com/kubeedge/kubeedge/edge/pkg/metamanager/metaserver/kubernetes/storage/sqlite/util/patch.go:91.2,93.114 3 0
github.com/kubeedge/kubeedge/edge/pkg/metamanager/metaserver/kubernetes/storage/sqlite/util/patch.go:93.114,95.10 2 0
github.com/kubeedge/kubeedge/edge/pkg/metamanager/metaserver/kubernetes/storage/sqlite/util/patch.go:96.23,103.6 1 0
github.com/kubeedge/kubeedge/edge/pkg/metamanager/metaserver/kubernetes/storage/sqlite/util/patch.go:104.58,105.90 1 0
github.com/kubeedge/kubeedge/edge/pkg/metamanager/metaserver/kubernetes/storage/sqlite/util/patch.go:106.11,110.6 2 0
github.com/kubeedge/kubeedge/edge/pkg/metamanager/metaserver/kubernetes/storage/sqlite/util/patch.go:112.8,112.32 1 0
github.com/kubeedge/kubeedge/edge/pkg/metamanager/metaserver/kubernetes/storage/sqlite/util/patch.go:112.32,113.10 1 0
github.com/kubeedge/kubeedge/edge/pkg/metamanager/metaserver/kubernetes/storage/sqlite/util/patch.go:114.58,115.57 1 0
github.com/kubeedge/kubeedge/edge/pkg/metamanager/metaserver/kubernetes/storage/sqlite/util/patch.go:116.11,119.6 1 0
github.com/kubeedge/kubeedge/edge/pkg/metamanager/metaserver/kubernetes/storage/sqlite/util/patch.go:124.2,126.12 2 0
github.com/kubeedge/kubeedge/edge/pkg/metamanager/metaserver/kubernetes/storage/sqlite/util/patch.go:131.78,132.25 1 0
github.com/kubeedge/kubeedge/edge/pkg/metamanager/metaserver/kubernetes/storage/sqlite/util/patch.go:132.25,134.34 2 0
github.com/kubeedge/kubeedge/edge/pkg/metamanager/metaserver/kubernetes/storage/sqlite/util/patch.go:134.34,136.4 1 0
github.com/kubeedge/kubeedge/edge/pkg/metamanager/metaserver/kubernetes/storage/sqlite/util/patch.go:143.51,145.112 2 0
github.com/kubeedge/kubeedge/edge/pkg/metamanager/metaserver/kubernetes/storage/sqlite/util/patch.go:145.112,147.3 1 0
github.com/kubeedge/kubeedge/edge/pkg/metamanager/metaserver/kubernetes/storage/sqlite/util/patch.go:147.8,147.116 1 0
github.com/kubeedge/kubeedge/edge/pkg/metamanager/metaserver/kubernetes/storage/sqlite/util/patch.go:147.116,149.3 1 0
github.com/kubeedge/kubeedge/edge/pkg/metamanager/metaserver/kubernetes/storage/sqlite/util/patch.go:149.8,152.3 1 0
github.com/kubeedge/kubeedge/edge/pkg/metamanager/metaserver/kubernetes/storage/sqlite/util/patch.go:154.2,155.33 2 0
github.com/kubeedge/kubeedge/edge/pkg/metamanager/metaserver/kubernetes/storage/sqlite/util/patch.go:155.33,157.3 1 0
github.com/kubeedge/kubeedge/edge/pkg/metamanager/metaserver/kubernetes/storage/sqlite/util/patch.go:158.2,158.21 1 0
github.com/kubeedge/kubeedge/edge/pkg/metamanager/metaserver/kubernetes/storage/sqlite/util/patch.go:162.57,163.13 1 0
github.com/kubeedge/kubeedge/edge/pkg/metamanager/metaserver/kubernetes/storage/sqlite/util/patch.go:164.225,165.43 1 0
github.com/kubeedge/kubeedge/edge/pkg/metamanager/metaserver/kubernetes/storage/sqlite/util/patch.go:166.81,167.128 1 0
github.com/kubeedge/kubeedge/edge/pkg/metamanager/metaserver/kubernetes/storage/sqlite/util/patch.go:168.10,169.13 1 0
github.com/kubeedge/kubeedge/edge/pkg/servicebus/servicebus.go:64.79,72.2 1 0
github.com/kubeedge/kubeedge/edge/pkg/servicebus/servicebus.go:75.39,78.2 2 0
github.com/kubeedge/kubeedge/edge/pkg/servicebus/servicebus.go:80.34,82.2 1 0
github.com/kubeedge/kubeedge/edge/pkg/servicebus/servicebus.go:84.35,86.2 1 0
github.com/kubeedge/kubeedge/edge/pkg/servicebus/servicebus.go:88.37,90.2 1 0
github.com/kubeedge/kubeedge/edge/pkg/servicebus/servicebus.go:92.65,93.66 1 0
github.com/kubeedge/kubeedge/edge/pkg/servicebus/servicebus.go:93.66,95.3 1 0
github.com/kubeedge/kubeedge/edge/pkg/servicebus/servicebus.go:96.2,99.3 1 0
github.com/kubeedge/kubeedge/edge/pkg/servicebus/servicebus.go:102.31,106.28 3 0
github.com/kubeedge/kubeedge/edge/pkg/servicebus/servicebus.go:106.28,107.48 1 0
github.com/kubeedge/kubeedge/edge/pkg/servicebus/servicebus.go:107.48,109.4 1 0
github.com/kubeedge/kubeedge/edge/pkg/servicebus/servicebus.go:112.2,112.6 1 0
github.com/kubeedge/kubeedge/edge/pkg/servicebus/servicebus.go:112.6,113.10 1 0
github.com/kubeedge/kubeedge/edge/pkg/servicebus/servicebus.go:114.32,116.10 2 0
github.com/kubeedge/kubeedge/edge/pkg/servicebus/servicebus.go:117.11,117.11 0 0
github.com/kubeedge/kubeedge/edge/pkg/servicebus/servicebus.go:119.3,120.17 2 0
github.com/kubeedge/kubeedge/edge/pkg/servicebus/servicebus.go:120.17,122.12 2 0
github.com/kubeedge/kubeedge/edge/pkg/servicebus/servicebus.go:126.3,127.26 2 0
github.com/kubeedge/kubeedge/edge/pkg/servicebus/servicebus.go:131.48,133.26 2 0
github.com/kubeedge/kubeedge/edge/pkg/servicebus/servicebus.go:133.26,135.3 1 0
github.com/kubeedge/kubeedge/edge/pkg/servicebus/servicebus.go:136.2,138.28 3 0
github.com/kubeedge/kubeedge/edge/pkg/servicebus/servicebus.go:139.30,140.50 1 0
github.com/kubeedge/kubeedge/edge/pkg/servicebus/servicebus.go:140.50,143.4 1 0
github.com/kubeedge/kubeedge/edge/pkg/servicebus/servicebus.go:144.3,144.48 1 0
github.com/kubeedge/kubeedge/edge/pkg/servicebus/servicebus.go:144.48,146.4 1 0
github.com/kubeedge/kubeedge/edge/pkg/servicebus/servicebus.go:147.29,148.55 1 0
github.com/kubeedge/kubeedge/edge/pkg/servicebus/servicebus.go:148.55,151.4 1 0
github.com/kubeedge/kubeedge/edge/pkg/servicebus/servicebus.go:153.3,153.25 1 0
github.com/kubeedge/kubeedge/edge/pkg/servicebus/servicebus.go:153.25,155.4 1 0
github.com/kubeedge/kubeedge/edge/pkg/servicebus/servicebus.go:156.10,158.18 2 0
github.com/kubeedge/kubeedge/edge/pkg/servicebus/servicebus.go:158.18,162.77 4 0
github.com/kubeedge/kubeedge/edge/pkg/servicebus/servicebus.go:162.77,164.5 1 0
github.com/kubeedge/kubeedge/edge/pkg/servicebus/servicebus.go:165.4,165.10 1 0
github.com/kubeedge/kubeedge/edge/pkg/servicebus/servicebus.go:167.3,168.17 2 0
github.com/kubeedge/kubeedge/edge/pkg/servicebus/servicebus.go:168.17,172.77 4 0
github.com/kubeedge/kubeedge/edge/pkg/servicebus/servicebus.go:172.77,174.5 1 0
github.com/kubeedge/kubeedge/edge/pkg/servicebus/servicebus.go:175.4,175.10 1 0
github.com/kubeedge/kubeedge/edge/pkg/servicebus/servicebus.go:178.3,179.63 2 0
github.com/kubeedge/kubeedge/edge/pkg/servicebus/servicebus.go:179.63,183.77 4 0
github.com/kubeedge/kubeedge/edge/pkg/servicebus/servicebus.go:183.77,185.5 1 0
github.com/kubeedge/kubeedge/edge/pkg/servicebus/servicebus.go:186.4,186.10 1 0
github.com/kubeedge/kubeedge/edge/pkg/servicebus/servicebus.go:190.3,193.17 4 0
github.com/kubeedge/kubeedge/edge/pkg/servicebus/servicebus.go:193.17,197.77 4 0
github.com/kubeedge/kubeedge/edge/pkg/servicebus/servicebus.go:197.77,199.5 1 0
github.com/kubeedge/kubeedge/edge/pkg/servicebus/servicebus.go:200.4,200.10 1 0
github.com/kubeedge/kubeedge/edge/pkg/servicebus/servicebus.go:202.3,204.17 3 0
github.com/kubeedge/kubeedge/edge/pkg/servicebus/servicebus.go:204.17,205.53 1 0
github.com/kubeedge/kubeedge/edge/pkg/servicebus/servicebus.go:205.53,207.5 1 0
github.com/kubeedge/kubeedge/edge/pkg/servicebus/servicebus.go:208.4,211.77 4 0
github.com/kubeedge/kubeedge/edge/pkg/servicebus/servicebus.go:211.77,213.5 1 0
github.com/kubeedge/kubeedge/edge/pkg/servicebus/servicebus.go:214.4,214.10 1 0
github.com/kubeedge/kubeedge/edge/pkg/servicebus/servicebus.go:217.3,220.61 3 0
github.com/kubeedge/kubeedge/edge/pkg/servicebus/servicebus.go:224.39,229.104 2 0
github.com/kubeedge/kubeedge/edge/pkg/servicebus/servicebus.go:229.104,232.3 2 0
github.com/kubeedge/kubeedge/edge/pkg/servicebus/servicebus.go:234.2,240.12 3 0
github.com/kubeedge/kubeedge/edge/pkg/servicebus/servicebus.go:240.12,244.41 4 0
github.com/kubeedge/kubeedge/edge/pkg/servicebus/servicebus.go:244.41,246.4 1 0
github.com/kubeedge/kubeedge/edge/pkg/servicebus/servicebus.go:247.3,247.32 1 0
github.com/kubeedge/kubeedge/edge/pkg/servicebus/servicebus.go:250.2,251.45 2 0
github.com/kubeedge/kubeedge/edge/pkg/servicebus/servicebus.go:254.60,255.73 1 0
github.com/kubeedge/kubeedge/edge/pkg/servicebus/servicebus.go:255.73,260.17 5 0
github.com/kubeedge/kubeedge/edge/pkg/servicebus/servicebus.go:260.17,263.59 3 0
github.com/kubeedge/kubeedge/edge/pkg/servicebus/servicebus.go:263.59,266.5 1 0
github.com/kubeedge/kubeedge/edge/pkg/servicebus/servicebus.go:267.4,267.10 1 0
github.com/kubeedge/kubeedge/edge/pkg/servicebus/servicebus.go:269.3,269.55 1 0
github.com/kubeedge/kubeedge/edge/pkg/servicebus/servicebus.go:269.55,272.59 3 0
github.com/kubeedge/kubeedge/edge/pkg/servicebus/servicebus.go:272.59,275.5 1 0
github.com/kubeedge/kubeedge/edge/pkg/servicebus/servicebus.go:276.4,276.10 1 0
github.com/kubeedge/kubeedge/edge/pkg/servicebus/servicebus.go:278.3,278.101 1 0
github.com/kubeedge/kubeedge/edge/pkg/servicebus/servicebus.go:278.101,281.59 3 0
github.com/kubeedge/kubeedge/edge/pkg/servicebus/servicebus.go:281.59,284.5 1 0
github.com/kubeedge/kubeedge/edge/pkg/servicebus/servicebus.go:285.4,285.10 1 0
github.com/kubeedge/kubeedge/edge/pkg/servicebus/servicebus.go:287.3,290.17 3 0
github.com/kubeedge/kubeedge/edge/pkg/servicebus/servicebus.go:290.17,293.59 3 0
github.com/kubeedge/kubeedge/edge/pkg/servicebus/servicebus.go:293.59,296.5 1 0
github.com/kubeedge/kubeedge/edge/pkg/servicebus/servicebus.go:297.4,297.10 1 0
github.com/kubeedge/kubeedge/edge/pkg/servicebus/servicebus.go:299.3,300.17 2 0
github.com/kubeedge/kubeedge/edge/pkg/servicebus/servicebus.go:300.17,303.59 3 0
github.com/kubeedge/kubeedge/edge/pkg/servicebus/servicebus.go:303.59,306.5 1 0
github.com/kubeedge/kubeedge/edge/pkg/servicebus/servicebus.go:307.4,307.10 1 0
github.com/kubeedge/kubeedge/edge/pkg/servicebus/servicebus.go:310.3,313.58 4 0
github.com/kubeedge/kubeedge/edge/pkg/servicebus/servicebus.go:313.58,316.4 1 0
github.com/kubeedge/kubeedge/edge/pkg/servicebus/servicebus.go:320.104,327.2 5 0
github.com/kubeedge/kubeedge/edge/pkg/servicebus/servicebus.go:329.57,332.2 2 0
github.com/kubeedge/kubeedge/edge/pkg/metamanager/metaserver/kubernetes/storage/sqlite/imitator/fake/fake.go:28.43,30.2 1 0
github.com/kubeedge/kubeedge/edge/pkg/metamanager/metaserver/kubernetes/storage/sqlite/imitator/fake/fake.go:33.82,35.2 1 0
github.com/kubeedge/kubeedge/edge/pkg/metamanager/metaserver/kubernetes/storage/sqlite/imitator/fake/fake.go:38.74,40.2 1 0
github.com/kubeedge/kubeedge/edge/pkg/metamanager/metaserver/kubernetes/storage/sqlite/imitator/fake/fake.go:43.97,45.2 1 0
github.com/kubeedge/kubeedge/edge/pkg/metamanager/metaserver/kubernetes/storage/sqlite/imitator/fake/fake.go:48.84,50.2 1 0
github.com/kubeedge/kubeedge/edge/pkg/metamanager/metaserver/kubernetes/storage/sqlite/imitator/fake/fake.go:53.38,55.2 1 0
github.com/kubeedge/kubeedge/edge/pkg/metamanager/metaserver/kubernetes/storage/sqlite/imitator/fake/fake.go:58.50,60.2 1 0
github.com/kubeedge/kubeedge/edge/pkg/metamanager/metaserver/kubernetes/storage/sqlite/imitator/fake/fake.go:63.78,65.2 1 0
github.com/kubeedge/kubeedge/edge/pkg/metamanager/metaserver/kubernetes/storage/sqlite/imitator/fake/fake.go:68.77,70.2 1 0
github.com/kubeedge/kubeedge/edge/pkg/metamanager/metaserver/kubernetes/storage/sqlite/imitator/fake/fake.go:73.99,75.2 1 0
github.com/kubeedge/kubeedge/edge/pkg/servicebus/config/config.go:16.44,17.17 1 0
github.com/kubeedge/kubeedge/edge/pkg/servicebus/config/config.go:17.17,21.3 1 0
github.com/kubeedge/kubeedge/edge/pkg/metamanager/metaserver/kubernetes/storage/restful/request.go:41.109,43.16 2 0
github.com/kubeedge/kubeedge/edge/pkg/metamanager/metaserver/kubernetes/storage/restful/request.go:43.16,45.3 1 0
github.com/kubeedge/kubeedge/edge/pkg/metamanager/metaserver/kubernetes/storage/restful/request.go:46.2,49.3 1 0
github.com/kubeedge/kubeedge/edge/pkg/metamanager/metaserver/kubernetes/storage/restful/request.go:53.57,58.36 4 0
github.com/kubeedge/kubeedge/edge/pkg/metamanager/metaserver/kubernetes/storage/restful/request.go:58.36,63.104 4 0
github.com/kubeedge/kubeedge/edge/pkg/metamanager/metaserver/kubernetes/storage/restful/request.go:63.104,64.12 1 0
github.com/kubeedge/kubeedge/edge/pkg/metamanager/metaserver/kubernetes/storage/restful/request.go:67.3,67.21 1 0
github.com/kubeedge/kubeedge/edge/pkg/metamanager/metaserver/kubernetes/storage/restful/request.go:67.21,68.12 1 0
github.com/kubeedge/kubeedge/edge/pkg/metamanager/metaserver/kubernetes/storage/restful/request.go:71.3,71.23 1 0
github.com/kubeedge/kubeedge/edge/pkg/metamanager/metaserver/kubernetes/storage/restful/request.go:72.23,73.35 1 0
github.com/kubeedge/kubeedge/edge/pkg/metamanager/metaserver/kubernetes/storage/restful/request.go:74.79,75.55 1 0
github.com/kubeedge/kubeedge/edge/pkg/metamanager/metaserver/kubernetes/storage/restful/request.go:78.2,78.29 1 0
github.com/kubeedge/kubeedge/edge/pkg/metamanager/metaserver/kubernetes/storage/restful/request.go:81.62,91.16 8 0
github.com/kubeedge/kubeedge/edge/pkg/metamanager/metaserver/kubernetes/storage/restful/request.go:91.16,93.3 1 0
github.com/kubeedge/kubeedge/edge/pkg/metamanager/metaserver/kubernetes/storage/restful/request.go:94.2,95.16 2 0
github.com/kubeedge/kubeedge/edge/pkg/metamanager/metaserver/kubernetes/storage/restful/request.go:95.16,97.3 1 0
github.com/kubeedge/kubeedge/edge/pkg/metamanager/metaserver/kubernetes/storage/restful/request.go:98.2,98.22 1 0
github.com/kubeedge/kubeedge/edge/pkg/metamanager/metaserver/kubernetes/storage/sqlite/imitator/client.go:50.27,56.2 1 0
github.com/kubeedge/kubeedge/edge/pkg/metamanager/metaserver/kubernetes/storage/sqlite/imitator/client.go:59.20,66.2 4 0
github.com/kubeedge/kubeedge/edge/pkg/metamanager/metaserver/kubernetes/storage/sqlite/imitator/imitator.go:41.46,42.34 1 0
github.com/kubeedge/kubeedge/edge/pkg/metamanager/metaserver/kubernetes/storage/sqlite/imitator/imitator.go:42.34,45.17 2 0
github.com/kubeedge/kubeedge/edge/pkg/metamanager/metaserver/kubernetes/storage/sqlite/imitator/imitator.go:46.36,47.55 1 0
github.com/kubeedge/kubeedge/edge/pkg/metamanager/metaserver/kubernetes/storage/sqlite/imitator/imitator.go:48.22,49.47 1 0
github.com/kubeedge/kubeedge/edge/pkg/metamanager/metaserver/kubernetes/storage/sqlite/imitator/imitator.go:51.3,51.17 1 0
github.com/kubeedge/kubeedge/edge/pkg/metamanager/metaserver/kubernetes/storage/sqlite/imitator/imitator.go:51.17,54.12 3 0
github.com/kubeedge/kubeedge/edge/pkg/metamanager/metaserver/kubernetes/storage/sqlite/imitator/imitator.go:57.3,57.23 1 0
github.com/kubeedge/kubeedge/edge/pkg/metamanager/metaserver/kubernetes/storage/sqlite/imitator/imitator.go:62.83,64.16 2 0
github.com/kubeedge/kubeedge/edge/pkg/metamanager/metaserver/kubernetes/storage/sqlite/imitator/imitator.go:64.16,66.3 1 0
github.com/kubeedge/kubeedge/edge/pkg/metamanager/metaserver/kubernetes/storage/sqlite/imitator/imitator.go:67.2,69.14 3 0
github.com/kubeedge/kubeedge/edge/pkg/metamanager/metaserver/kubernetes/storage/sqlite/imitator/imitator.go:69.14,71.3 1 0
github.com/kubeedge/kubeedge/edge/pkg/metamanager/metaserver/kubernetes/storage/sqlite/imitator/imitator.go:72.2,74.16 3 0
github.com/kubeedge/kubeedge/edge/pkg/metamanager/metaserver/kubernetes/storage/sqlite/imitator/imitator.go:74.16,76.3 1 0
github.com/kubeedge/kubeedge/edge/pkg/metamanager/metaserver/kubernetes/storage/sqlite/imitator/imitator.go:77.2,86.42 3 0
github.com/kubeedge/kubeedge/edge/pkg/metamanager/metaserver/kubernetes/storage/sqlite/imitator/imitator.go:89.79,94.16 4 0
github.com/kubeedge/kubeedge/edge/pkg/metamanager/metaserver/kubernetes/storage/sqlite/imitator/imitator.go:94.16,97.3 2 0
github.com/kubeedge/kubeedge/edge/pkg/metamanager/metaserver/kubernetes/storage/sqlite/imitator/imitator.go:99.2,99.29 1 0
github.com/kubeedge/kubeedge/edge/pkg/metamanager/metaserver/kubernetes/storage/sqlite/imitator/imitator.go:99.29,101.3 1 0
github.com/kubeedge/kubeedge/edge/pkg/metamanager/metaserver/kubernetes/storage/sqlite/imitator/imitator.go:102.2,103.12 2 0
github.com/kubeedge/kubeedge/edge/pkg/metamanager/metaserver/kubernetes/storage/sqlite/imitator/imitator.go:106.85,111.16 4 0
github.com/kubeedge/kubeedge/edge/pkg/metamanager/metaserver/kubernetes/storage/sqlite/imitator/imitator.go:111.16,113.3 1 0
github.com/kubeedge/kubeedge/edge/pkg/metamanager/metaserver/kubernetes/storage/sqlite/imitator/imitator.go:114.2,115.34 2 0
github.com/kubeedge/kubeedge/edge/pkg/metamanager/metaserver/kubernetes/storage/sqlite/imitator/imitator.go:118.64,123.16 4 0
github.com/kubeedge/kubeedge/edge/pkg/metamanager/metaserver/kubernetes/storage/sqlite/imitator/imitator.go:123.16,125.3 1 0
github.com/kubeedge/kubeedge/edge/pkg/metamanager/metaserver/kubernetes/storage/sqlite/imitator/imitator.go:126.2,126.12 1 0
github.com/kubeedge/kubeedge/edge/pkg/metamanager/metaserver/kubernetes/storage/sqlite/imitator/imitator.go:129.98,135.2 2 0
github.com/kubeedge/kubeedge/edge/pkg/metamanager/metaserver/kubernetes/storage/sqlite/imitator/imitator.go:137.75,139.16 2 0
github.com/kubeedge/kubeedge/edge/pkg/metamanager/metaserver/kubernetes/storage/sqlite/imitator/imitator.go:139.16,141.3 1 0
github.com/kubeedge/kubeedge/edge/pkg/metamanager/metaserver/kubernetes/storage/sqlite/imitator/imitator.go:142.2,143.12 2 0
github.com/kubeedge/kubeedge/edge/pkg/metamanager/metaserver/kubernetes/storage/sqlite/imitator/imitator.go:146.69,152.16 6 0
github.com/kubeedge/kubeedge/edge/pkg/metamanager/metaserver/kubernetes/storage/sqlite/imitator/imitator.go:152.16,154.3 1 0
github.com/kubeedge/kubeedge/edge/pkg/metamanager/metaserver/kubernetes/storage/sqlite/imitator/imitator.go:155.2,155.9 1 0
github.com/kubeedge/kubeedge/edge/pkg/metamanager/metaserver/kubernetes/storage/sqlite/imitator/imitator.go:156.26,158.19 2 0
github.com/kubeedge/kubeedge/edge/pkg/metamanager/metaserver/kubernetes/storage/sqlite/imitator/imitator.go:159.10,160.80 1 0
github.com/kubeedge/kubeedge/edge/pkg/metamanager/metaserver/kubernetes/storage/sqlite/imitator/imitator.go:163.70,175.16 8 0
github.com/kubeedge/kubeedge/edge/pkg/metamanager/metaserver/kubernetes/storage/sqlite/imitator/imitator.go:175.16,177.3 1 0
github.com/kubeedge/kubeedge/edge/pkg/metamanager/metaserver/kubernetes/storage/sqlite/imitator/imitator.go:178.2,179.18 2 0
github.com/kubeedge/kubeedge/edge/pkg/metamanager/metaserver/kubernetes/storage/sqlite/imitator/imitator.go:182.41,184.2 1 0
github.com/kubeedge/kubeedge/edge/pkg/metamanager/metaserver/kubernetes/storage/sqlite/imitator/imitator.go:186.53,187.29 1 0
github.com/kubeedge/kubeedge/edge/pkg/metamanager/metaserver/kubernetes/storage/sqlite/imitator/imitator.go:188.13,189.25 1 0
github.com/kubeedge/kubeedge/edge/pkg/metamanager/metaserver/kubernetes/storage/sqlite/imitator/imitator.go:190.14,191.17 1 0
github.com/kubeedge/kubeedge/edge/pkg/metamanager/metaserver/kubernetes/storage/sqlite/imitator/imitator.go:192.14,194.17 2 0
github.com/kubeedge/kubeedge/edge/pkg/metamanager/metaserver/kubernetes/storage/sqlite/imitator/imitator.go:194.17,197.4 2 0
github.com/kubeedge/kubeedge/edge/pkg/metamanager/metaserver/kubernetes/storage/sqlite/imitator/imitator.go:198.3,198.18 1 0
github.com/kubeedge/kubeedge/edge/pkg/metamanager/metaserver/kubernetes/storage/sqlite/imitator/imitator.go:199.10,200.52 1 0
github.com/kubeedge/kubeedge/edge/pkg/metamanager/metaserver/kubernetes/storage/sqlite/imitator/imitator.go:204.90,208.16 4 0
github.com/kubeedge/kubeedge/edge/pkg/metamanager/metaserver/kubernetes/storage/sqlite/imitator/imitator.go:208.16,211.3 2 0
github.com/kubeedge/kubeedge/edge/pkg/metamanager/metaserver/kubernetes/storage/sqlite/imitator/imitator.go:213.2,213.12 1 0
github.com/kubeedge/kubeedge/edge/pkg/metamanager/metaserver/kubernetes/storage/sqlite/imitator/imitator.go:213.12,217.3 3 0
github.com/kubeedge/kubeedge/edge/pkg/metamanager/metaserver/kubernetes/storage/sqlite/imitator/imitator.go:218.2,218.12 1 0
github.com/kubeedge/kubeedge/edge/pkg/metamanager/metaserver/kubernetes/storage/sqlite/imitator/imitator.go:222.60,227.127 4 0
github.com/kubeedge/kubeedge/edge/pkg/metamanager/metaserver/kubernetes/storage/sqlite/imitator/imitator.go:227.127,230.3 2 0
github.com/kubeedge/kubeedge/edge/pkg/metamanager/metaserver/kubernetes/storage/sqlite/imitator/imitator.go:231.2,235.29 4 0
github.com/kubeedge/kubeedge/edge/pkg/metamanager/metaserver/kubernetes/storage/sqlite/imitator/imitator.go:236.14,237.15 1 0
github.com/kubeedge/kubeedge/edge/pkg/metamanager/metaserver/kubernetes/storage/sqlite/imitator/imitator.go:238.10,240.17 2 0
github.com/kubeedge/kubeedge/edge/pkg/metamanager/metaserver/kubernetes/storage/sqlite/imitator/imitator.go:240.17,243.4 2 0
github.com/kubeedge/kubeedge/edge/pkg/metamanager/metaserver/kubernetes/storage/sqlite/imitator/imitator.go:245.2,246.30 2 0
github.com/kubeedge/kubeedge/edge/pkg/metamanager/metaserver/kubernetes/storage/sqlite/imitator/imitator.go:247.29,248.19 1 0
github.com/kubeedge/kubeedge/edge/pkg/metamanager/metaserver/kubernetes/storage/sqlite/imitator/imitator.go:249.29,250.22 1 0
github.com/kubeedge/kubeedge/edge/pkg/metamanager/metaserver/kubernetes/storage/sqlite/imitator/imitator.go:251.29,252.21 1 0
github.com/kubeedge/kubeedge/edge/pkg/metamanager/metaserver/kubernetes/storage/sqlite/imitator/imitator.go:255.2,257.16 3 0
github.com/kubeedge/kubeedge/edge/pkg/metamanager/metaserver/kubernetes/storage/sqlite/imitator/imitator.go:257.16,260.3 2 0
github.com/kubeedge/kubeedge/edge/pkg/metamanager/metaserver/kubernetes/storage/sqlite/imitator/imitator.go:261.2,261.18 1 0
github.com/kubeedge/kubeedge/edge/pkg/metamanager/metaserver/kubernetes/storage/sqlite/imitator/imitator.go:261.18,262.43 1 0
github.com/kubeedge/kubeedge/edge/pkg/metamanager/metaserver/kubernetes/storage/sqlite/imitator/imitator.go:262.43,269.4 3 0
github.com/kubeedge/kubeedge/edge/pkg/metamanager/metaserver/kubernetes/storage/sqlite/imitator/imitator.go:270.3,271.17 2 0
github.com/kubeedge/kubeedge/edge/pkg/metamanager/metaserver/kubernetes/storage/sqlite/imitator/imitator.go:271.17,274.4 2 0
github.com/kubeedge/kubeedge/edge/pkg/metamanager/metaserver/kubernetes/storage/sqlite/imitator/imitator.go:275.8,277.3 1 0
github.com/kubeedge/kubeedge/edge/pkg/metamanager/metaserver/kubernetes/storage/sqlite/imitator/imitator.go:278.2,278.12 1 0
github.com/kubeedge/kubeedge/edge/pkg/metamanager/metaserver/kubernetes/storage/sqlite/imitator/imitator.go:283.62,287.21 4 0
github.com/kubeedge/kubeedge/edge/pkg/metamanager/metaserver/kubernetes/storage/sqlite/imitator/imitator.go:288.9,289.34 1 0
github.com/kubeedge/kubeedge/edge/pkg/metamanager/metaserver/kubernetes/storage/sqlite/imitator/imitator.go:290.9,292.32 2 0
github.com/kubeedge/kubeedge/edge/pkg/metamanager/metaserver/kubernetes/storage/sqlite/imitator/imitator.go:293.10,293.10 0 0
github.com/kubeedge/kubeedge/edge/pkg/metamanager/metaserver/kubernetes/storage/sqlite/imitator/imitator.go:295.2,295.33 1 0
github.com/kubeedge/kubeedge/edge/pkg/taskmanager/v1alpha1/task_runner.go:30.13,32.2 1 0
github.com/kubeedge/kubeedge/edge/pkg/taskmanager/v1alpha1/task_runner.go:35.44,38.16 3 0
github.com/kubeedge/kubeedge/edge/pkg/taskmanager/v1alpha1/task_runner.go:38.16,40.3 1 0
github.com/kubeedge/kubeedge/edge/pkg/taskmanager/v1alpha1/task_runner.go:41.2,42.16 2 0
github.com/kubeedge/kubeedge/edge/pkg/taskmanager/v1alpha1/task_runner.go:42.16,44.3 1 0
github.com/kubeedge/kubeedge/edge/pkg/taskmanager/v1alpha1/task_runner.go:45.2,46.16 2 0
github.com/kubeedge/kubeedge/edge/pkg/taskmanager/v1alpha1/task_runner.go:46.16,48.3 1 0
github.com/kubeedge/kubeedge/edge/pkg/taskmanager/v1alpha1/task_runner.go:49.2,50.16 2 0
github.com/kubeedge/kubeedge/edge/pkg/taskmanager/v1alpha1/task_runner.go:50.16,52.3 1 0
github.com/kubeedge/kubeedge/edge/pkg/taskmanager/v1alpha1/task_runner.go:56.2,56.24 1 0
github.com/kubeedge/kubeedge/edge/pkg/taskmanager/v1alpha1/task_runner.go:56.24,58.3 1 0
github.com/kubeedge/kubeedge/edge/pkg/taskmanager/v1alpha1/task_runner.go:60.2,67.12 3 0
github.com/kubeedge/kubeedge/edge/pkg/taskmanager/v1alpha1/taskexecutor/image_prepull.go:49.33,51.2 1 0
github.com/kubeedge/kubeedge/edge/pkg/taskmanager/v1alpha1/taskexecutor/image_prepull.go:53.36,63.2 2 0
github.com/kubeedge/kubeedge/edge/pkg/taskmanager/v1alpha1/taskexecutor/image_prepull.go:65.58,76.16 4 0
github.com/kubeedge/kubeedge/edge/pkg/taskmanager/v1alpha1/taskexecutor/image_prepull.go:76.16,80.3 3 0
github.com/kubeedge/kubeedge/edge/pkg/taskmanager/v1alpha1/taskexecutor/image_prepull.go:83.2,87.16 2 0
github.com/kubeedge/kubeedge/edge/pkg/taskmanager/v1alpha1/taskexecutor/image_prepull.go:87.16,91.3 3 0
github.com/kubeedge/kubeedge/edge/pkg/taskmanager/v1alpha1/taskexecutor/image_prepull.go:93.2,93.12 1 0
github.com/kubeedge/kubeedge/edge/pkg/taskmanager/v1alpha1/taskexecutor/image_prepull.go:93.12,95.21 2 0
github.com/kubeedge/kubeedge/edge/pkg/taskmanager/v1alpha1/taskexecutor/image_prepull.go:95.21,98.4 2 0
github.com/kubeedge/kubeedge/edge/pkg/taskmanager/v1alpha1/taskexecutor/image_prepull.go:100.3,101.17 2 0
github.com/kubeedge/kubeedge/edge/pkg/taskmanager/v1alpha1/taskexecutor/image_prepull.go:101.17,103.4 1 0
github.com/kubeedge/kubeedge/edge/pkg/taskmanager/v1alpha1/taskexecutor/image_prepull.go:104.3,111.65 2 0
github.com/kubeedge/kubeedge/edge/pkg/taskmanager/v1alpha1/taskexecutor/image_prepull.go:113.2,113.20 1 0
github.com/kubeedge/kubeedge/edge/pkg/taskmanager/v1alpha1/taskexecutor/image_prepull.go:116.114,119.16 3 0
github.com/kubeedge/kubeedge/edge/pkg/taskmanager/v1alpha1/taskexecutor/image_prepull.go:119.16,121.3 1 0
github.com/kubeedge/kubeedge/edge/pkg/taskmanager/v1alpha1/taskexecutor/image_prepull.go:122.2,123.16 2 0
github.com/kubeedge/kubeedge/edge/pkg/taskmanager/v1alpha1/taskexecutor/image_prepull.go:123.16,125.3 1 0
github.com/kubeedge/kubeedge/edge/pkg/taskmanager/v1alpha1/taskexecutor/image_prepull.go:126.2,126.25 1 0
github.com/kubeedge/kubeedge/edge/pkg/taskmanager/v1alpha1/taskexecutor/image_prepull.go:130.36,134.16 4 0
github.com/kubeedge/kubeedge/edge/pkg/taskmanager/v1alpha1/taskexecutor/image_prepull.go:134.16,136.3 1 0
github.com/kubeedge/kubeedge/edge/pkg/taskmanager/v1alpha1/taskexecutor/image_prepull.go:138.2,139.42 2 0
github.com/kubeedge/kubeedge/edge/pkg/taskmanager/v1alpha1/taskexecutor/image_prepull.go:139.42,143.52 2 0
github.com/kubeedge/kubeedge/edge/pkg/taskmanager/v1alpha1/taskexecutor/image_prepull.go:143.52,145.18 2 0
github.com/kubeedge/kubeedge/edge/pkg/taskmanager/v1alpha1/taskexecutor/image_prepull.go:145.18,146.10 1 0
github.com/kubeedge/kubeedge/edge/pkg/taskmanager/v1alpha1/taskexecutor/image_prepull.go:149.3,149.17 1 0
github.com/kubeedge/kubeedge/edge/pkg/taskmanager/v1alpha1/taskexecutor/image_prepull.go:149.17,154.4 4 0
github.com/kubeedge/kubeedge/edge/pkg/taskmanager/v1alpha1/taskexecutor/image_prepull.go:154.9,157.4 2 0
github.com/kubeedge/kubeedge/edge/pkg/taskmanager/v1alpha1/taskexecutor/image_prepull.go:158.3,158.51 1 0
github.com/kubeedge/kubeedge/edge/pkg/taskmanager/v1alpha1/taskexecutor/image_prepull.go:161.2,161.30 1 0
github.com/kubeedge/kubeedge/edge/pkg/taskmanager/v1alpha1/taskexecutor/image_prepull.go:164.72,165.22 1 0
github.com/kubeedge/kubeedge/edge/pkg/taskmanager/v1alpha1/taskexecutor/image_prepull.go:165.22,167.3 1 0
github.com/kubeedge/kubeedge/edge/pkg/taskmanager/v1alpha1/taskexecutor/image_prepull.go:169.2,170.25 2 0
github.com/kubeedge/kubeedge/edge/pkg/taskmanager/v1alpha1/taskexecutor/image_prepull.go:170.25,172.3 1 0
github.com/kubeedge/kubeedge/edge/pkg/taskmanager/v1alpha1/taskexecutor/image_prepull.go:174.2,176.16 3 0
github.com/kubeedge/kubeedge/edge/pkg/taskmanager/v1alpha1/taskexecutor/image_prepull.go:176.16,178.3 1 0
github.com/kubeedge/kubeedge/edge/pkg/taskmanager/v1alpha1/taskexecutor/image_prepull.go:180.2,182.16 3 0
github.com/kubeedge/kubeedge/edge/pkg/taskmanager/v1alpha1/taskexecutor/image_prepull.go:182.16,184.3 1 0
github.com/kubeedge/kubeedge/edge/pkg/taskmanager/v1alpha1/taskexecutor/image_prepull.go:186.2,186.19 1 0
github.com/kubeedge/kubeedge/edge/pkg/taskmanager/v1alpha1/taskexecutor/node_backup.go:36.64,42.15 3 0
github.com/kubeedge/kubeedge/edge/pkg/taskmanager/v1alpha1/taskexecutor/node_backup.go:42.15,43.17 1 0
github.com/kubeedge/kubeedge/edge/pkg/taskmanager/v1alpha1/taskexecutor/node_backup.go:43.17,46.4 2 0
github.com/kubeedge/kubeedge/edge/pkg/taskmanager/v1alpha1/taskexecutor/node_backup.go:48.2,50.16 3 0
github.com/kubeedge/kubeedge/edge/pkg/taskmanager/v1alpha1/taskexecutor/node_backup.go:50.16,52.22 2 0
github.com/kubeedge/kubeedge/edge/pkg/taskmanager/v1alpha1/taskexecutor/node_backup.go:52.22,54.4 1 0
github.com/kubeedge/kubeedge/edge/pkg/taskmanager/v1alpha1/taskexecutor/node_backup.go:55.3,55.9 1 0
github.com/kubeedge/kubeedge/edge/pkg/taskmanager/v1alpha1/taskexecutor/node_backup.go:57.2,57.14 1 0
github.com/kubeedge/kubeedge/edge/pkg/taskmanager/v1alpha1/taskexecutor/node_backup.go:60.38,63.54 3 0
github.com/kubeedge/kubeedge/edge/pkg/taskmanager/v1alpha1/taskexecutor/node_backup.go:63.54,65.3 1 0
github.com/kubeedge/kubeedge/edge/pkg/taskmanager/v1alpha1/taskexecutor/node_backup.go:68.2,68.109 1 0
github.com/kubeedge/kubeedge/edge/pkg/taskmanager/v1alpha1/taskexecutor/node_backup.go:68.109,70.3 1 0
github.com/kubeedge/kubeedge/edge/pkg/taskmanager/v1alpha1/taskexecutor/node_backup.go:72.2,72.127 1 0
github.com/kubeedge/kubeedge/edge/pkg/taskmanager/v1alpha1/taskexecutor/node_backup.go:72.127,74.3 1 0
github.com/kubeedge/kubeedge/edge/pkg/taskmanager/v1alpha1/taskexecutor/node_backup.go:76.2,77.72 1 0
github.com/kubeedge/kubeedge/edge/pkg/taskmanager/v1alpha1/taskexecutor/node_backup.go:77.72,79.3 1 0
github.com/kubeedge/kubeedge/edge/pkg/taskmanager/v1alpha1/taskexecutor/node_backup.go:80.2,80.12 1 0
github.com/kubeedge/kubeedge/edge/pkg/taskmanager/v1alpha1/taskexecutor/node_rollback.go:31.74,37.15 3 0
github.com/kubeedge/kubeedge/edge/pkg/taskmanager/v1alpha1/taskexecutor/node_rollback.go:37.15,38.17 1 0
github.com/kubeedge/kubeedge/edge/pkg/taskmanager/v1alpha1/taskexecutor/node_rollback.go:38.17,41.4 2 0
github.com/kubeedge/kubeedge/edge/pkg/taskmanager/v1alpha1/taskexecutor/node_rollback.go:44.2,46.16 3 0
github.com/kubeedge/kubeedge/edge/pkg/taskmanager/v1alpha1/taskexecutor/node_rollback.go:46.16,48.3 1 0
github.com/kubeedge/kubeedge/edge/pkg/taskmanager/v1alpha1/taskexecutor/node_rollback.go:50.2,51.16 2 0
github.com/kubeedge/kubeedge/edge/pkg/taskmanager/v1alpha1/taskexecutor/node_rollback.go:51.16,53.3 1 0
github.com/kubeedge/kubeedge/edge/pkg/taskmanager/v1alpha1/taskexecutor/node_rollback.go:54.2,54.14 1 0
github.com/kubeedge/kubeedge/edge/pkg/taskmanager/v1alpha1/taskexecutor/node_rollback.go:57.68,67.16 6 0
github.com/kubeedge/kubeedge/edge/pkg/taskmanager/v1alpha1/taskexecutor/node_rollback.go:67.16,69.3 1 0
github.com/kubeedge/kubeedge/edge/pkg/taskmanager/v1alpha1/taskexecutor/node_rollback.go:70.2,71.12 2 0
github.com/kubeedge/kubeedge/edge/pkg/taskmanager/v1alpha1/taskexecutor/node_upgrade.go:48.33,50.2 1 0
github.com/kubeedge/kubeedge/edge/pkg/taskmanager/v1alpha1/taskexecutor/node_upgrade.go:52.36,64.2 2 0
github.com/kubeedge/kubeedge/edge/pkg/taskmanager/v1alpha1/taskexecutor/node_upgrade.go:66.67,72.15 3 0
github.com/kubeedge/kubeedge/edge/pkg/taskmanager/v1alpha1/taskexecutor/node_upgrade.go:72.15,73.17 1 0
github.com/kubeedge/kubeedge/edge/pkg/taskmanager/v1alpha1/taskexecutor/node_upgrade.go:73.17,76.4 2 0
github.com/kubeedge/kubeedge/edge/pkg/taskmanager/v1alpha1/taskexecutor/node_upgrade.go:79.2,81.16 3 0
github.com/kubeedge/kubeedge/edge/pkg/taskmanager/v1alpha1/taskexecutor/node_upgrade.go:81.16,83.3 1 0
github.com/kubeedge/kubeedge/edge/pkg/taskmanager/v1alpha1/taskexecutor/node_upgrade.go:84.2,84.32 1 0
github.com/kubeedge/kubeedge/edge/pkg/taskmanager/v1alpha1/taskexecutor/node_upgrade.go:84.32,87.3 2 0
github.com/kubeedge/kubeedge/edge/pkg/taskmanager/v1alpha1/taskexecutor/node_upgrade.go:89.2,91.16 3 0
github.com/kubeedge/kubeedge/edge/pkg/taskmanager/v1alpha1/taskexecutor/node_upgrade.go:91.16,93.3 1 0
github.com/kubeedge/kubeedge/edge/pkg/taskmanager/v1alpha1/taskexecutor/node_upgrade.go:94.2,94.36 1 0
github.com/kubeedge/kubeedge/edge/pkg/taskmanager/v1alpha1/taskexecutor/node_upgrade.go:94.36,105.79 3 0
github.com/kubeedge/kubeedge/edge/pkg/taskmanager/v1alpha1/taskexecutor/node_upgrade.go:105.79,108.4 2 0
github.com/kubeedge/kubeedge/edge/pkg/taskmanager/v1alpha1/taskexecutor/node_upgrade.go:109.3,116.67 3 0
github.com/kubeedge/kubeedge/edge/pkg/taskmanager/v1alpha1/taskexecutor/node_upgrade.go:116.67,119.4 2 0
github.com/kubeedge/kubeedge/edge/pkg/taskmanager/v1alpha1/taskexecutor/node_upgrade.go:120.3,124.4 1 0
github.com/kubeedge/kubeedge/edge/pkg/taskmanager/v1alpha1/taskexecutor/node_upgrade.go:126.2,126.50 1 0
github.com/kubeedge/kubeedge/edge/pkg/taskmanager/v1alpha1/taskexecutor/node_upgrade.go:126.50,131.3 1 0
github.com/kubeedge/kubeedge/edge/pkg/taskmanager/v1alpha1/taskexecutor/node_upgrade.go:133.2,133.36 1 0
github.com/kubeedge/kubeedge/edge/pkg/taskmanager/v1alpha1/taskexecutor/node_upgrade.go:133.36,138.3 4 0
github.com/kubeedge/kubeedge/edge/pkg/taskmanager/v1alpha1/taskexecutor/node_upgrade.go:140.2,140.50 1 0
github.com/kubeedge/kubeedge/edge/pkg/taskmanager/v1alpha1/taskexecutor/node_upgrade.go:140.50,144.3 3 0
github.com/kubeedge/kubeedge/edge/pkg/taskmanager/v1alpha1/taskexecutor/node_upgrade.go:145.2,146.16 2 0
github.com/kubeedge/kubeedge/edge/pkg/taskmanager/v1alpha1/taskexecutor/node_upgrade.go:146.16,148.3 1 0
github.com/kubeedge/kubeedge/edge/pkg/taskmanager/v1alpha1/taskexecutor/node_upgrade.go:149.2,149.14 1 0
github.com/kubeedge/kubeedge/edge/pkg/taskmanager/v1alpha1/taskexecutor/node_upgrade.go:152.102,154.16 2 0
github.com/kubeedge/kubeedge/edge/pkg/taskmanager/v1alpha1/taskexecutor/node_upgrade.go:154.16,156.3 1 0
github.com/kubeedge/kubeedge/edge/pkg/taskmanager/v1alpha1/taskexecutor/node_upgrade.go:157.2,159.16 3 0
github.com/kubeedge/kubeedge/edge/pkg/taskmanager/v1alpha1/taskexecutor/node_upgrade.go:159.16,161.3 1 0
github.com/kubeedge/kubeedge/edge/pkg/taskmanager/v1alpha1/taskexecutor/node_upgrade.go:162.2,162.25 1 0
github.com/kubeedge/kubeedge/edge/pkg/taskmanager/v1alpha1/taskexecutor/node_upgrade.go:165.63,170.44 2 0
github.com/kubeedge/kubeedge/edge/pkg/taskmanager/v1alpha1/taskexecutor/node_upgrade.go:170.44,172.3 1 0
github.com/kubeedge/kubeedge/edge/pkg/taskmanager/v1alpha1/taskexecutor/node_upgrade.go:174.2,179.16 4 0
github.com/kubeedge/kubeedge/edge/pkg/taskmanager/v1alpha1/taskexecutor/node_upgrade.go:179.16,183.3 3 0
github.com/kubeedge/kubeedge/edge/pkg/taskmanager/v1alpha1/taskexecutor/node_upgrade.go:184.2,185.16 2 0
github.com/kubeedge/kubeedge/edge/pkg/taskmanager/v1alpha1/taskexecutor/node_upgrade.go:185.16,188.3 2 0
github.com/kubeedge/kubeedge/edge/pkg/taskmanager/v1alpha1/taskexecutor/node_upgrade.go:189.2,189.8 1 0
github.com/kubeedge/kubeedge/edge/pkg/taskmanager/v1alpha1/taskexecutor/node_upgrade.go:192.102,202.16 6 0
github.com/kubeedge/kubeedge/edge/pkg/taskmanager/v1alpha1/taskexecutor/node_upgrade.go:202.16,204.3 1 0
github.com/kubeedge/kubeedge/edge/pkg/taskmanager/v1alpha1/taskexecutor/node_upgrade.go:205.2,206.12 2 0
github.com/kubeedge/kubeedge/edge/pkg/taskmanager/v1alpha1/taskexecutor/node_upgrade.go:209.72,216.16 5 0
github.com/kubeedge/kubeedge/edge/pkg/taskmanager/v1alpha1/taskexecutor/node_upgrade.go:216.16,218.3 1 0
github.com/kubeedge/kubeedge/edge/pkg/taskmanager/v1alpha1/taskexecutor/node_upgrade.go:219.2,224.16 3 0
github.com/kubeedge/kubeedge/edge/pkg/taskmanager/v1alpha1/taskexecutor/node_upgrade.go:224.16,226.3 1 0
github.com/kubeedge/kubeedge/edge/pkg/taskmanager/v1alpha1/taskexecutor/node_upgrade.go:228.2,228.34 1 0
github.com/kubeedge/kubeedge/edge/pkg/taskmanager/v1alpha1/taskexecutor/node_upgrade.go:228.34,231.17 3 0
github.com/kubeedge/kubeedge/edge/pkg/taskmanager/v1alpha1/taskexecutor/node_upgrade.go:231.17,233.4 1 0
github.com/kubeedge/kubeedge/edge/pkg/taskmanager/v1alpha1/taskexecutor/node_upgrade.go:234.3,234.38 1 0
github.com/kubeedge/kubeedge/edge/pkg/taskmanager/v1alpha1/taskexecutor/node_upgrade.go:234.38,236.4 1 0
github.com/kubeedge/kubeedge/edge/pkg/taskmanager/v1alpha1/taskexecutor/node_upgrade.go:238.2,242.16 5 0
github.com/kubeedge/kubeedge/edge/pkg/taskmanager/v1alpha1/taskexecutor/node_upgrade.go:242.16,244.3 1 0
github.com/kubeedge/kubeedge/edge/pkg/taskmanager/v1alpha1/taskexecutor/node_upgrade.go:245.2,245.12 1 0
github.com/kubeedge/kubeedge/edge/pkg/taskmanager/v1alpha1/taskexecutor/pre_check.go:40.56,48.16 3 0
github.com/kubeedge/kubeedge/edge/pkg/taskmanager/v1alpha1/taskexecutor/pre_check.go:48.16,52.3 3 0
github.com/kubeedge/kubeedge/edge/pkg/taskmanager/v1alpha1/taskexecutor/pre_check.go:53.2,55.16 3 0
github.com/kubeedge/kubeedge/edge/pkg/taskmanager/v1alpha1/taskexecutor/pre_check.go:55.16,59.3 3 0
github.com/kubeedge/kubeedge/edge/pkg/taskmanager/v1alpha1/taskexecutor/pre_check.go:61.2,68.44 4 0
github.com/kubeedge/kubeedge/edge/pkg/taskmanager/v1alpha1/taskexecutor/pre_check.go:68.44,70.10 2 0
github.com/kubeedge/kubeedge/edge/pkg/taskmanager/v1alpha1/taskexecutor/pre_check.go:70.10,72.12 2 0
github.com/kubeedge/kubeedge/edge/pkg/taskmanager/v1alpha1/taskexecutor/pre_check.go:74.3,75.17 2 0
github.com/kubeedge/kubeedge/edge/pkg/taskmanager/v1alpha1/taskexecutor/pre_check.go:75.17,78.12 3 0
github.com/kubeedge/kubeedge/edge/pkg/taskmanager/v1alpha1/taskexecutor/pre_check.go:80.3,80.27 1 0
github.com/kubeedge/kubeedge/edge/pkg/taskmanager/v1alpha1/taskexecutor/pre_check.go:82.2,82.13 1 0
github.com/kubeedge/kubeedge/edge/pkg/taskmanager/v1alpha1/taskexecutor/pre_check.go:82.13,84.3 1 0
github.com/kubeedge/kubeedge/edge/pkg/taskmanager/v1alpha1/taskexecutor/pre_check.go:85.2,87.16 3 0
github.com/kubeedge/kubeedge/edge/pkg/taskmanager/v1alpha1/taskexecutor/pre_check.go:87.16,90.3 2 0
github.com/kubeedge/kubeedge/edge/pkg/taskmanager/v1alpha1/taskexecutor/pre_check.go:91.2,92.14 2 0
github.com/kubeedge/kubeedge/edge/pkg/taskmanager/v1alpha1/taskexecutor/pre_check.go:95.23,97.16 2 0
github.com/kubeedge/kubeedge/edge/pkg/taskmanager/v1alpha1/taskexecutor/pre_check.go:97.16,99.3 1 0
github.com/kubeedge/kubeedge/edge/pkg/taskmanager/v1alpha1/taskexecutor/pre_check.go:100.2,101.34 2 0
github.com/kubeedge/kubeedge/edge/pkg/taskmanager/v1alpha1/taskexecutor/pre_check.go:101.34,103.3 1 0
github.com/kubeedge/kubeedge/edge/pkg/taskmanager/v1alpha1/taskexecutor/pre_check.go:104.2,104.25 1 0
github.com/kubeedge/kubeedge/edge/pkg/taskmanager/v1alpha1/taskexecutor/pre_check.go:104.25,106.3 1 0
github.com/kubeedge/kubeedge/edge/pkg/taskmanager/v1alpha1/taskexecutor/pre_check.go:107.2,107.12 1 0
github.com/kubeedge/kubeedge/edge/pkg/taskmanager/v1alpha1/taskexecutor/pre_check.go:110.23,112.16 2 0
github.com/kubeedge/kubeedge/edge/pkg/taskmanager/v1alpha1/taskexecutor/pre_check.go:112.16,114.3 1 0
github.com/kubeedge/kubeedge/edge/pkg/taskmanager/v1alpha1/taskexecutor/pre_check.go:115.2,116.34 2 0
github.com/kubeedge/kubeedge/edge/pkg/taskmanager/v1alpha1/taskexecutor/pre_check.go:116.34,118.3 1 0
github.com/kubeedge/kubeedge/edge/pkg/taskmanager/v1alpha1/taskexecutor/pre_check.go:119.2,119.12 1 0
github.com/kubeedge/kubeedge/edge/pkg/taskmanager/v1alpha1/taskexecutor/pre_check.go:122.24,124.16 2 0
github.com/kubeedge/kubeedge/edge/pkg/taskmanager/v1alpha1/taskexecutor/pre_check.go:124.16,126.3 1 0
github.com/kubeedge/kubeedge/edge/pkg/taskmanager/v1alpha1/taskexecutor/pre_check.go:127.2,129.34 3 0
github.com/kubeedge/kubeedge/edge/pkg/taskmanager/v1alpha1/taskexecutor/pre_check.go:129.34,131.17 2 0
github.com/kubeedge/kubeedge/edge/pkg/taskmanager/v1alpha1/taskexecutor/pre_check.go:131.17,134.12 3 0
github.com/kubeedge/kubeedge/edge/pkg/taskmanager/v1alpha1/taskexecutor/pre_check.go:136.3,136.39 1 0
github.com/kubeedge/kubeedge/edge/pkg/taskmanager/v1alpha1/taskexecutor/pre_check.go:136.39,139.12 3 0
github.com/kubeedge/kubeedge/edge/pkg/taskmanager/v1alpha1/taskexecutor/pre_check.go:141.3,141.65 1 0
github.com/kubeedge/kubeedge/edge/pkg/taskmanager/v1alpha1/taskexecutor/pre_check.go:143.2,143.13 1 0
github.com/kubeedge/kubeedge/edge/pkg/taskmanager/v1alpha1/taskexecutor/pre_check.go:143.13,145.3 1 0
github.com/kubeedge/kubeedge/edge/pkg/taskmanager/v1alpha1/taskexecutor/pre_check.go:146.2,147.16 2 0
github.com/kubeedge/kubeedge/edge/pkg/taskmanager/v1alpha1/taskexecutor/pre_check.go:147.16,149.3 1 0
github.com/kubeedge/kubeedge/edge/pkg/taskmanager/v1alpha1/taskexecutor/pre_check.go:150.2,150.35 1 0
github.com/kubeedge/kubeedge/edge/pkg/taskmanager/v1alpha1/taskexecutor/pre_check.go:153.50,159.2 1 0
github.com/kubeedge/kubeedge/edge/pkg/taskmanager/v1alpha1/taskexecutor/task_executor.go:29.13,32.2 2 0
github.com/kubeedge/kubeedge/edge/pkg/taskmanager/v1alpha1/taskexecutor/task_executor.go:44.39,46.2 1 0
github.com/kubeedge/kubeedge/edge/pkg/taskmanager/v1alpha1/taskexecutor/task_executor.go:48.107,53.2 1 0
github.com/kubeedge/kubeedge/edge/pkg/taskmanager/v1alpha1/taskexecutor/task_executor.go:55.78,57.9 2 0
github.com/kubeedge/kubeedge/edge/pkg/taskmanager/v1alpha1/taskexecutor/task_executor.go:57.9,61.3 3 0
github.com/kubeedge/kubeedge/edge/pkg/taskmanager/v1alpha1/taskexecutor/task_executor.go:62.2,62.29 1 0
github.com/kubeedge/kubeedge/edge/pkg/taskmanager/v1alpha1/taskexecutor/task_executor.go:73.47,74.34 1 0
github.com/kubeedge/kubeedge/edge/pkg/taskmanager/v1alpha1/taskexecutor/task_executor.go:74.34,76.3 1 0
github.com/kubeedge/kubeedge/edge/pkg/taskmanager/v1alpha1/taskexecutor/task_executor.go:77.2,77.28 1 0
github.com/kubeedge/kubeedge/edge/pkg/taskmanager/v1alpha1/taskexecutor/task_executor.go:80.49,82.9 2 0
github.com/kubeedge/kubeedge/edge/pkg/taskmanager/v1alpha1/taskexecutor/task_executor.go:82.9,84.3 1 0
github.com/kubeedge/kubeedge/edge/pkg/taskmanager/v1alpha1/taskexecutor/task_executor.go:85.2,85.22 1 0
github.com/kubeedge/kubeedge/edge/pkg/taskmanager/v1alpha1/taskexecutor/task_executor.go:88.59,93.2 1 0
github.com/kubeedge/kubeedge/edge/pkg/edgehub/edgehub.go:35.48,37.2 1 1
github.com/kubeedge/kubeedge/edge/pkg/edgehub/edgehub.go:39.48,43.2 3 1
github.com/kubeedge/kubeedge/edge/pkg/edgehub/edgehub.go:45.39,54.2 2 1
github.com/kubeedge/kubeedge/edge/pkg/edgehub/edgehub.go:57.54,64.2 3 1
github.com/kubeedge/kubeedge/edge/pkg/edgehub/edgehub.go:67.34,69.2 1 1
github.com/kubeedge/kubeedge/edge/pkg/edgehub/edgehub.go:72.35,74.2 1 1
github.com/kubeedge/kubeedge/edge/pkg/edgehub/edgehub.go:77.34,79.2 1 1
github.com/kubeedge/kubeedge/edge/pkg/edgehub/edgehub.go:81.62,82.66 1 0
github.com/kubeedge/kubeedge/edge/pkg/edgehub/edgehub.go:82.66,84.3 1 0
github.com/kubeedge/kubeedge/edge/pkg/edgehub/edgehub.go:85.2,88.3 1 0
github.com/kubeedge/kubeedge/edge/pkg/edgehub/edgehub.go:92.28,95.41 3 0
github.com/kubeedge/kubeedge/edge/pkg/edgehub/edgehub.go:95.41,98.3 2 0
github.com/kubeedge/kubeedge/edge/pkg/edgehub/edgehub.go:100.2,102.6 2 0
github.com/kubeedge/kubeedge/edge/pkg/edgehub/edgehub.go:102.6,103.10 1 0
github.com/kubeedge/kubeedge/edge/pkg/edgehub/edgehub.go:104.32,106.10 2 0
github.com/kubeedge/kubeedge/edge/pkg/edgehub/edgehub.go:107.11,107.11 0 0
github.com/kubeedge/kubeedge/edge/pkg/edgehub/edgehub.go:109.3,110.17 2 0
github.com/kubeedge/kubeedge/edge/pkg/edgehub/edgehub.go:110.17,113.4 2 0
github.com/kubeedge/kubeedge/edge/pkg/edgehub/edgehub.go:115.3,118.17 3 0
github.com/kubeedge/kubeedge/edge/pkg/edgehub/edgehub.go:118.17,121.12 3 0
github.com/kubeedge/kubeedge/edge/pkg/edgehub/edgehub.go:124.3,143.7 10 0
github.com/kubeedge/kubeedge/edge/pkg/edgehub/edgehub.go:143.7,144.11 1 0
github.com/kubeedge/kubeedge/edge/pkg/edgehub/edgehub.go:145.28,145.28 0 0
github.com/kubeedge/kubeedge/edge/pkg/edgehub/edgehub.go:146.12,147.16 1 0
github.com/kubeedge/kubeedge/edge/pkg/edgehub/process.go:27.42,29.16 2 0
github.com/kubeedge/kubeedge/edge/pkg/edgehub/process.go:29.16,31.3 1 0
github.com/kubeedge/kubeedge/edge/pkg/edgehub/process.go:33.2,35.12 2 0
github.com/kubeedge/kubeedge/edge/pkg/edgehub/process.go:38.58,40.2 1 1
github.com/kubeedge/kubeedge/edge/pkg/edgehub/process.go:42.34,43.6 1 1
github.com/kubeedge/kubeedge/edge/pkg/edgehub/process.go:43.6,44.10 1 1
github.com/kubeedge/kubeedge/edge/pkg/edgehub/process.go:45.32,47.10 2 0
github.com/kubeedge/kubeedge/edge/pkg/edgehub/process.go:48.11,48.11 0 1
github.com/kubeedge/kubeedge/edge/pkg/edgehub/process.go:50.3,51.17 2 1
github.com/kubeedge/kubeedge/edge/pkg/edgehub/process.go:51.17,55.4 3 1
github.com/kubeedge/kubeedge/edge/pkg/edgehub/process.go:56.3,57.45 2 1
github.com/kubeedge/kubeedge/edge/pkg/edgehub/process.go:57.45,59.4 1 1
github.com/kubeedge/kubeedge/edge/pkg/edgehub/process.go:63.61,68.16 5 1
github.com/kubeedge/kubeedge/edge/pkg/edgehub/process.go:68.16,70.3 1 1
github.com/kubeedge/kubeedge/edge/pkg/edgehub/process.go:72.2,72.12 1 1
github.com/kubeedge/kubeedge/edge/pkg/edgehub/process.go:75.35,76.6 1 1
github.com/kubeedge/kubeedge/edge/pkg/edgehub/process.go:76.6,77.10 1 1
github.com/kubeedge/kubeedge/edge/pkg/edgehub/process.go:78.32,80.10 2 0
github.com/kubeedge/kubeedge/edge/pkg/edgehub/process.go:81.11,81.11 0 1
github.com/kubeedge/kubeedge/edge/pkg/edgehub/process.go:83.3,84.17 2 1
github.com/kubeedge/kubeedge/edge/pkg/edgehub/process.go:84.17,87.12 3 0
github.com/kubeedge/kubeedge/edge/pkg/edgehub/process.go:90.3,91.17 2 1
github.com/kubeedge/kubeedge/edge/pkg/edgehub/process.go:91.17,93.12 2 0
github.com/kubeedge/kubeedge/edge/pkg/edgehub/process.go:97.3,98.17 2 1
github.com/kubeedge/kubeedge/edge/pkg/edgehub/process.go:98.17,102.4 3 1
github.com/kubeedge/kubeedge/edge/pkg/edgehub/process.go:106.32,107.6 1 1
github.com/kubeedge/kubeedge/edge/pkg/edgehub/process.go:107.6,108.10 1 1
github.com/kubeedge/kubeedge/edge/pkg/edgehub/process.go:109.32,111.10 2 0
github.com/kubeedge/kubeedge/edge/pkg/edgehub/process.go:112.11,112.11 0 1
github.com/kubeedge/kubeedge/edge/pkg/edgehub/process.go:114.3,120.17 3 1
github.com/kubeedge/kubeedge/edge/pkg/edgehub/process.go:120.17,124.4 3 1
github.com/kubeedge/kubeedge/edge/pkg/edgehub/process.go:126.3,126.67 1 1
github.com/kubeedge/kubeedge/edge/pkg/edgehub/process.go:132.53,138.18 3 0
github.com/kubeedge/kubeedge/edge/pkg/edgehub/process.go:138.18,140.3 1 0
github.com/kubeedge/kubeedge/edge/pkg/edgehub/process.go:142.2,142.34 1 0
github.com/kubeedge/kubeedge/edge/pkg/edgehub/process.go:142.34,146.3 2 0
github.com/kubeedge/kubeedge/edge/pkg/edgehub/process.go:149.37,150.39 1 0
github.com/kubeedge/kubeedge/edge/pkg/edgehub/process.go:150.39,151.7 1 0
github.com/kubeedge/kubeedge/edge/pkg/edgehub/process.go:151.7,154.4 2 0
github.com/kubeedge/kubeedge/edge/pkg/edgehub/process.go:158.52,162.16 3 1
github.com/kubeedge/kubeedge/edge/pkg/edgehub/process.go:162.16,164.3 1 0
github.com/kubeedge/kubeedge/edge/pkg/edgehub/process.go:166.2,169.35 3 1
github.com/kubeedge/kubeedge/edge/pkg/edgehub/process.go:169.35,171.3 1 0
github.com/kubeedge/kubeedge/edge/pkg/edgehub/process.go:173.2,173.12 1 1
github.com/kubeedge/kubeedge/edge/pkg/edgehub/clients/wsclient/websocket.go:45.65,47.2 1 1
github.com/kubeedge/kubeedge/edge/pkg/edgehub/clients/wsclient/websocket.go:50.42,53.16 3 1
github.com/kubeedge/kubeedge/edge/pkg/edgehub/clients/wsclient/websocket.go:53.16,56.3 2 1
github.com/kubeedge/kubeedge/edge/pkg/edgehub/clients/wsclient/websocket.go:58.2,59.16 2 1
github.com/kubeedge/kubeedge/edge/pkg/edgehub/clients/wsclient/websocket.go:59.16,61.3 1 0
github.com/kubeedge/kubeedge/edge/pkg/edgehub/clients/wsclient/websocket.go:63.2,64.48 2 1
github.com/kubeedge/kubeedge/edge/pkg/edgehub/clients/wsclient/websocket.go:64.48,66.3 1 0
github.com/kubeedge/kubeedge/edge/pkg/edgehub/clients/wsclient/websocket.go:68.2,87.34 7 1
github.com/kubeedge/kubeedge/edge/pkg/edgehub/clients/wsclient/websocket.go:87.34,89.17 2 1
github.com/kubeedge/kubeedge/edge/pkg/edgehub/clients/wsclient/websocket.go:89.17,91.4 1 1
github.com/kubeedge/kubeedge/edge/pkg/edgehub/clients/wsclient/websocket.go:91.9,95.4 3 1
github.com/kubeedge/kubeedge/edge/pkg/edgehub/clients/wsclient/websocket.go:96.3,96.31 1 1
github.com/kubeedge/kubeedge/edge/pkg/edgehub/clients/wsclient/websocket.go:98.2,98.71 1 0
github.com/kubeedge/kubeedge/edge/pkg/edgehub/clients/wsclient/websocket.go:102.38,104.2 1 0
github.com/kubeedge/kubeedge/edge/pkg/edgehub/clients/wsclient/websocket.go:107.63,108.27 1 1
github.com/kubeedge/kubeedge/edge/pkg/edgehub/clients/wsclient/websocket.go:108.27,110.3 1 0
github.com/kubeedge/kubeedge/edge/pkg/edgehub/clients/wsclient/websocket.go:111.2,112.16 2 1
github.com/kubeedge/kubeedge/edge/pkg/edgehub/clients/wsclient/websocket.go:112.16,114.3 1 0
github.com/kubeedge/kubeedge/edge/pkg/edgehub/clients/wsclient/websocket.go:115.2,115.51 1 1
github.com/kubeedge/kubeedge/edge/pkg/edgehub/clients/wsclient/websocket.go:119.62,123.2 3 1
github.com/kubeedge/kubeedge/edge/pkg/edgehub/clients/wsclient/websocket.go:126.55,128.2 1 0
github.com/kubeedge/kubeedge/edge/pkg/taskmanager/hub_connected_hooker.go:38.53,40.43 2 1
github.com/kubeedge/kubeedge/edge/pkg/taskmanager/hub_connected_hooker.go:40.43,43.3 2 1
github.com/kubeedge/kubeedge/edge/pkg/taskmanager/hub_connected_hooker.go:44.2,45.16 2 0
github.com/kubeedge/kubeedge/edge/pkg/taskmanager/hub_connected_hooker.go:45.16,47.3 1 0
github.com/kubeedge/kubeedge/edge/pkg/taskmanager/hub_connected_hooker.go:49.2,51.16 3 0
github.com/kubeedge/kubeedge/edge/pkg/taskmanager/hub_connected_hooker.go:51.16,53.3 1 0
github.com/kubeedge/kubeedge/edge/pkg/taskmanager/hub_connected_hooker.go:54.2,54.37 1 0
github.com/kubeedge/kubeedge/edge/pkg/taskmanager/hub_connected_hooker.go:54.37,56.3 1 0
github.com/kubeedge/kubeedge/edge/pkg/taskmanager/hub_connected_hooker.go:58.2,59.24 2 0
github.com/kubeedge/kubeedge/edge/pkg/taskmanager/hub_connected_hooker.go:60.36,61.66 1 0
github.com/kubeedge/kubeedge/edge/pkg/taskmanager/hub_connected_hooker.go:62.37,63.67 1 0
github.com/kubeedge/kubeedge/edge/pkg/taskmanager/hub_connected_hooker.go:64.10,68.13 2 0
github.com/kubeedge/kubeedge/edge/pkg/taskmanager/hub_connected_hooker.go:70.2,86.61 4 0
github.com/kubeedge/kubeedge/edge/pkg/taskmanager/hub_connected_hooker.go:86.61,88.3 1 0
github.com/kubeedge/kubeedge/edge/pkg/taskmanager/hub_connected_hooker.go:92.2,92.69 1 0
github.com/kubeedge/kubeedge/edge/pkg/taskmanager/hub_connected_hooker.go:92.69,94.17 2 0
github.com/kubeedge/kubeedge/edge/pkg/taskmanager/hub_connected_hooker.go:94.17,96.4 1 0
github.com/kubeedge/kubeedge/edge/pkg/taskmanager/hub_connected_hooker.go:97.3,98.104 1 0
github.com/kubeedge/kubeedge/edge/pkg/taskmanager/hub_connected_hooker.go:99.8,104.45 2 0
github.com/kubeedge/kubeedge/edge/pkg/taskmanager/hub_connected_hooker.go:104.45,106.4 1 0
github.com/kubeedge/kubeedge/edge/pkg/taskmanager/hub_connected_hooker.go:108.2,108.12 1 0
github.com/kubeedge/kubeedge/edge/pkg/taskmanager/task_runner.go:28.19,30.2 1 0
github.com/kubeedge/kubeedge/edge/pkg/taskmanager/task_runner.go:33.40,36.19 3 1
github.com/kubeedge/kubeedge/edge/pkg/taskmanager/task_runner.go:36.19,38.3 1 1
github.com/kubeedge/kubeedge/edge/pkg/taskmanager/task_runner.go:39.2,40.16 2 0
github.com/kubeedge/kubeedge/edge/pkg/taskmanager/task_runner.go:40.16,42.3 1 0
github.com/kubeedge/kubeedge/edge/pkg/taskmanager/task_runner.go:43.2,44.12 2 0
github.com/kubeedge/kubeedge/edge/pkg/taskmanager/taskmanager.go:45.45,53.2 3 0
github.com/kubeedge/kubeedge/edge/pkg/taskmanager/taskmanager.go:55.34,57.2 1 0
github.com/kubeedge/kubeedge/edge/pkg/taskmanager/taskmanager.go:59.35,61.2 1 0
github.com/kubeedge/kubeedge/edge/pkg/taskmanager/taskmanager.go:63.37,65.2 1 0
github.com/kubeedge/kubeedge/edge/pkg/taskmanager/taskmanager.go:67.65,68.66 1 0
github.com/kubeedge/kubeedge/edge/pkg/taskmanager/taskmanager.go:68.66,70.3 1 0
github.com/kubeedge/kubeedge/edge/pkg/taskmanager/taskmanager.go:71.2,74.3 1 0
github.com/kubeedge/kubeedge/edge/pkg/taskmanager/taskmanager.go:77.30,79.6 2 1
github.com/kubeedge/kubeedge/edge/pkg/taskmanager/taskmanager.go:79.6,80.10 1 1
github.com/kubeedge/kubeedge/edge/pkg/taskmanager/taskmanager.go:81.21,83.10 2 0
github.com/kubeedge/kubeedge/edge/pkg/taskmanager/taskmanager.go:84.11,84.11 0 1
github.com/kubeedge/kubeedge/edge/pkg/taskmanager/taskmanager.go:86.3,87.17 2 1
github.com/kubeedge/kubeedge/edge/pkg/taskmanager/taskmanager.go:87.17,90.12 3 0
github.com/kubeedge/kubeedge/edge/pkg/taskmanager/taskmanager.go:92.3,95.54 2 1
github.com/kubeedge/kubeedge/edge/pkg/taskmanager/taskmanager.go:95.54,96.50 1 1
github.com/kubeedge/kubeedge/edge/pkg/taskmanager/taskmanager.go:96.50,98.5 1 0
github.com/kubeedge/kubeedge/edge/pkg/taskmanager/taskmanager.go:99.4,99.12 1 1
github.com/kubeedge/kubeedge/edge/pkg/taskmanager/taskmanager.go:102.3,103.55 2 0
github.com/kubeedge/kubeedge/edge/pkg/taskmanager/taskmanager.go:103.55,105.4 1 0
github.com/kubeedge/kubeedge/edge/pkg/taskmanager/taskmanager.go:105.9,107.4 1 0
github.com/kubeedge/kubeedge/edge/pkg/taskmanager/taskmanager.go:108.3,108.13 1 0
github.com/kubeedge/kubeedge/edge/pkg/taskmanager/taskmanager.go:108.13,109.40 1 0
github.com/kubeedge/kubeedge/edge/pkg/taskmanager/taskmanager.go:109.40,111.5 1 0
